timestamp,open,high,low,close,volume
1781795700000,63530.0,63571.0,63169.0,63208.9,1337.9946
1781796600000,63210.1,63350.0,62663.0,62758.5,1912.1932
1781797500000,62750.1,62848.4,62254.9,62335.2,1440.8941
1781798400000,62334.5,62692.3,62315.1,62597.6,644.771
1781799300000,62597.7,62728.8,62478.7,62562.1,316.9723
1781800200000,62562.0,62732.4,62471.5,62683.0,261.2669
1781801100000,62683.0,62785.0,62600.2,62658.6,180.4959
1781802000000,62659.9,62671.8,62380.1,62471.8,420.8917
1781802900000,62471.9,62607.5,62232.6,62551.9,451.3396
1781803800000,62552.3,62721.9,62484.8,62621.6,339.3705
1781804700000,62621.2,62698.5,62487.8,62584.4,261.0393
1781805600000,62586.4,62714.7,62550.5,62677.2,131.6186
1781806500000,62676.7,62928.4,62588.1,62815.0,452.7332
1781807400000,62815.1,62815.1,62642.6,62739.1,233.6443
1781808300000,62739.1,62851.0,62588.7,62677.0,196.0608
1781809200000,62677.0,62707.7,62600.1,62652.5,51.8803
1781810100000,62652.5,62786.5,62609.3,62747.8,140.5461
1781811000000,62747.9,62956.3,62739.1,62935.7,113.2149
1781811900000,62935.6,62977.0,62871.6,62919.5,165.2685
1781812800000,62919.7,63200.0,62919.7,63138.2,556.6677
1781813700000,63138.1,63231.0,63062.1,63083.4,166.291
1781814600000,63083.5,63143.9,63018.7,63107.8,85.3788
1781815500000,63107.8,63107.9,63008.2,63059.1,172.6533
1781816400000,63059.0,63096.1,62876.9,62889.8,375.9076
1781817300000,62889.7,63021.0,62834.3,62924.9,364.0681
1781818200000,62924.9,62960.1,62835.7,62884.5,96.6919
1781819100000,62884.5,62970.8,62856.2,62934.5,102.051
1781820000000,62934.4,62959.7,62875.1,62888.3,35.9765
1781820900000,62888.3,62897.1,62742.8,62799.5,145.9373
1781821800000,62800.0,62823.6,62707.0,62781.2,154.9497
1781822700000,62781.3,62864.0,62746.7,62849.3,62.4655
1781823600000,62849.3,62897.7,62721.2,62724.7,66.8095
1781824500000,62724.7,62848.9,62720.9,62848.9,34.5689
1781825400000,62848.9,62909.3,62848.9,62881.1,50.2484
1781826300000,62881.2,62956.7,62823.1,62921.7,69.0889
1781827200000,62921.8,62953.9,62810.7,62834.5,69.9541
1781828100000,62834.5,62963.2,62820.0,62937.7,53.1795
1781829000000,62937.7,63028.3,62926.3,63028.3,77.3419
1781829900000,63028.3,63057.9,62942.9,62983.6,63.1999
1781830800000,62983.7,63056.1,62865.0,62939.1,85.0396
1781831700000,62939.0,63070.9,62889.2,62891.8,79.4822
1781832600000,62891.7,62927.4,62812.5,62880.5,67.5132
1781833500000,62880.5,63004.6,62880.5,62992.9,56.7246
1781834400000,62992.9,63091.1,62983.4,62993.8,141.3814
1781835300000,62993.8,63037.4,62917.7,62920.4,47.4445
1781836200000,62920.3,62991.3,62883.5,62910.2,77.6631
1781837100000,62910.2,62991.9,62856.6,62972.8,45.7424
1781838000000,62972.9,62999.0,62678.4,62708.4,147.3499
1781838900000,62708.5,62826.7,62354.3,62809.7,686.0202
1781839800000,62809.7,62809.8,62580.0,62670.0,261.2834
1781840700000,62669.9,62786.7,62589.0,62745.2,137.9689
1781841600000,62745.1,62849.6,62580.0,62842.9,157.5416
1781842500000,62843.0,62889.9,62673.8,62696.1,97.3621
1781843400000,62696.0,62701.8,62500.0,62582.5,204.359
1781844300000,62582.6,62652.0,62378.7,62419.9,191.8013
1781845200000,62419.9,62638.1,62419.9,62638.0,175.9894
1781846100000,62638.1,62638.1,62538.6,62579.7,97.3945
1781847000000,62579.8,62643.4,62524.0,62622.6,67.0559
1781847900000,62622.6,62714.1,62619.1,62706.9,140.1577
1781848800000,62706.8,62821.9,62691.7,62821.3,120.2642
1781849700000,62821.3,62826.2,62728.2,62808.5,101.0645
1781850600000,62808.5,62855.2,62701.2,62797.4,86.5012
1781851500000,62797.4,62885.3,62733.6,62861.0,163.8947
1781852400000,62860.9,62890.1,62746.7,62746.8,143.3624
1781853300000,62746.8,62798.7,62688.3,62710.6,132.6769
1781854200000,62710.7,62797.4,62467.8,62517.7,466.2564
1781855100000,62517.7,62648.4,62471.1,62593.5,1252.3786
1781856000000,62593.4,62645.0,62521.6,62638.8,159.2906
1781856900000,62638.7,62685.9,62562.7,62638.7,172.7602
1781857800000,62638.6,62752.9,62549.0,62623.1,356.0731
1781858700000,62623.0,62649.4,62533.1,62564.9,109.8885
1781859600000,62564.9,62621.0,62296.9,62395.5,424.3463
1781860500000,62395.4,62443.3,62279.0,62345.3,249.2775
1781861400000,62345.3,62466.8,62345.3,62388.5,400.9328
1781862300000,62388.6,62397.6,62301.7,62353.4,212.7625
1781863200000,62353.4,62528.6,62349.2,62518.5,282.5193
1781864100000,62518.5,62518.6,62397.6,62472.9,184.5241
1781865000000,62472.9,62473.0,62382.5,62385.9,144.5222
1781865900000,62385.9,62564.2,62371.7,62501.6,110.8757
1781866800000,62501.7,62541.8,62418.1,62462.3,133.1995
1781867700000,62462.2,62655.1,62428.7,62614.2,235.9192
1781868600000,62614.1,62652.9,62555.5,62631.3,175.6202
1781869500000,62630.5,62656.7,62569.4,62599.3,87.4722
1781870400000,62599.3,62650.5,62567.4,62590.2,79.4989
1781871300000,62590.1,62590.2,62460.0,62528.4,174.0289
1781872200000,62528.4,62568.8,62374.5,62477.9,160.88
1781873100000,62478.0,62840.7,62317.1,62796.2,594.2455
1781874000000,62796.2,62949.1,62720.3,62751.8,394.0327
1781874900000,62751.8,62766.2,62630.1,62760.8,263.7133
1781875800000,62759.9,63069.0,62712.8,63061.9,659.992
1781876700000,63059.3,63374.2,63037.8,63175.4,829.61
1781877600000,63172.6,63225.9,63006.3,63057.9,508.2608
1781878500000,63057.8,63267.5,62976.9,63237.9,341.9499
1781879400000,63238.0,63381.9,63138.3,63276.0,444.5031
1781880300000,63276.1,63333.0,63162.5,63171.7,260.7236
1781881200000,63171.7,63229.7,63080.7,63148.2,290.0459
1781882100000,63149.9,63184.2,62987.7,63028.4,188.1134
1781883000000,63028.4,63259.1,63028.4,63215.4,304.1634
1781883900000,63215.4,63253.0,63168.6,63189.2,220.4848
1781884800000,63189.1,63368.3,63066.4,63355.9,453.7348
1781885700000,63353.8,63355.1,63233.5,63289.4,255.7388
1781886600000,63285.0,63343.9,63213.2,63213.2,166.6105
1781887500000,63213.0,63213.1,62900.0,62941.1,419.0822
1781888400000,62941.8,63001.7,62861.9,62972.3,300.1545
1781889300000,62972.2,63087.9,62837.0,62895.0,205.4072
1781890200000,62894.8,63082.7,62881.3,63070.5,156.1018
1781891100000,63070.5,63200.4,63006.0,63164.5,208.0911
1781892000000,63164.2,63169.0,63080.1,63133.3,113.1726
1781892900000,63133.3,63138.9,63080.3,63085.4,52.0674
1781893800000,63085.4,63149.0,62955.9,63025.6,199.7598
1781894700000,63025.7,63111.1,62983.7,63078.0,105.4192
1781895600000,63078.1,63087.9,62973.5,63029.4,163.0539
1781896500000,63029.4,63033.1,62910.1,62969.6,80.8049
1781897400000,62969.3,62999.0,62925.1,62970.1,53.8769
1781898300000,62970.2,63112.4,62953.3,62999.0,154.7893
1781899200000,63000.6,63054.9,62980.4,63050.9,172.4755
1781900100000,63051.0,63052.6,62928.3,63052.6,42.786
1781901000000,63052.5,63070.5,63000.4,63068.6,32.2593
1781901900000,63068.7,63249.5,63065.8,63216.9,161.3571
1781902800000,63217.0,63248.0,63124.0,63240.8,107.7708
1781903700000,63240.8,63240.8,63125.7,63130.6,51.0597
1781904600000,63130.5,63139.7,63060.6,63060.7,53.4157
1781905500000,63060.7,63104.1,63023.8,63049.5,82.7922
1781906400000,63049.5,63082.1,63017.4,63068.2,46.2149
1781907300000,63068.2,63270.8,63068.0,63232.3,104.4335
1781908200000,63232.3,63313.5,63204.7,63290.1,77.4369
1781909100000,63290.2,63340.0,63266.2,63285.7,54.3541
1781910000000,63285.7,63310.0,63242.3,63260.0,76.4982
1781910900000,63260.1,63303.9,63248.3,63287.9,37.8289
1781911800000,63287.9,63333.0,63265.2,63298.0,63.6949
1781912700000,63297.9,63642.7,63264.6,63510.9,527.8889
1781913600000,63511.0,63580.9,63434.6,63492.9,248.0619
1781914500000,63492.9,63617.4,63433.0,63588.5,117.1111
1781915400000,63588.6,63750.0,63500.0,63574.6,241.7217
1781916300000,63574.6,63577.9,63482.1,63494.2,81.6304
1781917200000,63494.2,63513.3,63399.2,63422.7,68.0988
1781918100000,63422.4,63490.7,63369.5,63479.2,60.3317
1781919000000,63478.9,63589.0,63478.9,63538.9,125.2746
1781919900000,63539.0,63557.1,63513.3,63548.5,92.1323
1781920800000,63547.9,63548.0,63433.3,63440.8,125.6434
1781921700000,63440.8,63440.8,63357.5,63378.5,50.0664
1781922600000,63379.5,63467.9,63331.7,63369.5,153.5847
1781923500000,63369.5,63398.0,63305.6,63306.6,74.1269
1781924400000,63306.5,63351.6,63286.1,63323.1,111.4452
1781925300000,63323.1,63422.8,63323.1,63417.6,101.7952
1781926200000,63417.5,63483.2,63381.1,63455.1,147.8641
1781927100000,63455.1,63482.1,63398.6,63443.4,59.5269
1781928000000,63443.3,63445.9,63365.1,63395.2,111.8496
1781928900000,63395.1,63540.8,63392.4,63534.6,133.1036
1781929800000,63534.6,63585.1,63467.1,63577.5,164.3077
1781930700000,63577.6,63580.6,63507.3,63552.3,83.2003
1781931600000,63552.3,63875.6,63505.7,63781.3,615.0899
1781932500000,63779.6,63800.0,63600.7,63604.4,155.32
1781933400000,63604.3,63701.4,63603.9,63607.7,140.3181
1781934300000,63607.7,63672.8,63560.0,63643.7,231.5331
1781935200000,63643.7,63679.5,63607.8,63654.2,223.4756
1781936100000,63654.1,63731.2,63607.0,63665.8,93.8169
1781937000000,63665.9,63721.0,63656.7,63720.9,48.2614
1781937900000,63720.9,63723.9,63686.7,63707.0,214.5318
1781938800000,63706.7,63706.8,63560.8,63634.6,199.8178
1781939700000,63635.2,63756.2,63630.4,63752.9,150.0816
1781940600000,63752.9,63769.0,63681.6,63715.6,83.0671
1781941500000,63715.5,63739.2,63615.0,63620.5,207.904
1781942400000,63620.6,63626.1,63474.1,63515.5,422.8337
1781943300000,63515.5,63548.6,63442.2,63447.7,94.8006
1781944200000,63447.8,63461.9,63400.0,63422.5,122.3796
1781945100000,63422.5,63431.9,63358.1,63389.2,135.8766
1781946000000,63389.1,63502.0,63389.1,63487.5,386.1539
1781946900000,63487.5,63555.0,63477.6,63537.1,170.4493
1781947800000,63535.7,63685.8,63524.3,63670.6,379.0587
1781948700000,63670.7,63754.0,63605.0,63701.7,252.8148
1781949600000,63701.7,63748.1,63655.4,63658.9,176.8122
1781950500000,63658.8,63691.9,63615.0,63647.9,258.21
1781951400000,63647.8,63665.6,63561.8,63572.3,99.9209
1781952300000,63572.4,63655.5,63572.3,63649.0,52.8614
1781953200000,63649.0,63682.6,63585.4,63635.5,115.7571
1781954100000,63635.5,63707.4,63628.1,63663.5,53.8648
1781955000000,63663.6,63705.0,63650.0,63693.4,25.0978
1781955900000,63693.5,63771.1,63649.6,63650.1,91.9814
1781956800000,63650.1,63754.0,63643.2,63725.5,119.4785
1781957700000,63725.5,63736.6,63669.6,63706.7,71.0743
1781958600000,63706.7,63718.0,63551.8,63591.6,189.0407
1781959500000,63591.6,63625.7,63516.6,63624.8,180.185
1781960400000,63624.9,63633.4,63553.7,63553.7,52.8906
1781961300000,63553.7,63590.5,63242.9,63316.9,543.9743
1781962200000,63317.0,63437.5,63312.8,63422.1,268.3321
1781963100000,63422.1,63460.8,63330.9,63365.4,168.2881
1781964000000,63365.4,63387.5,63169.0,63186.9,285.1036
1781964900000,63186.9,63343.9,63186.8,63343.9,146.757
1781965800000,63343.8,63489.5,63310.3,63477.7,185.9856
1781966700000,63477.6,64128.0,63467.4,63927.5,1363.3518
1781967600000,63927.6,64018.6,63810.0,63978.0,308.2945
1781968500000,63978.0,64358.0,63933.5,64164.3,923.1501
1781969400000,64164.3,64183.5,64048.3,64084.2,203.1209
1781970300000,64084.2,64177.3,64050.0,64125.3,184.2978
1781971200000,64129.2,64142.0,63948.2,63968.7,243.1365
1781972100000,63970.0,64076.5,63953.0,63964.0,195.049
1781973000000,63964.0,64030.9,63874.2,63972.8,256.0743
1781973900000,63972.9,64019.3,63932.6,63998.5,100.6464
1781974800000,63998.8,63998.8,63861.3,63925.3,156.0223
1781975700000,63925.2,63959.2,63840.0,63958.3,134.8091
1781976600000,63960.0,64010.0,63724.0,63832.4,326.4928
1781977500000,63832.4,63850.0,63780.1,63810.2,50.7774
1781978400000,63810.2,63898.8,63764.1,63795.6,96.4925
1781979300000,63795.5,63854.9,63795.5,63835.1,122.0702
1781980200000,63835.0,63902.5,63752.0,63787.8,30.6632
1781981100000,63787.7,63815.5,63752.2,63776.2,242.4538
1781982000000,63776.2,63900.2,63762.8,63868.0,97.6764
1781982900000,63868.0,63900.6,63816.2,63835.3,61.6906
1781983800000,63835.3,63937.4,63809.3,63909.3,52.2394
1781984700000,63909.2,63921.3,63885.3,63908.0,29.7068
1781985600000,63908.1,63949.1,63887.8,63934.3,61.9336
1781986500000,63934.3,63948.4,63874.1,63880.2,30.7588
1781987400000,63880.1,63890.6,63822.6,63849.0,66.2422
1781988300000,63849.0,63908.5,63846.5,63902.4,68.9552
1781989200000,63902.4,64021.2,63895.7,63959.7,64.3768
1781990100000,63959.8,63962.2,63895.7,63902.6,58.2973
1781991000000,63902.6,64020.5,63887.9,63999.9,33.1637
1781991900000,63999.8,64067.5,63962.4,63984.1,107.922
1781992800000,63984.0,64135.6,63951.2,64105.4,90.0216
1781993700000,64105.4,64300.0,64040.4,64271.9,181.5499
1781994600000,64271.7,64320.0,64215.0,64250.0,126.9427
1781995500000,64250.0,64289.9,64221.3,64242.6,50.5021
1781996400000,64242.5,64269.9,64218.6,64228.0,59.6998
1781997300000,64227.9,64289.0,64224.4,64233.6,34.1099
1781998200000,64233.6,64306.1,64225.8,64303.6,219.1754
1781999100000,64303.6,64312.5,64245.2,64265.6,39.81
1782000000000,64265.6,64300.0,64209.5,64230.0,61.3648
1782000900000,64229.9,64279.9,64204.8,64234.2,78.9892
1782001800000,64234.2,64288.7,64204.8,64259.1,74.1496
1782002700000,64259.0,64287.3,64204.0,64262.0,34.4837
1782003600000,64262.1,64289.8,64216.7,64220.5,42.7903
1782004500000,64220.5,64236.6,64204.8,64212.4,44.2643
1782005400000,64212.4,64260.0,64190.6,64223.2,180.8143
1782006300000,64223.3,64285.8,64215.7,64216.6,47.1303
1782007200000,64216.0,64232.0,64196.9,64231.9,35.6476
1782008100000,64231.9,64231.9,64189.6,64201.1,86.3702
1782009000000,64201.2,64237.9,64185.0,64212.7,37.9632
1782009900000,64212.6,64250.0,64212.0,64214.8,33.1046
1782010800000,64214.9,64265.9,64202.0,64265.9,32.2006
1782011700000,64265.9,64444.4,64246.1,64325.1,261.9081
1782012600000,64325.1,64422.0,64266.3,64420.8,160.3181
1782013500000,64420.8,64421.1,64371.3,64394.7,115.5856
1782014400000,64394.5,64399.9,64347.0,64374.0,52.9355
1782015300000,64374.1,64540.4,64374.0,64495.8,326.6663
1782016200000,64495.9,64547.7,64453.7,64453.7,327.6602
1782017100000,64453.7,64453.8,64235.4,64249.2,237.7493
1782018000000,64249.1,64275.6,64200.0,64205.1,77.6367
1782018900000,64205.2,64275.2,64185.5,64271.1,76.9162
1782019800000,64271.1,64338.2,64254.1,64267.6,79.861
1782020700000,64267.6,64267.6,64200.0,64220.8,63.0953
1782021600000,64220.8,64231.7,64165.5,64181.1,81.6523
1782022500000,64181.1,64266.3,64178.0,64249.5,82.6337
1782023400000,64249.5,64297.3,64221.7,64279.6,54.2527
1782024300000,64279.7,64292.3,64258.6,64269.0,83.3068
1782025200000,64269.0,64269.8,64209.8,64225.5,88.73
1782026100000,64225.4,64241.7,64142.6,64142.6,122.8984
1782027000000,64142.7,64217.5,64139.9,64217.5,154.7805
1782027900000,64217.9,64228.8,64145.0,64170.1,104.7905
1782028800000,64170.1,64195.6,64088.4,64094.2,152.5107
1782029700000,64094.1,64094.5,64023.5,64023.7,128.1789
1782030600000,64023.7,64041.5,63868.9,63956.8,297.2667
1782031500000,63956.7,63987.1,63893.1,63987.0,147.9587
1782032400000,63988.0,64000.0,63924.9,63943.1,107.4228
1782033300000,63943.1,64066.1,63927.6,64018.0,99.7186
1782034200000,64018.1,64221.3,64018.1,64109.0,189.075
1782035100000,64109.1,64201.9,64082.8,64181.9,150.0495
1782036000000,64183.2,64255.0,64170.0,64247.5,109.7067
1782036900000,64247.5,64353.7,64212.4,64276.8,206.3692
1782037800000,64276.8,64354.6,64265.5,64313.7,86.072
1782038700000,64313.7,64378.9,64290.6,64329.9,124.9081
1782039600000,64330.0,64456.0,64300.0,64387.7,176.8647
1782040500000,64383.4,64383.4,64081.7,64354.2,273.0731
1782041400000,64353.3,64370.0,64200.0,64254.8,196.1004
1782042300000,64254.7,64256.0,64077.9,64144.7,183.1916
1782043200000,64144.7,64205.7,64020.7,64046.4,145.4952
1782044100000,64046.3,64079.2,63948.3,63983.8,144.0223
1782045000000,63983.8,64052.6,63915.7,64023.2,204.8058
1782045900000,64023.2,64189.1,64020.0,64163.9,202.0847
1782046800000,64163.9,64163.9,64078.3,64088.9,110.7019
1782047700000,64088.8,64152.4,64087.2,64134.1,46.646
1782048600000,64134.2,64137.6,63982.1,64013.3,113.517
1782049500000,64013.3,64115.9,64006.6,64115.9,126.5734
1782050400000,64115.9,64121.3,64023.7,64040.4,73.5065
1782051300000,64040.4,64062.4,63973.7,64006.1,147.5952
1782052200000,64006.1,64058.7,63966.9,64026.7,102.6846
1782053100000,64026.7,64124.5,63979.5,64119.3,121.8202
1782054000000,64119.2,64271.5,64084.1,64172.2,230.4132
1782054900000,64172.3,64249.5,64153.7,64226.8,88.778
1782055800000,64226.7,64320.0,64161.1,64264.6,136.4426
1782056700000,64264.6,64300.1,64187.2,64195.2,166.9274
1782057600000,64195.2,64218.6,64070.4,64115.0,160.9764
1782058500000,64114.9,64230.2,64085.9,64155.7,113.8945
1782059400000,64155.7,64165.5,64011.0,64071.8,164.4612
1782060300000,64075.9,64183.3,64073.1,64115.0,41.8812
1782061200000,64115.0,64193.0,64081.7,64175.8,75.233
1782062100000,64175.8,64179.9,64069.1,64069.2,45.3214
1782063000000,64069.1,64100.8,64039.9,64096.2,80.5626
1782063900000,64096.1,64157.2,64096.1,64112.9,78.242
1782064800000,64112.9,64129.5,63918.3,63979.3,195.872
1782065700000,63979.3,64032.9,63943.4,64010.4,167.2163
1782066600000,64010.5,64217.4,64002.8,64149.4,259.7667
1782067500000,64149.3,64184.2,64106.9,64174.9,153.6395
1782068400000,64174.9,64270.0,64130.9,64184.1,68.9676
1782069300000,64184.1,64212.2,64152.2,64191.1,31.1739
1782070200000,64191.1,64211.7,64141.7,64181.7,47.354
1782071100000,64181.7,64200.0,64147.6,64170.6,21.0755
1782072000000,64170.7,64238.4,64097.9,64135.7,123.442
1782072900000,64135.8,64141.0,64020.0,64085.0,202.9972
1782073800000,64085.4,64100.0,63929.0,63944.3,94.2787
1782074700000,63944.3,63949.9,63669.1,63815.4,540.1226
1782075600000,63818.2,63848.1,63497.5,63595.5,524.5331
1782076500000,63595.6,63755.4,63471.6,63662.2,230.0764
1782077400000,63662.1,63926.2,63661.8,63859.2,208.6774
1782078300000,63859.2,63898.8,63750.2,63774.4,211.8392
1782079200000,63774.1,63829.1,63540.6,63602.1,217.0402
1782080100000,63602.1,63747.1,63601.9,63697.6,149.6756
1782081000000,63695.9,63695.9,63546.9,63642.0,194.3701
1782081900000,63642.1,63832.6,63626.8,63769.8,107.3281
1782082800000,63769.7,63769.8,63586.5,63678.0,77.1712
1782083700000,63676.6,63761.3,63598.7,63604.0,56.5344
1782084600000,63604.1,63632.1,63262.4,63292.4,634.377
1782085500000,63292.4,63360.1,63241.9,63283.5,188.024
1782086400000,63283.5,63564.5,63282.9,63477.3,447.5003
1782087300000,63477.3,63738.5,63466.7,63696.9,353.4133
1782088200000,63696.8,64069.0,63668.0,63884.5,537.3175
1782089100000,63884.5,63976.2,63700.6,63861.0,196.4778
1782090000000,63865.9,64029.5,63814.8,63865.5,204.2985
1782090900000,63865.5,64780.0,63865.5,64621.1,1361.1842
1782091800000,64621.1,64702.2,64346.0,64487.1,520.6583
1782092700000,64487.2,64665.7,64450.8,64573.2,555.4826
1782093600000,64572.9,64650.0,64470.0,64521.4,155.2306
1782094500000,64521.2,64617.4,64477.6,64511.4,108.6192
1782095400000,64511.4,64557.8,64433.7,64462.0,70.08
1782096300000,64462.0,64495.1,64215.4,64228.4,271.797
1782097200000,64228.4,64231.6,63863.7,64019.2,438.8545
1782098100000,64019.2,64433.1,64019.1,64255.8,308.4632
1782099000000,64255.9,64413.3,64128.3,64150.6,132.1994
1782099900000,64150.1,64180.5,63885.4,63936.8,282.7304
1782100800000,63936.9,63989.0,63835.4,63936.6,438.1335
1782101700000,63936.6,64007.5,63868.8,63937.9,112.2548
1782102600000,63937.9,64029.8,63921.7,63924.7,98.0014
1782103500000,63924.6,64080.0,63922.9,64065.2,88.2053
1782104400000,64065.2,64265.3,64055.1,64253.6,252.5027
1782105300000,64253.2,64253.2,64171.0,64208.7,135.8214
1782106200000,64208.8,64311.9,64140.0,64235.7,156.4242
1782107100000,64235.6,64237.5,64151.5,64219.8,86.374
1782108000000,64219.7,64298.5,64118.4,64193.6,120.2476
1782108900000,64193.7,64209.7,64057.9,64093.5,179.8624
1782109800000,64093.5,64120.0,63967.5,63977.5,210.3306
1782110700000,63977.5,64024.0,63916.4,63961.8,161.5815
1782111600000,63961.7,64222.0,63935.9,64183.0,210.3984
1782112500000,64182.7,64278.3,64174.9,64234.8,79.7161
1782113400000,64234.9,64367.4,64215.7,64223.7,146.2652
1782114300000,64223.8,64244.5,64134.6,64178.2,91.9903
1782115200000,64178.2,64290.0,64075.0,64290.0,62.2396
1782116100000,64286.9,64323.7,64160.7,64164.8,189.9744
1782117000000,64164.9,64241.7,64010.1,64233.1,807.021
1782117900000,64233.4,64260.0,64074.5,64134.4,517.6938
1782118800000,64134.3,64227.4,64115.1,64154.8,70.7468
1782119700000,64154.9,64173.7,64063.3,64086.9,86.7838
1782120600000,64086.9,64163.6,64020.2,64096.5,145.345
1782121500000,64096.5,64119.7,64060.1,64114.9,98.6924
1782122400000,64115.0,64250.2,64098.2,64186.2,142.3481
1782123300000,64186.1,64214.9,64116.5,64149.1,58.4334
1782124200000,64149.0,64174.8,64046.4,64057.9,60.6846
1782125100000,64060.8,64146.3,64060.8,64112.3,26.0848
1782126000000,64112.2,64376.0,64068.6,64280.4,174.3543
1782126900000,64280.4,64436.4,64200.2,64343.3,100.5074
1782127800000,64343.2,64731.3,64343.2,64591.8,372.2766
1782128700000,64591.3,64745.8,64539.3,64625.8,220.8323
1782129600000,64625.8,64879.3,64551.1,64722.2,349.8492
1782130500000,64722.2,64959.3,64661.6,64921.5,383.4748
1782131400000,64922.2,65154.0,64800.0,65031.8,483.1139
1782132300000,65031.7,65187.0,64959.7,65119.0,544.9301
1782133200000,65119.1,65175.0,65002.2,65112.7,137.4651
1782134100000,65112.2,65130.5,64918.4,64967.8,132.9854
1782135000000,64968.0,65426.9,64956.1,65376.9,598.1551
1782135900000,65371.8,65561.8,65332.4,65545.0,548.5141
1782136800000,65544.9,65595.3,65249.4,65270.9,306.0937
1782137700000,65271.0,65277.0,64941.3,64941.3,389.6095
1782138600000,64941.4,65043.8,64832.0,64872.7,461.8718
1782139500000,64873.5,65017.6,64810.0,64941.4,132.0659
1782140400000,64941.4,65110.0,64877.0,65050.0,154.0718
1782141300000,65049.3,65075.8,64900.0,65017.8,66.6353
1782142200000,65017.8,65096.0,64985.3,65033.6,43.7971
1782143100000,65033.6,65047.5,64719.9,64805.0,229.4697
1782144000000,64805.0,64831.8,64626.0,64702.9,171.562
1782144900000,64702.9,64763.3,64617.7,64659.9,158.728
1782145800000,64659.8,64665.2,64513.5,64554.3,287.0403
1782146700000,64554.3,64776.0,64484.9,64693.9,175.145
1782147600000,64693.8,64746.3,64598.9,64650.9,84.9511
1782148500000,64651.0,64673.3,64500.1,64500.1,99.3158
1782149400000,64500.0,64500.0,64355.6,64400.3,386.8166
1782150300000,64400.5,64632.5,64399.0,64579.8,134.6786
1782151200000,64579.7,64711.3,64579.7,64650.1,229.5724
1782152100000,64650.1,64696.6,64545.7,64575.9,231.1096
1782153000000,64575.9,64597.0,64478.6,64488.4,106.3968
1782153900000,64488.6,64489.7,64285.0,64312.0,149.7705
1782154800000,64312.2,64397.1,64286.0,64383.8,90.0523
1782155700000,64383.9,64411.3,64268.8,64322.1,79.241
1782156600000,64322.2,64426.9,64320.6,64374.3,46.2025
1782157500000,64374.3,64476.7,64249.4,64467.1,139.4478
1782158400000,64453.3,64635.0,64447.0,64497.4,215.0552
1782159300000,64497.4,64520.8,64327.7,64382.3,87.2657
1782160200000,64382.2,64475.6,64382.2,64457.0,36.8172
1782161100000,64455.6,64459.0,64363.4,64410.6,39.9666
1782162000000,64410.6,64459.0,64321.7,64369.8,35.6416
1782162900000,64369.9,64369.9,64216.7,64272.8,79.3028
1782163800000,64272.7,64301.9,64112.3,64153.5,157.3479
1782164700000,64153.5,64290.9,64140.8,64290.9,29.6267
1782165600000,64290.9,64370.2,64236.1,64275.9,55.0444
1782166500000,64275.9,64283.8,63886.5,64006.3,237.4998
1782167400000,64007.6,64098.6,63779.8,63817.7,185.1124
1782168300000,63819.4,63980.0,63800.2,63945.3,60.5832
1782169200000,63945.2,63989.4,63856.3,63911.0,47.3816
1782170100000,63912.3,64022.8,63860.5,64013.2,65.4476
1782171000000,64013.2,64013.2,63922.5,63961.4,33.9275
1782171900000,63961.3,64019.7,63919.3,63991.7,20.7649
1782172800000,63991.6,64001.6,63859.9,63931.3,30.1559
1782173700000,63931.3,63977.5,63801.6,63831.9,96.4171
1782174600000,63831.9,64083.2,63831.8,64079.7,144.324
1782175500000,64079.9,64129.4,64015.1,64121.6,77.6897
1782176400000,64121.7,64244.0,64094.7,64183.7,87.8403
1782177300000,64183.7,64235.9,64110.6,64174.3,93.6248
1782178200000,64174.4,64212.5,63965.8,64024.1,174.7412
1782179100000,64024.0,64148.8,63858.1,64122.8,100.562
1782180000000,64122.8,64160.0,64006.3,64086.3,35.8071
1782180900000,64086.4,64198.0,64086.3,64140.2,34.2095
1782181800000,64140.2,64220.0,64130.0,64172.4,48.8048
1782182700000,64172.4,64241.5,64130.3,64166.8,46.333
1782183600000,64166.7,64173.5,63936.8,63992.5,83.1105
1782184500000,63992.5,64070.0,63980.9,64067.3,53.7553
1782185400000,64067.3,64067.4,63936.5,63970.0,78.3543
1782186300000,63969.4,64054.5,63962.6,64038.0,31.9381
1782187200000,64038.0,64067.1,63979.7,64026.5,93.3405
1782188100000,64026.5,64027.1,63880.0,63954.5,56.8008
1782189000000,63954.5,63954.6,63778.1,63785.2,94.7499
1782189900000,63785.1,63838.5,63582.4,63596.9,254.1841
1782190800000,63597.5,63705.2,63576.9,63594.0,80.7733
1782191700000,63594.0,63656.1,63365.9,63450.8,240.7684
1782192600000,63450.8,63493.2,63351.4,63413.7,119.6513
1782193500000,63412.9,63433.0,63331.9,63371.3,149.8744
1782194400000,63371.3,63372.0,63090.0,63184.6,449.1323
1782195300000,63184.4,63247.5,62535.0,62738.8,1113.1381
1782196200000,62740.5,62963.4,62656.2,62913.2,364.1284
1782197100000,62913.2,63006.9,62846.7,62905.4,199.9408
1782198000000,62905.3,63025.0,62846.2,62997.3,121.4855
1782198900000,62997.2,63057.7,62945.6,62968.8,94.9396
1782199800000,62965.5,63000.0,62837.4,62862.0,926.6252
1782200700000,62862.0,62957.7,62824.8,62849.7,84.9346
1782201600000,62849.7,62915.2,62612.3,62635.3,158.6957
1782202500000,62636.1,62652.3,61889.0,62002.0,1192.8654
1782203400000,62002.0,62400.6,62000.0,62346.8,400.7421
1782204300000,62346.8,62420.6,62270.4,62349.9,177.2805
1782205200000,62350.0,62432.0,62312.0,62402.2,114.6276
1782206100000,62402.2,62477.5,62402.2,62476.4,105.5732
1782207000000,62476.4,62477.0,62305.8,62328.8,129.3312
1782207900000,62328.8,62390.1,62311.5,62349.6,126.5113
1782208800000,62350.1,62548.9,62348.9,62429.3,211.2598
1782209700000,62429.4,62444.0,62295.2,62335.8,169.0426
1782210600000,62335.4,62351.7,62209.2,62231.1,163.7163
1782211500000,62231.1,62314.3,62222.0,62288.8,199.1178
1782212400000,62287.8,62382.4,62287.6,62355.0,80.1847
1782213300000,62355.0,62545.2,62353.7,62512.9,246.9845
1782214200000,62512.9,62600.0,62500.0,62531.8,111.0454
1782215100000,62531.8,62572.6,62388.8,62475.8,74.5012
1782216000000,62475.7,62529.7,62372.2,62400.9,100.4281
1782216900000,62400.8,62422.8,62307.8,62373.7,45.5076
1782217800000,62373.8,62448.6,62268.0,62307.5,86.4284
1782218700000,62307.4,62309.2,62177.4,62229.6,176.9692
1782219600000,62229.6,62260.8,62043.3,62149.9,280.3912
1782220500000,62148.1,62150.0,61990.9,62020.9,301.2455
1782221400000,62025.1,62429.7,61929.3,62368.7,690.3445
1782222300000,62368.4,62508.7,62247.7,62449.3,334.2514
1782223200000,62448.0,62709.7,62400.0,62705.3,318.9885
1782224100000,62705.1,62820.6,62423.4,62545.1,521.5224
1782225000000,62545.1,62746.0,62426.3,62487.9,378.019
1782225900000,62489.8,62581.8,62375.6,62463.7,131.2452
1782226800000,62463.8,62480.0,62283.1,62354.4,133.8404
1782227700000,62350.7,62351.7,62167.5,62249.9,101.4578
1782228600000,62249.9,62468.7,62249.0,62267.0,133.5019
1782229500000,62267.1,62459.5,62177.2,62458.2,109.7132
1782230400000,62458.1,62800.5,62396.7,62754.8,506.4481
1782231300000,62754.8,62778.3,62537.0,62554.6,211.0592
1782232200000,62554.5,62630.0,62545.4,62592.4,79.5446
1782233100000,62592.4,62611.9,62464.2,62520.1,89.0338
1782234000000,62520.1,62522.6,62378.5,62400.0,136.8613
1782234900000,62400.1,62639.0,62400.1,62614.7,69.626
1782235800000,62614.7,62662.8,62467.9,62499.4,81.4751
1782236700000,62499.4,62524.9,62301.2,62325.5,84.8605
1782237600000,62325.6,62420.3,62236.4,62340.5,94.7261
1782238500000,62340.4,62379.5,62289.5,62319.7,46.1037
1782239400000,62319.7,62319.7,62115.3,62121.0,152.5468
1782240300000,62120.9,62243.1,62073.7,62211.4,305.6213
1782241200000,62211.3,62399.9,62200.5,62341.0,197.6169
1782242100000,62340.9,62417.4,62223.8,62414.3,84.2196
1782243000000,62414.3,62452.2,62275.3,62275.3,65.3033
1782243900000,62275.2,62397.9,62248.9,62365.2,35.8964
1782244800000,62366.1,62506.1,62365.7,62414.4,68.9502
1782245700000,62414.4,62490.6,62379.7,62463.5,55.9925
1782246600000,62461.7,62465.9,62420.5,62446.3,43.1998
1782247500000,62446.2,62449.1,62345.9,62438.5,21.8882
1782248400000,62438.5,62586.4,62438.5,62486.9,68.7606
1782249300000,62486.9,62545.5,62442.4,62542.9,18.7949
1782250200000,62543.0,62605.7,62520.1,62589.4,62.1056
1782251100000,62589.5,62629.1,62549.0,62565.1,42.7496
1782252000000,62565.0,62740.0,62554.7,62714.2,108.5121
1782252900000,62714.1,62749.3,62526.8,62581.3,73.6679
1782253800000,62581.4,62597.6,62500.1,62514.2,22.2779
1782254700000,62514.3,62587.6,62486.9,62559.8,40.0752
1782255600000,62559.7,62583.3,62466.3,62487.1,25.2559
1782256500000,62487.7,62654.8,62487.6,62631.0,14.359
1782257400000,62631.0,62647.8,62559.7,62586.6,14.472
1782258300000,62586.5,62771.5,62578.4,62697.3,91.245
1782259200000,62697.4,62885.8,62655.3,62863.3,284.8554
1782260100000,62865.5,62899.8,62781.8,62819.3,98.5142
1782261000000,62819.3,62997.1,62762.1,62925.0,152.9036
1782261900000,62924.9,62994.7,62868.0,62983.9,98.2219
1782262800000,62985.0,62995.8,62822.1,62952.6,114.6043
1782263700000,62951.8,62951.9,62744.4,62882.9,139.1042
1782264600000,62883.0,63097.9,62881.5,62918.3,340.0087
1782265500000,62918.2,62998.9,62900.9,62906.8,74.037
1782266400000,62906.9,62990.3,62785.8,62849.3,114.3786
1782267300000,62848.6,62848.7,62646.1,62739.3,126.8191
1782268200000,62739.3,62774.3,62588.0,62701.1,92.103
1782269100000,62701.1,62744.0,62572.0,62602.2,73.7659
1782270000000,62602.1,62658.8,62538.5,62562.4,66.7686
1782270900000,62562.3,62644.5,62429.7,62642.3,113.8966
1782271800000,62642.3,62803.8,62642.0,62772.3,73.3972
1782272700000,62772.4,62799.9,62697.7,62705.5,65.9391
1782273600000,62705.6,62729.4,62610.8,62640.6,42.7586
1782274500000,62640.5,62674.9,62499.7,62563.6,73.4997
1782275400000,62563.5,62723.2,62563.2,62631.9,32.0366
1782276300000,62632.0,62773.7,62631.9,62720.4,38.9201
1782277200000,62720.5,62820.2,62679.8,62759.3,39.1112
1782278100000,62759.3,62861.8,62740.6,62853.1,67.9537
1782279000000,62853.3,63048.4,62825.1,62901.9,151.3213
1782279900000,62901.9,62935.4,62830.0,62860.7,107.2288
1782280800000,62860.7,62873.0,62736.4,62811.1,122.1154
1782281700000,62811.2,62886.7,62757.2,62825.8,55.6484
1782282600000,62825.7,62852.5,62756.1,62756.1,87.5832
1782283500000,62756.0,62765.0,62698.2,62756.0,110.7461
1782284400000,62756.0,62820.5,62659.2,62789.3,781.8186
1782285300000,62789.3,62792.5,62641.6,62641.7,238.6324
1782286200000,62641.7,62706.3,62600.4,62671.3,76.1738
1782287100000,62671.3,62706.3,62580.0,62627.4,77.1911
1782288000000,62627.5,62669.2,62575.2,62635.8,40.4197
1782288900000,62635.8,62695.4,62617.4,62684.2,86.1733
1782289800000,62684.2,62775.7,62641.8,62766.8,304.2473
1782290700000,62766.9,62778.1,62720.0,62770.9,52.4186
1782291600000,62770.9,62771.0,62650.1,62751.6,40.0161
1782292500000,62751.6,62756.5,62650.6,62654.4,78.3876
1782293400000,62654.4,62680.6,62608.5,62640.7,77.1721
1782294300000,62640.7,62691.8,62606.4,62657.4,119.2909
1782295200000,62657.4,62657.4,62530.0,62585.2,83.5892
1782296100000,62585.2,62610.9,62465.3,62512.4,108.0214
1782297000000,62515.2,62603.8,62485.2,62569.6,111.5414
1782297900000,62569.6,62600.0,62393.1,62415.6,193.383
1782298800000,62415.6,62449.5,62290.3,62347.6,360.2031
1782299700000,62347.6,62389.5,62286.4,62350.1,144.1428
1782300600000,62350.1,62721.5,62350.1,62709.3,305.696
1782301500000,62708.5,63182.6,62688.6,62888.0,820.1925
1782302400000,62888.0,62942.4,62776.0,62802.5,282.6231
1782303300000,62802.7,62863.7,62728.3,62792.6,231.3936
1782304200000,62792.6,62879.2,62730.8,62816.9,219.7529
1782305100000,62817.0,62830.5,62550.0,62589.0,175.8765
1782306000000,62588.9,62599.1,61951.7,62009.1,841.8312
1782306900000,62009.1,62200.0,61662.4,61824.2,768.6831
1782307800000,61823.8,62120.0,61382.0,61465.3,1108.6628
1782308700000,61459.6,61625.0,61226.3,61303.7,996.1405
1782309600000,61303.6,61443.1,61089.3,61211.2,624.9918
1782310500000,61209.0,61300.0,60866.9,61203.1,1096.5126
1782311400000,61202.2,61351.1,61029.0,61137.4,451.2255
1782312300000,61137.3,61224.0,60927.2,61085.6,269.624
1782313200000,61085.6,61093.2,60825.0,60868.5,433.8938
1782314100000,60869.2,61111.0,60801.5,60849.1,285.7784
1782315000000,60849.0,60854.2,60515.0,60547.2,969.5843
1782315900000,60547.5,60558.1,60233.0,60250.5,921.3029
1782316800000,60250.1,60530.5,60189.6,60492.1,771.4462
1782317700000,60492.0,60639.6,60401.9,60520.8,388.9294
1782318600000,60520.7,60538.5,60143.0,60231.9,432.4092
1782319500000,60231.3,60244.0,59359.7,59808.2,1365.0149
1782320400000,59808.2,60017.4,59684.9,59802.1,575.0374
1782321300000,59802.1,59840.2,59302.3,59645.3,844.2917
1782322200000,59646.3,59720.6,59244.2,59295.6,388.0742
1782323100000,59293.5,59460.5,59061.3,59365.0,699.0126
1782324000000,59364.8,59598.0,59272.3,59567.3,319.9534
1782324900000,59566.1,59891.8,59543.0,59677.3,491.0197
1782325800000,59677.4,59719.1,59455.1,59527.4,342.474
1782326700000,59527.5,59620.5,59381.4,59569.5,266.0013
1782327600000,59580.0,59701.6,59492.9,59650.5,170.9333
1782328500000,59650.5,59803.0,59566.9,59792.4,94.7781
1782329400000,59789.1,59872.0,59698.4,59754.1,120.7709
1782330300000,59754.1,59959.4,59709.0,59927.7,137.2774
1782331200000,59927.1,60797.3,59817.2,60643.6,670.3496
1782332100000,60642.1,60795.4,60551.0,60738.8,273.5219
1782333000000,60738.8,60883.0,60645.1,60850.1,198.99
1782333900000,60850.0,61187.4,60831.8,60927.3,300.0481
1782334800000,60927.3,60993.8,60633.4,60691.8,297.2907
1782335700000,60690.6,60874.1,60657.0,60819.7,75.928
1782336600000,60819.7,61108.9,60762.0,61052.9,149.6599
1782337500000,61053.1,61110.0,60968.7,61073.5,139.7476
1782338400000,61073.5,61232.7,60966.7,60969.9,187.0322
1782339300000,60969.9,60985.3,60850.8,60857.0,180.6089
1782340200000,60857.0,60924.6,60780.9,60891.9,155.2746
1782341100000,60891.9,60892.8,60788.9,60848.0,91.6854
1782342000000,60848.0,60924.5,60775.5,60858.9,158.1525
1782342900000,60859.3,61000.0,60809.1,60953.2,293.8896
1782343800000,60953.1,61037.5,60922.4,61000.0,219.7764
1782344700000,61000.1,61086.1,60909.2,61051.7,192.1427
1782345600000,61051.7,61139.5,60998.6,61069.7,188.9523
1782346500000,61069.7,61079.1,60889.4,60893.3,202.0212
1782347400000,60893.4,60957.7,60805.6,60810.4,124.0642
1782348300000,60810.4,60890.0,60708.3,60785.4,219.8102
1782349200000,60785.4,60853.0,60702.0,60736.9,132.7399
1782350100000,60741.1,60911.1,60690.0,60826.3,143.7256
1782351000000,60826.3,60877.0,60777.3,60791.5,37.1735
1782351900000,60791.5,60958.6,60770.1,60887.4,101.9608
1782352800000,60887.3,60930.0,60689.0,60749.4,57.5718
1782353700000,60749.4,60914.4,60718.2,60898.9,50.1644
1782354600000,60898.9,60905.6,60721.4,60732.4,66.2239
1782355500000,60732.4,60792.4,60670.0,60761.2,56.6883
1782356400000,60761.2,60841.2,60686.7,60728.5,129.0915
1782357300000,60728.5,60810.8,60654.6,60761.8,70.5997
1782358200000,60761.8,60815.5,60713.5,60720.3,84.3694
1782359100000,60721.5,60871.6,60721.4,60853.0,62.4838
1782360000000,60852.9,60876.5,60785.2,60787.3,52.083
1782360900000,60787.4,60886.4,60755.1,60868.8,54.8259
1782361800000,60868.8,60947.7,60778.8,60947.7,84.7698
1782362700000,60947.7,61379.4,60938.1,61321.1,283.9312
1782363600000,61321.1,61702.4,61240.6,61613.6,501.0618
1782364500000,61613.7,61777.0,61447.0,61579.8,242.8049
1782365400000,61579.8,61621.1,61492.1,61495.0,70.7811
1782366300000,61494.6,61644.6,61433.0,61564.3,77.7355
1782367200000,61564.3,61729.9,61561.4,61681.4,66.4914
1782368100000,61680.0,61763.6,61609.7,61634.4,67.6421
1782369000000,61634.3,61728.7,61617.6,61725.4,75.1081
1782369900000,61725.4,61820.0,61679.1,61691.3,167.553
1782370800000,61691.3,61796.4,61632.0,61720.9,315.4031
1782371700000,61720.8,61859.6,61720.8,61771.2,395.9646
1782372600000,61771.2,61930.0,61766.1,61880.0,178.1688
1782373500000,61880.1,61910.7,61773.8,61881.7,108.1935
1782374400000,61881.7,61900.0,61720.7,61765.7,177.2672
1782375300000,61765.8,61766.5,61676.0,61748.4,141.2401
1782376200000,61748.3,61750.0,61680.1,61724.5,107.1774
1782377100000,61723.6,61770.0,61647.2,61682.6,214.6443
1782378000000,61682.5,61759.4,61646.5,61709.3,112.9751
1782378900000,61709.2,61738.9,61578.8,61661.0,315.7738
1782379800000,61661.0,61743.5,61651.1,61719.5,89.2829
1782380700000,61719.6,61751.1,61669.5,61702.2,68.3568
1782381600000,61702.2,61727.5,61620.9,61652.0,47.2451
1782382500000,61651.9,61719.9,61537.5,61550.1,202.2567
1782383400000,61550.2,61567.3,61361.9,61363.4,180.4912
1782384300000,61363.4,61373.4,61234.0,61241.0,270.8589
1782385200000,61240.9,61337.3,61032.6,61330.3,476.3877
1782386100000,61330.6,61393.0,61211.9,61214.2,220.8468
1782387000000,61214.2,61362.2,61214.1,61292.9,197.383
1782387900000,61292.8,61292.9,61121.6,61256.5,111.24
1782388800000,61256.5,61353.4,61127.3,61192.0,99.6314
1782389700000,61190.8,61241.8,61046.4,61074.7,151.6617
1782390600000,61074.7,61716.2,61072.4,61352.3,618.176
1782391500000,61352.2,61384.0,61127.0,61215.3,167.8949
1782392400000,61215.3,61339.1,61139.9,61295.7,104.3894
1782393300000,61295.6,61336.6,61163.0,61209.2,59.7948
1782394200000,61209.1,61308.8,60045.3,60048.7,1100.1735
1782395100000,60048.1,60228.2,58073.0,58260.8,2740.6245
1782396000000,58261.7,59700.0,58255.0,59222.9,1993.0733
1782396900000,59223.0,59529.9,58757.1,59295.0,981.2499
1782397800000,59294.0,60459.7,59150.1,59459.6,1219.3315
1782398700000,59459.6,59770.1,59321.2,59447.3,496.4768
1782399600000,59447.3,59447.3,59021.9,59032.7,676.8799
1782400500000,59032.7,59361.3,58843.8,59239.8,516.9538
1782401400000,59239.9,59517.5,59061.4,59166.4,441.093
1782402300000,59166.5,59613.3,59140.4,59532.8,380.7183
1782403200000,59532.7,60027.5,59435.7,59727.4,433.7195
1782404100000,59727.5,59814.6,59645.2,59715.8,143.9598
1782405000000,59715.8,59715.9,59205.5,59234.3,430.4705
1782405900000,59239.1,59369.0,59127.1,59281.4,193.5254
1782406800000,59281.4,59433.5,59113.2,59365.0,167.1535
1782407700000,59365.1,59570.7,59311.4,59525.0,250.6049
1782408600000,59528.0,59710.5,59462.7,59502.6,167.1197
1782409500000,59502.3,59658.8,59410.0,59650.6,196.144
1782410400000,59650.6,59764.2,59365.3,59367.0,158.298
1782411300000,59367.0,59721.9,59367.0,59689.1,145.6579
1782412200000,59689.2,59690.2,59370.0,59400.0,155.0762
1782413100000,59400.0,59569.5,59328.9,59468.2,141.4969
1782414000000,59471.6,59491.2,59195.2,59220.6,175.7908
1782414900000,59220.0,59339.9,59148.4,59318.7,230.3429
1782415800000,59318.6,59410.7,59250.1,59275.2,253.5566
1782416700000,59273.9,59334.1,59160.0,59295.0,123.7995
1782417600000,59295.0,59718.7,59295.0,59550.4,248.8545
1782418500000,59550.9,59711.4,59530.1,59596.2,318.8298
1782419400000,59596.1,59637.3,59385.2,59495.2,153.7849
1782420300000,59495.1,59497.1,59311.7,59429.8,150.3076
1782421200000,59429.7,59595.4,59375.0,59592.1,170.8233
1782422100000,59592.0,59684.7,59526.5,59684.6,187.3624
1782423000000,59684.7,59982.1,59672.1,59932.0,345.8741
1782423900000,59932.0,60236.4,59863.7,60181.2,363.5121
1782424800000,60180.0,60180.0,59851.5,59860.2,171.6713
1782425700000,59860.6,59987.1,59749.7,59763.1,103.6113
1782426600000,59763.1,59860.9,59706.6,59765.6,58.8921
1782427500000,59765.6,59898.8,59706.0,59813.5,21.1073
1782428400000,59806.0,59924.0,59761.1,59920.1,27.0142
1782429300000,59920.1,60150.0,59898.2,60069.3,115.4216
1782430200000,60069.4,60166.3,59931.8,59951.6,148.5947
1782431100000,59951.6,59951.6,59709.1,59768.2,95.0198
1782432000000,59768.5,59878.5,59740.0,59856.3,59.5316
1782432900000,59856.2,59856.9,59674.7,59745.0,114.8159
1782433800000,59744.7,59847.4,59670.7,59760.0,33.0584
1782434700000,59760.2,59793.5,59605.1,59632.4,53.3614
1782435600000,59631.5,59756.4,59420.0,59567.0,233.7187
1782436500000,59566.8,59637.7,59251.1,59268.5,146.4989
1782437400000,59268.4,59349.1,59200.7,59287.7,113.1745
1782438300000,59282.5,59413.7,59244.4,59409.5,156.8797
1782439200000,59409.5,59427.9,58625.6,58650.3,507.5578
1782440100000,58650.0,58861.1,58326.3,58857.6,447.6223
1782441000000,58858.1,58989.0,58668.8,58789.0,370.3486
1782441900000,58788.9,58799.4,58404.5,58537.9,340.2448
1782442800000,58538.0,58941.8,58300.0,58867.3,379.8772
1782443700000,58864.7,59161.7,58772.1,59067.0,268.8197
1782444600000,59066.9,59514.6,58981.4,59460.9,723.3708
1782445500000,59461.1,60090.0,59453.2,60009.2,575.8766
1782446400000,60009.1,60067.4,59807.8,59884.5,497.4307
1782447300000,59884.4,60200.0,59858.7,59962.7,325.458
1782448200000,59962.1,59996.7,59868.1,59947.7,115.7869
1782449100000,59948.6,59955.6,59807.8,59896.2,96.6483
1782450000000,59895.7,59950.0,59811.8,59950.0,79.0096
1782450900000,59950.0,60019.9,59702.4,59932.1,201.9434
1782451800000,59932.1,60021.2,59836.8,59857.8,119.6491
1782452700000,59857.8,59943.0,59758.8,59915.4,96.9908
1782453600000,59915.4,59915.5,59672.6,59683.2,131.2744
1782454500000,59683.1,60068.9,59682.2,60013.7,195.4225
1782455400000,60014.6,60378.0,59922.8,60357.7,414.9809
1782456300000,60356.9,60428.2,60205.6,60298.6,169.0303
1782457200000,60297.3,60506.5,60253.1,60488.4,164.8593
1782458100000,60488.4,60662.0,60420.0,60557.4,303.4086
1782459000000,60559.3,60729.5,60523.0,60555.8,225.8112
1782459900000,60555.7,60604.5,60465.4,60491.0,90.4905
1782460800000,60489.9,60535.4,60198.2,60236.5,198.479
1782461700000,60240.6,60342.3,60152.5,60279.7,201.3331
1782462600000,60279.7,60316.8,60116.6,60183.5,78.7222
1782463500000,60183.4,60248.8,60117.5,60214.0,108.3206
1782464400000,60213.9,60226.6,60042.7,60138.9,233.6521
1782465300000,60138.9,60147.5,60050.0,60100.1,46.9147
1782466200000,60099.0,60103.1,59915.3,59973.0,206.3334
1782467100000,59973.0,60000.0,59558.0,59706.3,606.7534
1782468000000,59707.6,59795.5,59622.9,59717.5,218.928
1782468900000,59717.5,59831.4,59695.8,59699.7,145.0057
1782469800000,59699.7,59786.0,59428.9,59529.9,430.1928
1782470700000,59529.9,59550.0,59211.7,59290.3,266.6424
1782471600000,59290.4,59576.5,59230.4,59463.3,471.231
1782472500000,59463.3,59479.4,59340.0,59394.0,177.4723
1782473400000,59394.1,59499.8,59360.2,59417.9,170.1861
1782474300000,59417.9,59430.0,59254.4,59391.1,263.4629
1782475200000,59391.0,59494.7,59320.9,59435.6,249.1261
1782476100000,59435.6,59708.6,59430.1,59707.9,322.298
1782477000000,59708.6,59970.0,58938.6,59115.8,1187.1079
1782477900000,59115.9,59566.2,59038.4,59163.5,545.6952
1782478800000,59163.7,59251.4,58928.3,59070.9,555.9595
1782479700000,59071.0,59147.6,58486.5,58889.1,586.0456
1782480600000,58864.0,59488.7,58815.0,59454.6,768.6826
1782481500000,59454.7,60186.5,59300.3,60145.7,827.1558
1782482400000,60149.8,60270.3,59786.8,59959.5,800.806
1782483300000,59955.4,60225.7,59800.0,60031.5,462.9811
1782484200000,60033.7,60036.6,59526.8,59577.1,449.1489
1782485100000,59577.3,59885.7,59363.2,59570.6,544.0092
1782486000000,59568.3,60066.9,59539.4,59801.0,507.4438
1782486900000,59801.1,60350.0,59755.1,60162.0,648.3247
1782487800000,60162.1,60475.4,60108.0,60397.8,589.2011
1782488700000,60397.9,60411.4,60100.8,60296.4,2240.0746
1782489600000,60298.1,60555.0,60125.1,60154.2,764.5374
1782490500000,60154.4,60256.7,59942.7,60021.6,450.3635
1782491400000,60022.3,60360.4,60022.3,60039.2,369.9312
1782492300000,60039.2,60150.0,59984.7,60015.3,181.1299
1782493200000,60015.4,60262.8,59984.5,60190.9,274.4807
1782494100000,60190.8,60226.5,60014.0,60155.2,129.9111
1782495000000,60155.2,60192.0,59926.5,60040.2,329.7912
1782495900000,60040.6,60086.8,59927.0,59997.8,81.1273
1782496800000,59997.7,60134.0,59986.1,60063.7,111.1759
1782497700000,60063.7,60089.3,59785.6,59806.0,207.9219
1782498600000,59805.9,59861.7,59717.7,59752.3,231.5083
1782499500000,59753.1,59753.3,59540.4,59645.6,205.1499
1782500400000,59645.5,60075.0,59590.1,60001.7,528.189
1782501300000,60001.7,60001.7,59854.2,59912.3,138.2276
1782502200000,59912.1,60072.4,59858.2,59858.4,238.1938
1782503100000,59858.4,59900.0,59741.0,59741.0,92.066
1782504000000,59740.0,59964.0,59657.3,59701.4,156.5056
1782504900000,59701.4,59791.6,59678.7,59755.0,107.1515
1782505800000,59754.9,59760.0,59564.5,59628.2,81.2044
1782506700000,59628.3,59777.2,59618.2,59691.5,52.1062
1782507600000,59691.7,59743.4,59644.6,59735.1,194.2933
1782508500000,59735.2,59859.0,59658.4,59847.3,58.8965
1782509400000,59847.3,60026.1,59831.5,59998.1,92.9502
1782510300000,59999.3,60018.9,59886.3,59886.8,101.122
1782511200000,59886.8,59925.0,59720.2,59881.5,64.1345
1782512100000,59881.4,59951.4,59862.2,59863.0,53.15
1782513000000,59863.0,59954.3,59835.1,59931.8,42.2064
1782513900000,59931.7,60054.5,59888.1,60011.0,85.2748
1782514800000,60010.9,60090.3,59985.3,60053.8,35.2375
1782515700000,60055.0,60058.3,59944.3,59944.7,28.9975
1782516600000,59944.6,60058.6,59906.0,60033.1,97.8235
1782517500000,60033.1,60089.9,60026.0,60072.7,36.803
1782518400000,60072.7,60170.6,60038.0,60085.2,215.798
1782519300000,60085.2,60099.9,60003.4,60019.8,23.9552
1782520200000,60019.9,60019.9,59850.6,59949.7,147.4909
1782521100000,59949.8,60048.1,59920.7,60031.6,93.5126
1782522000000,60033.1,60044.1,59933.4,59942.0,46.9809
1782522900000,59944.8,59987.1,59915.3,59972.2,57.6744
1782523800000,59972.2,59978.3,59904.0,59942.9,27.3046
1782524700000,59942.9,59973.6,59910.4,59922.6,81.4377
1782525600000,59920.5,60099.8,59894.1,60090.6,111.8514
1782526500000,60090.5,60350.4,60057.1,60272.3,123.1927
1782527400000,60272.2,60295.6,60169.5,60256.1,66.9818
1782528300000,60256.0,60331.4,60236.4,60257.3,73.0277
1782529200000,60256.0,60384.7,60135.0,60144.3,103.2506
1782530100000,60144.3,60319.9,60139.0,60286.5,92.716
1782531000000,60286.8,60365.1,60252.4,60279.8,91.1336
1782531900000,60279.9,60335.1,60226.1,60276.6,62.253
1782532800000,60276.5,60428.6,60276.5,60380.2,129.4979
1782533700000,60380.3,60452.9,60347.4,60364.6,100.7366
1782534600000,60364.6,60418.8,60327.5,60348.2,64.9542
1782535500000,60348.3,60351.0,60187.7,60216.7,79.7269
1782536400000,60216.8,60286.7,60172.0,60279.2,44.7349
1782537300000,60279.2,60279.2,60133.0,60133.5,65.0747
1782538200000,60133.7,60207.5,60106.6,60199.7,43.2981
1782539100000,60199.7,60247.2,60191.7,60209.1,93.5288
1782540000000,60209.2,60214.2,60087.2,60121.9,83.4317
1782540900000,60122.0,60206.6,60095.0,60178.6,88.8352
1782541800000,60178.6,60417.1,60178.5,60381.6,125.5659
1782542700000,60381.5,60461.0,60319.2,60343.8,121.7274
1782543600000,60343.9,60366.9,60265.6,60293.8,90.7869
1782544500000,60293.8,60419.7,60283.5,60398.7,70.7844
1782545400000,60399.1,60439.9,60355.7,60418.5,71.1383
1782546300000,60418.4,60550.0,60418.4,60520.0,116.5922
1782547200000,60520.5,60534.5,60420.3,60460.7,101.845
1782548100000,60460.6,60499.0,60418.6,60424.8,51.4142
1782549000000,60424.7,60434.6,60341.6,60347.5,73.1664
1782549900000,60347.6,60496.9,60347.4,60424.1,85.2138
1782550800000,60424.1,60472.7,60317.3,60331.9,102.4468
1782551700000,60331.9,60348.5,60260.1,60341.5,72.6896
1782552600000,60341.6,60420.0,60341.5,60368.0,44.7578
1782553500000,60368.0,60417.2,60358.7,60390.7,73.623
1782554400000,60390.8,60449.2,60374.4,60449.0,147.4185
1782555300000,60448.9,60463.1,60412.2,60427.9,68.9632
1782556200000,60427.9,60428.0,60377.3,60401.4,73.9507
1782557100000,60401.3,60401.4,60350.0,60388.9,34.0
1782558000000,60388.8,60426.4,60335.6,60370.9,70.0448
1782558900000,60370.9,60371.0,60208.8,60237.6,230.9248
1782559800000,60237.5,60276.3,60167.9,60240.0,189.6089
1782560700000,60239.9,60390.0,60239.9,60333.0,139.0963
1782561600000,60333.1,60333.1,60223.7,60265.0,97.1815
1782562500000,60265.0,60315.9,60264.1,60308.5,26.9051
1782563400000,60308.5,60360.0,60280.0,60296.4,176.6148
1782564300000,60296.4,60405.9,60277.3,60393.7,108.6397
1782565200000,60393.7,60451.5,60357.5,60406.0,58.8849
1782566100000,60406.0,60469.3,60362.9,60441.2,100.4478
1782567000000,60441.2,60625.0,60402.7,60571.9,277.5757
1782567900000,60571.9,60600.0,60511.7,60550.8,160.2828
1782568800000,60550.8,60696.0,60476.8,60646.1,159.8564
1782569700000,60646.1,60646.4,60563.6,60575.0,101.6222
1782570600000,60575.0,60625.0,60502.1,60606.0,86.3382
1782571500000,60606.1,60638.3,60576.3,60580.9,147.8796
1782572400000,60581.0,60880.4,60536.4,60847.5,453.2711
1782573300000,60848.6,60880.4,60682.5,60780.2,231.706
1782574200000,60783.1,60919.2,60729.7,60759.2,131.2956
1782575100000,60759.1,60830.0,60708.5,60815.2,163.1151
1782576000000,60815.2,60830.5,60709.4,60720.6,67.5749
1782576900000,60720.7,60721.6,60659.0,60691.2,45.4902
1782577800000,60691.2,60767.7,60642.6,60767.7,131.3532
1782578700000,60767.8,60799.7,60736.4,60785.0,37.8801
1782579600000,60784.9,60794.5,60392.2,60541.6,341.4379
1782580500000,60541.7,60593.2,60442.4,60551.4,90.2
1782581400000,60551.4,60629.6,60475.7,60574.6,39.0293
1782582300000,60571.8,60598.5,60494.9,60495.3,32.16
1782583200000,60495.3,60538.2,60418.6,60492.9,70.4188
1782584100000,60493.0,60534.1,60432.2,60487.4,157.4547
1782585000000,60487.4,60540.4,60471.7,60536.5,32.9857
1782585900000,60536.6,60543.8,60487.1,60536.5,48.3118
1782586800000,60539.2,60591.3,60527.4,60568.7,109.7329
1782587700000,60568.7,60568.8,60232.8,60295.1,341.6287
1782588600000,60295.2,60296.5,60052.0,60169.1,253.2557
1782589500000,60169.1,60212.7,60114.4,60148.4,44.5738
1782590400000,60148.4,60264.7,60142.7,60235.6,93.3646
1782591300000,60235.6,60277.0,60223.4,60242.3,36.2103
1782592200000,60242.2,60249.3,60223.7,60225.2,25.4371
1782593100000,60225.2,60273.8,60225.1,60273.8,57.7797
1782594000000,60274.9,60375.2,60274.0,60360.0,162.5516
1782594900000,60360.0,60422.3,60330.0,60422.3,100.6321
1782595800000,60422.2,60454.8,60201.6,60219.0,71.3843
1782596700000,60219.0,60269.3,60110.7,60169.8,81.5363
1782597600000,60169.8,60169.8,60022.0,60100.1,91.7276
1782598500000,60100.1,60141.0,59822.2,60102.0,220.8027
1782599400000,60101.7,60223.0,60092.8,60146.5,89.8449
1782600300000,60146.5,60214.3,60126.0,60200.5,108.7461
1782601200000,60200.5,60291.7,60000.0,60011.8,156.4386
1782602100000,60007.9,60068.0,59916.9,59959.3,149.3703
1782603000000,59958.3,60062.7,59917.6,60027.4,132.1099
1782603900000,60027.4,60052.8,59977.0,59998.2,28.4457
1782604800000,59998.3,60113.7,59981.2,60103.6,91.1452
1782605700000,60103.5,60160.8,60099.2,60140.1,27.7901
1782606600000,60140.1,60150.6,60053.5,60145.8,103.4927
1782607500000,60145.8,60165.0,60106.8,60122.0,123.6383
1782608400000,60122.0,60153.3,59956.2,60054.8,150.4061
1782609300000,60055.0,60216.6,60031.0,60178.8,110.266
1782610200000,60178.8,60243.1,60152.1,60229.4,82.2636
1782611100000,60229.4,60244.4,60175.0,60190.9,32.6836
1782612000000,60190.9,60262.1,60190.9,60253.1,28.8699
1782612900000,60253.2,60310.3,60021.8,60087.5,130.4507
1782613800000,60087.5,60125.0,60068.7,60102.7,26.17
1782614700000,60102.7,60151.4,60074.1,60119.6,65.8225
1782615600000,60119.6,60239.4,60118.9,60230.9,47.2826
1782616500000,60229.8,60248.6,60175.5,60231.8,50.4832
1782617400000,60231.7,60248.5,60151.3,60160.0,35.24
1782618300000,60160.0,60187.1,60128.3,60169.6,29.6832
1782619200000,60169.5,60204.9,60108.9,60185.1,55.9301
1782620100000,60186.7,60205.8,60164.7,60170.0,61.4429
1782621000000,60169.9,60170.0,60063.1,60145.2,53.4871
1782621900000,60145.2,60163.7,60091.1,60108.7,38.9734
1782622800000,60108.7,60113.5,59935.1,59990.4,145.3335
1782623700000,59990.3,59999.8,59727.1,59808.1,282.7743
1782624600000,59808.1,59929.4,59762.0,59892.2,114.7809
1782625500000,59892.3,59988.1,59892.1,59956.8,61.6835
1782626400000,59956.7,59994.5,59812.5,59813.5,103.7078
1782627300000,59813.5,59923.1,59771.1,59899.2,185.8926
1782628200000,59899.2,59967.5,59894.4,59936.5,85.8049
1782629100000,59936.5,60001.9,59925.5,59970.3,110.5358
1782630000000,59970.3,60186.9,59965.8,60113.9,220.2766
1782630900000,60113.9,60120.0,60074.5,60076.3,93.0522
1782631800000,60076.4,60213.6,60075.1,60191.4,124.933
1782632700000,60191.4,60232.8,60165.1,60191.1,98.7483
1782633600000,60191.2,60226.5,60110.9,60149.9,77.0877
1782634500000,60149.9,60208.9,60130.9,60195.4,76.9856
1782635400000,60195.4,60518.9,60194.5,60420.0,323.2843
1782636300000,60420.1,60459.9,60337.4,60337.5,136.9322
1782637200000,60337.4,60432.0,60266.0,60340.3,117.845
1782638100000,60340.2,60368.1,60285.6,60298.9,92.7374
1782639000000,60298.9,60383.2,60280.0,60347.7,40.3976
1782639900000,60347.7,60370.1,60225.0,60229.5,147.7647
1782640800000,60229.6,60269.6,60148.3,60229.9,101.9598
1782641700000,60229.1,60262.5,60036.4,60080.0,155.4545
1782642600000,60079.9,60115.0,60044.3,60098.4,65.2403
1782643500000,60098.0,60147.1,60097.0,60138.8,42.0751
1782644400000,60138.8,60240.1,60090.0,60095.5,103.3222
1782645300000,60095.8,60345.0,60095.5,60284.1,143.8918
1782646200000,60284.1,60301.3,60231.1,60277.2,109.2572
1782647100000,60277.2,60350.0,60224.4,60316.9,116.7973
1782648000000,60316.9,60377.0,60265.9,60276.3,111.932
1782648900000,60276.4,60317.0,60159.4,60311.1,142.4047
1782649800000,60311.1,60415.4,60170.4,60211.3,164.749
1782650700000,60211.3,60280.0,60210.8,60267.1,61.9343
1782651600000,60267.0,60267.0,59943.8,60096.5,244.4034
1782652500000,60096.5,60143.0,60045.0,60097.0,198.1345
1782653400000,60097.1,60160.0,60024.0,60096.8,99.0911
1782654300000,60096.8,60108.0,60030.0,60044.0,100.2773
1782655200000,60044.2,60141.5,60002.6,60141.5,154.8136
1782656100000,60141.5,60221.2,60075.2,60129.8,160.158
1782657000000,60129.9,60169.3,60049.7,60084.7,43.2639
1782657900000,60084.7,60142.7,59979.2,59998.2,90.4436
1782658800000,59998.3,60071.1,59855.4,60047.9,126.1998
1782659700000,60048.0,60104.5,59966.7,60009.7,69.3367
1782660600000,60010.0,60070.0,59871.1,59943.3,81.1575
1782661500000,59943.2,59978.8,59784.6,59859.2,164.6611
1782662400000,59859.3,59918.1,59790.4,59803.6,103.8319
1782663300000,59803.6,59875.9,59650.0,59742.8,236.0243
1782664200000,59744.9,59777.6,59577.0,59591.8,267.1487
1782665100000,59592.8,59706.7,59559.0,59658.5,144.7705
1782666000000,59658.6,59818.5,59527.2,59610.6,258.8
1782666900000,59610.6,59680.0,59565.2,59570.5,128.5884
1782667800000,59570.6,59617.7,59365.2,59501.8,415.8677
1782668700000,59503.1,59602.5,59490.1,59555.9,189.6025
1782669600000,59556.0,59672.2,59543.2,59618.0,140.9664
1782670500000,59619.2,59647.7,59568.6,59580.1,96.9292
1782671400000,59581.9,59643.2,59549.1,59573.3,119.1676
1782672300000,59572.8,59598.2,59470.5,59581.6,151.9122
1782673200000,59581.5,59583.6,59432.7,59477.6,84.5064
1782674100000,59477.5,59519.2,59411.0,59519.2,83.8494
1782675000000,59519.1,59651.3,59394.3,59409.0,168.6222
1782675900000,59408.9,59488.4,59238.0,59454.0,428.1612
1782676800000,59453.2,59650.0,59440.0,59634.2,182.1388
1782677700000,59634.2,59740.0,59622.3,59690.5,202.7772
1782678600000,59690.5,59697.6,59602.4,59640.9,138.1775
1782679500000,59640.9,59697.2,59618.6,59628.7,72.8484
1782680400000,59628.7,59674.6,59614.2,59666.3,61.0574
1782681300000,59666.4,59713.3,59632.0,59679.0,76.5095
1782682200000,59679.1,59769.9,59629.7,59629.8,83.0489
1782683100000,59626.6,59653.7,59300.8,59417.4,301.8038
1782684000000,59417.5,59878.8,59396.5,59612.6,260.4753
1782684900000,59612.6,59645.4,59156.3,59357.3,530.5146
1782685800000,59357.4,59437.6,59050.0,59077.1,251.1381
1782686700000,59077.2,59191.1,58881.0,59042.1,311.814
1782687600000,59040.7,59341.0,58983.7,59233.9,333.1754
1782688500000,59233.9,59558.8,59222.0,59512.5,221.7931
1782689400000,59511.7,59820.3,59498.0,59696.0,261.2207
1782690300000,59695.9,59771.9,59547.0,59550.4,84.1342
1782691200000,59550.4,59673.3,59242.4,59558.8,241.3325
1782692100000,59558.9,59575.2,59181.5,59181.6,209.3093
1782693000000,59181.5,59357.1,58978.0,59352.5,223.8592
1782693900000,59352.5,59678.2,59151.0,59636.2,178.2691
1782694800000,59636.1,59671.3,59428.5,59460.1,87.3685
1782695700000,59460.0,59491.6,59205.1,59274.6,177.8496
1782696600000,59274.7,59545.9,59174.1,59524.3,159.0189
1782697500000,59524.3,59546.6,59404.1,59410.2,93.8254
1782698400000,59410.3,59490.3,58868.0,58997.2,271.6632
1782699300000,59000.0,59566.1,58950.0,59517.0,431.7177
1782700200000,59517.0,59773.0,59468.3,59747.8,480.834
1782701100000,59747.8,59780.7,59674.2,59727.0,83.3751
1782702000000,59728.2,60162.1,59728.2,59978.0,700.9133
1782702900000,59977.9,60206.9,59940.7,60148.0,127.2982
1782703800000,60147.9,60184.4,59854.0,59891.8,127.1341
1782704700000,59891.8,60050.6,59852.0,60020.0,80.0899
1782705600000,60020.1,60031.5,59871.2,59894.3,94.409
1782706500000,59894.4,59969.9,59814.3,59930.7,96.166
1782707400000,59930.6,59939.1,59716.1,59814.1,100.1528
1782708300000,59814.1,59879.3,59754.3,59802.0,82.2594
1782709200000,59802.1,59837.2,59359.0,59502.7,292.8965
1782710100000,59507.8,59691.1,59500.5,59660.1,192.1217
1782711000000,59660.0,59898.8,59614.7,59885.5,110.7281
1782711900000,59883.2,60075.9,59871.7,60075.9,170.5869
1782712800000,60076.0,60192.9,60053.6,60144.5,203.3906
1782713700000,60144.5,60316.7,60075.7,60137.9,252.7258
1782714600000,60139.0,60180.0,60039.9,60047.6,145.162
1782715500000,60047.7,60137.9,60017.8,60046.6,104.8086
1782716400000,60047.4,60050.2,59899.5,60049.9,203.0407
1782717300000,60050.0,60157.7,59990.1,60072.4,120.4158
1782718200000,60072.4,60109.4,60016.0,60024.5,82.6677
1782719100000,60024.6,60100.0,59995.0,59995.0,43.0186
1782720000000,59995.0,60062.2,59866.1,59932.6,319.133
1782720900000,59932.5,60031.2,59777.8,59800.7,233.4435
1782721800000,59800.8,59887.7,59710.2,59838.1,302.0668
1782722700000,59838.2,59910.0,59800.0,59806.2,103.6187
1782723600000,59806.1,59931.9,59776.0,59920.4,117.3555
1782724500000,59920.6,60086.7,59753.3,59906.4,284.0741
1782725400000,59909.1,59978.4,59858.8,59937.8,226.4452
1782726300000,59940.0,60049.4,59896.7,60030.0,93.8065
1782727200000,60029.9,60292.2,60029.9,60207.8,208.3908
1782728100000,60207.8,60292.6,60157.1,60191.0,173.0593
1782729000000,60191.0,60193.8,60049.7,60108.8,165.6708
1782729900000,60108.9,60134.2,60045.0,60062.4,81.9096
1782730800000,60062.4,60073.4,59920.4,59920.4,189.8505
1782731700000,59920.4,59977.4,59854.0,59968.4,144.3765
1782732600000,59968.4,60179.0,59790.1,59834.4,429.3461
1782733500000,59834.5,59940.0,59772.4,59930.1,161.1075
1782734400000,59930.0,60760.4,59575.1,60647.4,1279.0095
1782735300000,60647.4,60746.1,60391.8,60416.0,312.2227
1782736200000,60416.0,60441.2,59800.0,59925.7,775.5745
1782737100000,59925.7,60029.0,59764.0,59926.2,185.2028
1782738000000,59926.2,60311.8,59926.2,60192.1,249.7878
1782738900000,60192.1,60285.0,59937.2,59955.4,231.0001
1782739800000,59952.8,60250.5,59419.9,59431.9,561.4493
1782740700000,59431.9,59569.5,59301.6,59554.0,593.649
1782741600000,59554.0,59564.0,59055.7,59072.7,536.9731
1782742500000,59072.0,59535.8,58986.5,59480.3,561.5189
1782743400000,59478.3,59672.5,59284.9,59294.8,348.037
1782744300000,59291.2,59582.3,59224.2,59442.2,315.9364
1782745200000,59443.1,59447.4,59070.0,59230.2,343.3862
1782746100000,59234.1,59472.1,59110.2,59468.8,125.99
1782747000000,59468.7,59851.6,59468.7,59804.5,459.0908
1782747900000,59804.4,59930.0,59732.8,59794.8,258.2583
1782748800000,59794.9,59904.2,59680.9,59705.1,137.9847
1782749700000,59705.0,59761.2,59558.1,59575.5,159.2512
1782750600000,59575.4,59866.5,59575.3,59854.5,171.6736
1782751500000,59854.5,59974.8,59797.9,59866.6,173.8263
1782752400000,59866.5,60460.0,59866.4,60433.1,547.2963
1782753300000,60433.0,60610.0,60373.2,60522.6,470.9906
1782754200000,60522.6,60657.6,60365.1,60593.2,240.3172
1782755100000,60589.5,60623.5,60374.5,60388.0,152.1052
1782756000000,60388.5,60497.2,60300.6,60496.9,167.2251
1782756900000,60496.9,60497.0,60211.3,60251.0,109.0651
1782757800000,60251.0,60313.2,60182.5,60264.5,78.0262
1782758700000,60264.6,60276.3,60166.9,60276.2,51.4851
1782759600000,60276.3,60288.0,60136.0,60178.8,119.1417
1782760500000,60178.9,60459.1,60163.0,60430.8,126.8935
1782761400000,60430.8,60441.1,60283.5,60439.4,129.8666
1782762300000,60439.3,60530.0,60389.2,60405.3,211.6486
1782763200000,60404.4,60528.2,60392.1,60407.5,92.6211
1782764100000,60407.5,60458.7,60333.8,60378.6,42.9132
1782765000000,60378.6,60450.0,60371.8,60391.9,18.4603
1782765900000,60392.0,60392.0,60270.2,60272.5,62.0487
1782766800000,60272.6,60395.5,60232.9,60386.9,52.9342
1782767700000,60387.4,60387.4,60278.2,60327.8,45.6651
1782768600000,60327.7,60470.0,60327.7,60439.5,132.3046
1782769500000,60439.6,60566.0,60402.8,60458.5,224.2975
1782770400000,60458.6,60472.2,60336.2,60430.8,38.7076
1782771300000,60430.7,60497.3,60403.7,60417.4,50.7228
1782772200000,60417.4,60437.5,60318.2,60363.5,70.4944
1782773100000,60363.7,60404.2,60323.7,60325.2,54.2153
1782774000000,60325.1,60356.4,60301.5,60319.1,59.6046
1782774900000,60319.0,60341.1,60174.0,60205.8,75.9777
1782775800000,60205.8,60270.0,60188.5,60221.6,28.4846
1782776700000,60221.6,60268.8,60187.9,60226.7,18.9205
1782777600000,60227.2,60247.7,60112.8,60171.4,106.5568
1782778500000,60173.2,60208.2,59890.1,59908.0,169.73
1782779400000,59907.9,59911.1,59663.7,59748.1,315.0712
1782780300000,59748.1,59885.2,59721.6,59805.9,105.4742
1782781200000,59805.8,59840.9,59746.7,59796.4,40.2739
1782782100000,59796.4,60020.5,59779.8,60013.3,111.1086
1782783000000,60012.8,60023.4,59760.8,59803.0,60.4861
1782783900000,59801.8,59917.6,59801.0,59914.0,25.9519
1782784800000,59913.9,59923.9,59737.7,59760.9,54.0308
1782785700000,59760.9,59968.3,59721.9,59946.4,85.4535
1782786600000,59946.4,60000.0,59890.0,59983.2,145.4466
1782787500000,59983.2,60017.1,59907.6,59916.9,44.484
1782788400000,59916.8,59955.5,59828.1,59873.6,199.7934
1782789300000,59873.7,60000.0,59786.4,59826.8,98.8316
1782790200000,59826.9,59833.7,59708.6,59709.4,185.5851
1782791100000,59709.4,59709.4,59575.0,59592.5,179.0341
1782792000000,59592.5,59617.0,59399.9,59529.3,288.6204
1782792900000,59529.4,59590.3,59406.8,59522.4,296.1596
1782793800000,59522.5,59668.0,59511.0,59579.1,345.9769
1782794700000,59579.1,59579.2,59420.0,59461.3,96.1598
1782795600000,59461.3,59501.2,59341.7,59407.9,220.8509
1782796500000,59408.0,59469.4,59339.8,59357.5,296.0102
1782797400000,59357.6,59549.6,59329.2,59539.3,144.9452
1782798300000,59539.3,59630.0,59527.6,59626.3,118.9295
1782799200000,59626.3,59645.0,59510.0,59544.5,98.0981
1782800100000,59544.4,59689.3,59485.0,59668.6,108.9312
1782801000000,59668.6,59690.7,59520.1,59537.1,94.4847
1782801900000,59537.1,59582.4,59525.8,59568.7,90.2533
1782802800000,59568.5,59607.9,59423.0,59470.7,184.5241
1782803700000,59470.8,59540.0,59425.2,59449.2,86.2332
1782804600000,59449.2,59540.0,59442.6,59489.4,207.6512
1782805500000,59489.5,59520.9,59439.1,59497.3,51.1402
1782806400000,59497.3,59530.0,59400.9,59402.4,113.7123
1782807300000,59402.4,59418.8,59341.3,59381.8,249.9056
1782808200000,59387.7,59416.4,59188.1,59248.6,436.0384
1782809100000,59248.5,59326.7,59162.1,59284.7,244.3173
1782810000000,59283.3,59375.8,59250.2,59321.1,217.7013
1782810900000,59321.0,59344.7,59237.4,59270.9,130.6895
1782811800000,59270.8,59363.1,59223.5,59332.5,127.4802
1782812700000,59332.4,59395.0,59331.4,59347.4,188.3807
1782813600000,59347.5,59389.8,59283.7,59341.5,104.9021
1782814500000,59341.5,59398.1,59306.1,59343.6,68.9815
1782815400000,59343.7,59345.6,59263.5,59307.9,71.3494
1782816300000,59307.9,59378.0,59261.0,59302.0,103.9612
1782817200000,59302.7,59391.0,59292.6,59358.8,58.0845
1782818100000,59358.8,59380.3,59168.2,59192.6,220.982
1782819000000,59192.6,59251.0,59092.0,59219.3,345.742
1782819900000,59219.3,59309.0,59129.3,59162.6,166.5663
1782820800000,59162.5,59162.6,58972.2,58985.2,390.9165
1782821700000,58985.2,59049.1,58729.4,58832.4,644.9689
1782822600000,58831.8,58861.8,58745.0,58811.8,229.779
1782823500000,58811.9,58826.1,58365.1,58375.5,623.1891
1782824400000,58376.0,58618.8,58301.8,58431.3,557.3213
1782825300000,58431.3,58571.2,58418.1,58490.3,208.2182
1782826200000,58487.9,58734.9,58204.3,58539.6,731.5883
1782827100000,58539.7,58769.0,58432.9,58711.3,399.1226
1782828000000,58710.8,59246.9,58633.2,58976.5,914.965
1782828900000,58975.1,59125.2,58863.9,59017.2,187.0616
1782829800000,59015.5,59080.1,58555.0,58895.4,2472.4891
1782830700000,58895.5,58895.5,58409.3,58458.2,1975.3681
1782831600000,58458.1,58578.0,58166.9,58420.2,877.7656
1782832500000,58420.2,58448.0,58180.3,58361.6,434.0873
1782833400000,58361.7,58474.6,58234.1,58415.4,369.5569
1782834300000,58415.4,58769.0,58319.9,58358.7,666.311
1782835200000,58361.3,58608.9,58308.0,58384.5,224.5619
1782836100000,58378.8,58450.4,58234.3,58293.9,304.2743
1782837000000,58295.2,58463.1,58240.3,58308.1,267.1931
1782837900000,58308.8,58556.1,58308.0,58479.1,117.511
1782838800000,58479.1,58600.0,58361.8,58389.3,165.739
1782839700000,58389.4,58464.3,58343.5,58371.1,60.4569
1782840600000,58371.2,58443.0,58311.0,58358.0,66.7964
1782841500000,58358.0,58411.4,58285.0,58400.2,90.8394
1782842400000,58400.3,58477.9,58335.5,58454.2,83.715
1782843300000,58454.2,58678.3,58407.1,58511.9,281.8088
1782844200000,58511.9,58535.5,58360.2,58437.0,87.5847
1782845100000,58437.0,58668.9,58437.0,58660.6,170.2154
1782846000000,58660.5,58706.6,58567.3,58627.7,158.4848
1782846900000,58627.7,58650.5,58561.9,58650.5,65.6297
1782847800000,58650.4,58789.4,58633.6,58731.3,265.0509
1782848700000,58731.3,58814.8,58668.1,58797.8,60.4061
1782849600000,58792.7,58855.0,58714.5,58839.5,131.2592
1782850500000,58839.4,58839.5,58669.6,58717.8,72.1245
1782851400000,58717.8,58718.9,58625.0,58631.3,100.2813
1782852300000,58631.3,58771.4,58625.8,58705.0,62.5008
1782853200000,58705.1,58743.2,58525.6,58554.6,101.3863
1782854100000,58554.6,58618.8,58480.1,58566.7,187.6619
1782855000000,58566.7,58637.5,58555.3,58561.2,48.8581
1782855900000,58561.1,58630.8,58506.6,58616.1,86.7768
1782856800000,58616.5,58725.1,58616.5,58700.2,115.12
1782857700000,58700.2,58769.2,58616.8,58622.8,57.7041
1782858600000,58622.8,58622.9,58479.6,58571.9,80.5596
1782859500000,58571.9,58600.0,58510.1,58579.3,38.787
1782860400000,58579.3,58625.7,58519.7,58580.1,39.6004
1782861300000,58580.2,58630.0,58550.0,58585.8,41.5265
1782862200000,58585.8,58611.5,58539.3,58580.7,50.4815
1782863100000,58580.7,58633.4,58556.6,58604.3,39.2169
1782864000000,58604.3,58720.0,58577.8,58621.1,73.9406
1782864900000,58621.1,58656.1,58281.1,58367.1,266.281
1782865800000,58367.0,58552.6,58366.9,58455.1,93.9308
1782866700000,58455.0,58595.3,58440.2,58550.1,55.9348
1782867600000,58550.0,58559.2,57772.2,58138.3,1041.202
1782868500000,58141.2,58378.1,58007.2,58323.4,415.912
1782869400000,58324.1,58972.2,58306.2,58870.3,769.0945
1782870300000,58869.7,58976.0,58690.4,58741.4,171.089
1782871200000,58741.3,58835.8,58638.1,58770.6,161.731
1782872100000,58770.8,58993.0,58750.6,58917.3,223.6756
1782873000000,58917.3,59133.6,58888.0,59107.2,209.5119
1782873900000,59107.3,59149.2,58978.8,59058.1,72.4478
1782874800000,59058.1,59090.0,58965.6,58967.6,61.7815
1782875700000,58967.6,58975.1,58857.5,58899.2,111.3123
1782876600000,58899.3,59120.0,58825.8,58913.7,96.1316
1782877500000,58913.7,59297.9,58899.8,59171.3,270.5388
1782878400000,59171.4,59171.4,59039.5,59090.3,86.8627
1782879300000,59090.3,59251.4,59070.2,59250.9,88.3639
1782880200000,59250.7,59344.0,59172.6,59331.3,167.1659
1782881100000,59331.4,59435.7,59275.4,59310.5,233.2232
1782882000000,59310.3,59345.1,59216.3,59258.0,96.6674
1782882900000,59258.3,59327.3,59134.6,59147.1,116.1391
1782883800000,59147.2,59182.0,59100.0,59164.3,81.0607
1782884700000,59164.7,59177.7,59103.3,59125.7,96.3832
1782885600000,59125.7,59131.5,58887.2,58924.6,229.8688
1782886500000,58924.6,58946.6,58661.4,58764.2,303.5915
1782887400000,58764.3,58808.9,58506.9,58673.0,252.8012
1782888300000,58673.0,58743.9,58590.4,58728.5,127.5176
1782889200000,58728.8,58766.2,58564.0,58654.8,181.522
1782890100000,58655.0,58801.1,58609.3,58710.1,156.7272
1782891000000,58710.0,58732.8,58616.4,58667.8,64.7004
1782891900000,58667.7,58781.6,58648.0,58745.3,53.1157
1782892800000,58745.4,58792.2,58630.2,58673.1,88.0877
1782893700000,58673.1,58706.9,58570.8,58592.6,127.5533
1782894600000,58592.5,58715.0,58470.1,58714.4,212.9464
1782895500000,58714.4,58963.4,58652.9,58951.0,299.1453
1782896400000,58951.0,59068.0,58872.5,58933.0,189.5953
1782897300000,58933.1,58979.3,58851.0,58872.7,101.9637
1782898200000,58872.6,58924.1,58818.2,58860.5,98.3989
1782899100000,58860.5,58950.0,58821.7,58922.0,73.2757
1782900000000,58921.9,58922.0,58727.7,58738.6,108.8302
1782900900000,58739.0,58771.2,58638.0,58718.2,179.2649
1782901800000,58718.1,58731.3,58598.0,58598.1,108.871
1782902700000,58598.1,58670.3,58598.0,58632.4,69.3528
1782903600000,58632.9,58718.8,58558.5,58680.1,175.2563
1782904500000,58680.0,58729.1,58647.1,58670.9,76.4253
1782905400000,58670.9,58712.1,58601.5,58649.9,45.518
1782906300000,58649.9,58676.1,58522.8,58591.3,99.3831
1782907200000,58591.2,58649.5,58381.0,58420.3,320.3955
1782908100000,58421.2,58569.0,58421.2,58529.2,197.2302
1782909000000,58529.2,58560.5,58347.0,58373.9,197.5841
1782909900000,58373.9,58501.3,58293.7,58496.6,271.8291
1782910800000,58494.8,58729.3,58480.0,58637.2,290.5859
1782911700000,58637.3,58875.0,58624.4,58787.7,284.7838
1782912600000,58787.7,59039.9,58569.1,58991.7,618.9938
1782913500000,58990.3,59485.2,58921.4,59466.3,1064.4436
1782914400000,59466.3,59956.7,59244.4,59944.2,878.272
1782915300000,59946.8,60065.2,59754.9,59757.9,721.1822
1782916200000,59758.0,59792.6,59514.8,59581.9,365.0289
1782917100000,59582.0,59744.8,59396.7,59521.5,365.0238
1782918000000,59521.5,59958.3,59496.6,59892.0,390.2856
1782918900000,59893.1,60519.0,59820.1,60285.5,1133.1296
1782919800000,60285.4,60354.8,60131.3,60193.7,409.0583
1782920700000,60193.8,60224.6,60051.6,60120.8,289.0483
1782921600000,60120.9,60202.7,60041.9,60111.4,333.3843
1782922500000,60111.3,60234.8,59926.1,60116.9,203.0726
1782923400000,60116.9,60150.2,59999.6,60059.2,137.3619
1782924300000,60059.2,60065.7,59837.9,59899.9,158.0785
1782925200000,59899.9,59914.9,59763.9,59876.2,186.5928
1782926100000,59876.1,60186.3,59875.2,60126.7,336.9155
1782927000000,60126.4,60218.5,60062.6,60130.1,132.5383
1782927900000,60130.1,60209.9,60113.1,60164.3,47.9687
1782928800000,60164.3,60191.8,59996.0,60051.0,102.9038
1782929700000,60051.0,60169.3,60017.8,60121.4,57.9327
1782930600000,60121.4,60221.2,60057.2,60199.3,145.5238
1782931500000,60199.9,60272.8,60051.8,60144.6,236.4436
1782932400000,60144.6,60287.0,60137.4,60255.5,153.1556
1782933300000,60255.6,60327.2,60077.7,60127.9,167.5207
1782934200000,60127.9,60253.8,60119.3,60184.2,89.7696
1782935100000,60184.1,60184.2,59968.5,60001.6,126.064
1782936000000,60001.5,60033.1,59876.2,59971.2,115.6693
1782936900000,59971.2,59998.9,59846.2,59949.1,100.1847
1782937800000,59949.1,60050.0,59931.4,60013.1,79.0309
1782938700000,60013.2,60170.3,60004.8,60103.9,70.6066
1782939600000,60103.8,60440.6,60075.0,60423.7,414.8011
1782940500000,60423.8,60575.0,60301.2,60499.2,560.3313
1782941400000,60499.2,60821.0,60499.1,60784.3,461.6148
1782942300000,60784.4,60806.0,60747.9,60791.6,121.4343
1782943200000,60790.4,60811.8,60758.2,60793.5,117.3136
1782944100000,60793.4,61320.2,60526.2,60531.6,763.8885
1782945000000,60531.0,60670.0,60426.8,60470.8,219.6185
1782945900000,60470.7,60489.7,60329.0,60453.6,115.6236
1782946800000,60453.6,60453.6,60208.9,60221.7,155.5184
1782947700000,60221.7,60347.1,60172.2,60184.1,76.0652
1782948600000,60184.1,60242.7,60024.6,60127.1,89.5119
1782949500000,60127.1,60142.4,59952.9,60001.5,159.4932
1782950400000,60001.5,60013.0,59868.5,59918.3,278.4501
1782951300000,59918.2,59945.1,59709.6,59754.8,216.2837
1782952200000,59754.8,59767.3,59558.7,59597.6,204.119
1782953100000,59597.8,59823.3,59597.8,59727.4,178.0873
1782954000000,59727.4,59915.4,59692.8,59902.2,183.3969
1782954900000,59902.1,59996.6,59809.8,59996.5,179.1347
1782955800000,59996.6,60293.1,59996.6,60171.3,251.5097
1782956700000,60171.3,60294.3,60056.1,60152.2,163.8733
1782957600000,60152.2,60168.4,59992.6,60119.1,132.5438
1782958500000,60119.1,60241.9,60109.3,60183.2,73.0618
1782959400000,60183.3,60389.4,60153.0,60381.6,138.393
1782960300000,60381.6,60469.1,60305.5,60395.0,145.2274
1782961200000,60395.1,60453.5,60370.0,60453.4,84.8063
1782962100000,60453.5,60686.0,60280.0,60525.7,168.506
1782963000000,60525.7,60788.1,60453.1,60784.4,225.1694
1782963900000,60784.4,61102.0,60706.2,61035.0,480.7086
1782964800000,61032.2,61035.0,60841.4,60916.3,222.8303
1782965700000,60916.4,60957.6,60781.4,60833.5,84.3603
1782966600000,60833.6,60833.6,60708.0,60750.1,291.4457
1782967500000,60750.1,60862.9,60717.8,60759.9,109.0276
1782968400000,60759.9,60841.9,60636.2,60837.1,80.1186
1782969300000,60837.2,60845.0,60710.6,60722.8,30.1748
1782970200000,60722.8,60853.2,60568.5,60585.1,147.0818
1782971100000,60585.0,60630.0,60441.9,60480.7,242.8483
1782972000000,60480.8,60496.7,60380.4,60380.4,67.3164
1782972900000,60380.0,60537.9,60377.0,60448.2,81.4436
1782973800000,60448.3,60629.7,60447.0,60509.3,66.9671
1782974700000,60509.4,60516.7,60234.0,60250.0,176.1941
1782975600000,60250.0,60284.0,60179.4,60213.8,129.1134
1782976500000,60213.9,60246.2,60138.8,60140.5,75.4169
1782977400000,60140.1,60194.5,60091.9,60113.0,100.5757
1782978300000,60113.1,60236.5,60079.0,60124.5,440.0764
1782979200000,60124.6,60340.0,60090.1,60287.1,302.8822
1782980100000,60287.0,60385.1,60287.0,60334.4,129.8607
1782981000000,60334.5,60478.0,60309.2,60414.1,118.8971
1782981900000,60417.0,60532.3,60390.8,60489.8,133.0696
1782982800000,60489.2,60498.0,60347.3,60446.7,139.8086
1782983700000,60446.7,60612.1,60403.3,60581.8,162.9502
1782984600000,60581.9,61150.0,60581.8,61061.8,570.459
1782985500000,61060.4,61400.0,60816.4,61152.9,619.1819
1782986400000,61150.0,61210.0,61023.7,61208.0,325.0824
1782987300000,61209.4,61270.8,61071.0,61193.7,183.4844
1782988200000,61193.4,61326.0,61172.1,61178.1,281.2586
1782989100000,61178.1,61306.9,61115.2,61237.6,216.518
1782990000000,61237.5,61341.9,61181.8,61252.5,174.3173
1782990900000,61252.5,61329.9,61228.3,61268.4,180.811
1782991800000,61266.5,61331.8,61230.4,61271.4,92.1684
1782992700000,61271.3,61351.0,61097.5,61330.6,241.4492
1782993600000,61329.7,61341.8,61254.2,61335.7,105.76
1782994500000,61335.9,61390.0,61137.0,61315.1,172.6616
1782995400000,61315.1,61547.1,61171.5,61348.3,513.4014
1782996300000,61347.5,61582.5,61334.3,61505.9,262.9129
1782997200000,61506.0,61700.0,61475.0,61653.6,269.5397
1782998100000,61653.5,61947.2,61626.3,61663.6,642.3276
1782999000000,61663.8,62023.6,61506.9,61947.1,740.2394
1782999900000,61947.0,62011.6,61779.8,61912.9,215.7664
1783000800000,61913.0,62171.9,61821.8,62055.6,516.035
1783001700000,62055.6,62173.0,61555.2,61648.3,602.2266
1783002600000,61646.7,61782.3,61364.8,61400.1,357.9745
1783003500000,61400.0,61725.0,61400.0,61670.7,270.5734
1783004400000,61670.6,61706.9,61397.7,61558.3,335.3677
1783005300000,61558.3,61815.1,61461.4,61683.8,507.3117
1783006200000,61683.9,61799.6,61529.9,61678.0,296.6236
1783007100000,61674.2,61720.6,61503.2,61585.1,169.7395
1783008000000,61584.7,61723.3,61476.6,61668.3,233.3201
1783008900000,61668.2,61668.5,61118.8,61163.7,448.8383
1783009800000,61166.9,61421.7,61166.9,61405.5,278.1381
1783010700000,61405.5,61749.3,61399.4,61645.9,229.0786
1783011600000,61645.9,61790.0,61591.6,61757.6,130.831
1783012500000,61757.6,61901.6,61719.7,61841.7,204.0258
1783013400000,61841.6,61841.7,61614.1,61750.5,116.3711
1783014300000,61750.6,61779.0,61617.7,61641.6,65.4261
1783015200000,61641.6,61820.0,61632.8,61800.5,73.0169
1783016100000,61800.5,61838.3,61710.8,61835.6,111.0687
1783017000000,61835.6,61836.3,61742.1,61742.5,47.3775
1783017900000,61742.5,61848.9,61668.0,61735.4,46.6183
1783018800000,61735.4,61740.0,61572.7,61639.4,53.5352
1783019700000,61639.3,61639.7,61487.3,61591.7,47.1887
1783020600000,61592.6,61619.8,61509.1,61554.2,22.5666
1783021500000,61554.2,61671.9,61400.0,61450.3,44.987
1783022400000,61450.3,61514.2,61371.8,61408.9,164.4099
1783023300000,61408.9,61486.9,61376.2,61376.9,42.4141
1783024200000,61376.9,61412.4,61315.2,61342.3,98.2933
1783025100000,61342.4,61572.2,61342.3,61552.8,118.9358
1783026000000,61553.2,61630.9,61497.7,61497.8,87.8628
1783026900000,61497.8,61533.0,61497.0,61516.8,62.3106
1783027800000,61516.7,61533.8,61496.0,61498.7,39.2116
1783028700000,61498.6,61588.2,61494.4,61568.7,28.6715
1783029600000,61561.5,61570.8,61497.0,61506.3,31.8273
1783030500000,61506.3,61541.1,61500.1,61500.2,11.2567
1783031400000,61500.2,61520.8,61491.3,61498.3,17.1924
1783032300000,61498.3,61531.6,61382.3,61440.6,75.4217
1783033200000,61440.0,61440.0,61329.0,61329.7,65.6666
1783034100000,61329.7,61519.2,61329.1,61484.9,40.9286
1783035000000,61484.9,61585.3,61421.8,61451.6,41.8367
1783035900000,61451.5,61579.1,61446.7,61537.1,21.1067
1783036800000,61537.1,61557.3,61357.0,61395.9,50.2568
1783037700000,61395.9,61436.0,61275.0,61275.1,262.5438
1783038600000,61275.0,61344.0,61220.3,61315.1,72.2621
1783039500000,61315.1,61389.8,61272.2,61277.8,25.1809
1783040400000,61277.7,61702.5,61257.7,61610.2,128.2125
1783041300000,61610.1,61634.3,61479.8,61541.0,84.5107
1783042200000,61541.0,61707.7,61498.5,61638.2,83.7601
1783043100000,61638.2,61650.0,61558.9,61564.1,60.9056
1783044000000,61565.4,61644.3,61492.2,61502.9,66.7921
1783044900000,61502.9,61567.1,61377.1,61377.1,72.5078
1783045800000,61376.8,61440.0,61270.5,61339.1,91.2761
1783046700000,61339.2,61434.9,61281.8,61411.0,25.6474
1783047600000,61406.6,61433.9,61300.6,61306.7,24.0678
1783048500000,61306.7,61560.0,61306.6,61513.6,73.856
1783049400000,61513.5,61520.8,61360.0,61372.0,36.653
1783050300000,61372.1,61442.0,61333.0,61409.0,47.7255
1783051200000,61409.0,61442.3,61324.0,61410.0,39.2207
1783052100000,61410.0,61416.6,61320.1,61416.5,17.6783
1783053000000,61416.6,61500.0,61383.3,61478.7,36.8994
1783053900000,61478.9,61486.2,61348.7,61420.2,29.5074
1783054800000,61420.0,61538.2,61404.2,61514.4,40.2253
1783055700000,61514.3,61660.4,61488.0,61607.0,110.1533
1783056600000,61605.6,61777.0,61593.4,61673.6,149.3304
1783057500000,61673.6,61720.0,61617.9,61672.6,63.0115
1783058400000,61672.6,61820.2,61655.0,61703.6,90.4975
1783059300000,61704.3,61791.5,61664.2,61693.1,72.8651
1783060200000,61693.0,61756.2,61583.0,61617.6,80.2525
1783061100000,61617.6,61747.8,61617.5,61679.0,59.8185
1783062000000,61679.1,61760.0,61633.8,61674.7,54.4171
1783062900000,61674.7,61733.0,61674.7,61732.9,37.5745
1783063800000,61732.9,61817.2,61710.0,61808.5,57.7622
1783064700000,61807.6,61849.1,61733.9,61734.7,83.5915
1783065600000,61734.7,61811.4,61717.4,61727.4,59.3433
1783066500000,61727.5,61808.9,61703.0,61757.5,56.4819
1783067400000,61757.5,61877.3,61703.2,61850.1,92.7092
1783068300000,61850.1,61850.1,61534.0,61557.6,171.5533
1783069200000,61557.6,61695.0,61484.7,61680.1,203.566
1783070100000,61680.1,61713.1,61620.3,61660.4,135.1735
1783071000000,61660.3,61661.6,61527.2,61633.7,63.5124
1783071900000,61633.7,61754.0,61633.6,61686.7,162.0003
1783072800000,61686.7,61740.2,61644.4,61700.6,111.778
1783073700000,61700.7,61743.9,61641.7,61715.7,89.6736
1783074600000,61715.8,62017.3,61700.1,61992.9,289.5298
1783075500000,61993.4,62000.8,61848.9,61888.7,284.5619
1783076400000,61888.7,62047.4,61815.0,61995.3,149.4143
1783077300000,61995.2,62046.2,61901.7,61958.6,173.4884
1783078200000,61958.7,61998.8,61853.6,61864.6,115.7676
1783079100000,61865.5,62072.8,61865.4,61992.1,246.3716
1783080000000,61992.0,62150.0,61974.8,62119.8,278.708
1783080900000,62120.0,62124.9,61881.5,61928.3,169.4665
1783081800000,61928.4,61945.2,61838.9,61897.3,192.0369
1783082700000,61897.3,61993.0,61897.3,61949.9,99.1904
1783083600000,61950.0,62045.8,61911.2,62028.4,418.0647
1783084500000,62028.3,62099.6,61970.9,62066.3,211.4462
1783085400000,62066.0,62164.0,61990.0,62127.3,153.8778
1783086300000,62127.4,62256.0,62021.7,62082.8,524.9224
1783087200000,62082.9,62082.9,61673.1,61738.0,771.5895
1783088100000,61738.0,61899.0,61696.6,61899.0,373.9762
1783089000000,61899.0,62040.0,61818.7,62032.8,201.9429
1783089900000,62032.9,62250.0,61997.8,62140.4,247.397
1783090800000,62140.6,62366.0,62130.0,62159.4,489.6227
1783091700000,62158.1,62196.3,61960.5,61981.6,270.3176
1783092600000,61981.6,62080.9,61788.1,61817.2,380.9969
1783093500000,61817.3,61937.2,61793.8,61896.5,235.2206
1783094400000,61896.6,61965.9,61875.0,61900.5,210.3139
1783095300000,61900.6,62084.3,61900.5,62044.0,108.6283
1783096200000,62044.1,62096.2,61959.0,62018.7,76.5137
1783097100000,62018.3,62098.7,61987.2,62079.4,147.9099
1783098000000,62079.4,62260.3,62040.9,62165.9,324.4017
1783098900000,62165.9,62217.9,62086.2,62157.2,90.7867
1783099800000,62157.1,62240.0,62133.3,62200.1,80.6205
1783100700000,62200.1,62220.6,62138.0,62170.9,55.6748
1783101600000,62171.0,62180.2,62085.9,62128.0,52.026
1783102500000,62127.9,62174.6,62104.2,62150.1,38.1312
1783103400000,62150.2,62214.7,62144.0,62189.4,51.7088
1783104300000,62189.4,62217.7,62164.3,62179.0,30.1392
1783105200000,62179.1,62229.9,62120.1,62153.5,170.7727
1783106100000,62153.7,62271.5,62152.5,62193.2,96.5203
1783107000000,62193.6,62290.8,62130.1,62200.6,144.6117
1783107900000,62200.5,62227.6,62161.9,62175.7,44.6362
1783108800000,62175.6,62453.4,62154.0,62400.9,381.7202
1783109700000,62400.8,62661.1,62361.5,62590.3,516.0536
1783110600000,62590.2,62882.8,62569.9,62677.7,464.911
1783111500000,62677.7,62842.8,62653.0,62752.4,168.2776
1783112400000,62752.4,62944.2,62694.6,62724.1,254.6103
1783113300000,62724.7,62772.7,62583.7,62600.1,277.5022
1783114200000,62600.1,62610.0,62483.4,62581.9,175.3968
1783115100000,62581.9,62800.9,62580.7,62701.0,188.8019
1783116000000,62700.9,62719.8,62557.0,62606.0,84.4919
1783116900000,62606.0,62684.1,62594.4,62604.3,96.1029
1783117800000,62604.3,62606.9,62515.0,62591.6,47.6047
1783118700000,62591.6,62644.1,62544.2,62544.6,58.7927
1783119600000,62544.7,62576.0,62503.7,62536.5,26.7983
1783120500000,62536.6,62650.0,62531.0,62599.0,36.7358
1783121400000,62599.0,62681.7,62599.0,62653.6,55.6578
1783122300000,62657.9,62660.1,62519.2,62557.6,42.3943
1783123200000,62557.6,62925.3,62555.1,62796.2,213.0375
1783124100000,62796.2,62825.2,62717.8,62733.8,91.7017
1783125000000,62733.9,62784.5,62660.8,62686.0,61.436
1783125900000,62686.0,62790.2,62683.1,62735.6,26.4344
1783126800000,62735.5,62751.7,62450.0,62487.8,221.8572
1783127700000,62487.8,62567.6,62376.2,62464.4,222.6557
1783128600000,62465.0,62520.0,62401.3,62420.3,54.4251
1783129500000,62420.4,62481.4,62392.3,62445.2,54.7455
1783130400000,62445.1,62539.3,62445.1,62500.1,98.0355
1783131300000,62500.1,62500.1,62424.3,62463.3,41.283
1783132200000,62463.3,62477.4,62401.0,62470.8,38.3932
1783133100000,62470.8,62550.0,62445.6,62509.9,49.9429
1783134000000,62510.0,62556.1,62457.5,62536.9,44.2741
1783134900000,62536.8,62561.4,62518.0,62541.4,33.668
1783135800000,62541.4,62719.1,62485.0,62683.4,271.9558
1783136700000,62683.3,62691.2,62594.7,62602.4,55.7738
1783137600000,62602.5,62684.9,62570.3,62627.2,156.7973
1783138500000,62627.3,62697.2,62569.1,62638.1,122.87
1783139400000,62638.0,62721.0,62630.6,62655.5,125.7659
1783140300000,62655.7,62713.4,62616.4,62657.7,73.3345
1783141200000,62659.1,62659.1,62547.7,62551.0,106.0264
1783142100000,62551.0,62553.0,62450.0,62494.6,186.6277
1783143000000,62494.7,62547.0,62483.5,62539.5,63.4241
1783143900000,62539.4,62574.5,62411.4,62445.5,139.633
1783144800000,62445.4,62540.5,62410.0,62410.1,140.2306
1783145700000,62410.1,62431.1,62300.0,62404.0,423.4374
1783146600000,62404.0,62505.4,62404.0,62431.0,482.1518
1783147500000,62431.1,62500.3,62415.7,62471.4,168.8172
1783148400000,62471.5,62531.4,62436.1,62517.6,110.2799
1783149300000,62515.9,62607.6,62494.8,62518.7,143.6772
1783150200000,62518.7,62534.0,62451.6,62476.6,86.889
1783151100000,62476.5,62564.8,62464.0,62543.2,64.2556
1783152000000,62543.3,62555.3,62483.7,62518.0,55.2849
1783152900000,62517.6,62549.8,62487.5,62520.6,74.7689
1783153800000,62520.7,62641.2,62500.0,62566.4,132.4757
1783154700000,62566.4,62637.6,62526.6,62528.5,108.3824
1783155600000,62528.5,62558.9,62420.1,62480.1,91.5665
1783156500000,62480.0,62487.0,62426.2,62452.2,68.2959
1783157400000,62452.2,62459.2,62391.0,62425.0,94.3742
1783158300000,62425.0,62488.0,62425.0,62465.5,118.7531
1783159200000,62465.6,62471.0,62419.2,62435.7,47.7474
1783160100000,62435.6,62503.3,62424.5,62473.3,145.4918
1783161000000,62473.2,62490.5,62439.6,62462.5,85.9857
1783161900000,62462.5,62519.0,62431.0,62484.4,48.916
1783162800000,62484.3,62503.1,62435.0,62499.1,51.2766
1783163700000,62499.1,62523.4,62440.5,62457.7,73.1368
1783164600000,62457.7,62530.0,62455.4,62468.1,78.3052
1783165500000,62468.1,62486.9,62452.9,62459.4,46.5122
1783166400000,62459.3,62554.3,62452.8,62538.3,54.1117
1783167300000,62538.3,62591.1,62515.3,62559.2,73.9683
1783168200000,62559.3,62620.2,62553.1,62596.1,80.4527
1783169100000,62596.0,62668.8,62558.6,62632.9,78.7946
1783170000000,62632.9,62633.8,62563.5,62584.3,70.1331
1783170900000,62584.2,62738.4,62580.5,62628.2,116.8278
1783171800000,62628.2,62629.5,62527.1,62556.4,78.8105
1783172700000,62556.4,62566.5,62516.0,62564.2,29.6722
1783173600000,62564.2,62661.2,62560.6,62632.8,38.7876
1783174500000,62632.9,62714.6,62603.4,62644.4,84.714
1783175400000,62644.3,62667.8,62598.1,62654.7,25.3241
1783176300000,62654.7,62689.0,62597.4,62670.3,36.8704
1783177200000,62670.3,63042.1,62659.5,62798.8,463.2022
1783178100000,62798.8,62900.0,62712.7,62893.3,227.1945
1783179000000,62893.3,62968.0,62813.1,62894.3,206.4238
1783179900000,62894.3,62982.4,62836.1,62907.1,109.2148
1783180800000,62907.2,62941.0,62760.0,62760.0,130.1525
1783181700000,62760.1,62850.0,62760.0,62835.3,110.8959
1783182600000,62835.3,62914.8,62835.0,62877.8,103.9689
1783183500000,62877.9,62938.7,62831.1,62890.5,56.081
1783184400000,62890.5,62922.7,62770.0,62836.9,101.5437
1783185300000,62837.0,62956.8,62823.3,62954.8,78.6254
1783186200000,62954.8,63166.8,62947.8,63151.7,491.3366
1783187100000,63151.6,63403.0,63116.6,63247.0,901.2306
1783188000000,63247.0,63316.8,63154.0,63293.1,279.9728
1783188900000,63293.0,63319.9,63116.9,63149.7,204.3073
1783189800000,63149.7,63149.7,63070.1,63086.0,113.2225
1783190700000,63086.0,63152.9,63065.7,63138.4,149.7676
1783191600000,63138.5,63215.6,63100.0,63145.4,109.0411
1783192500000,63145.4,63350.0,63145.3,63343.9,239.7015
1783193400000,63343.8,63440.0,63248.8,63338.3,222.8503
1783194300000,63338.3,63338.4,63250.0,63265.7,61.4974
1783195200000,63265.7,63375.0,63253.0,63311.5,151.2292
1783196100000,63311.6,63316.1,63127.9,63143.1,85.1318
1783197000000,63143.2,63294.5,63129.5,63266.8,124.2262
1783197900000,63266.9,63303.2,63198.4,63204.9,33.7526
1783198800000,63204.9,63342.3,63174.1,63325.5,27.4397
1783199700000,63325.4,63425.0,63324.8,63410.1,74.0918
1783200600000,63410.1,63431.0,63260.1,63268.4,228.8647
1783201500000,63268.4,63305.0,63245.3,63280.0,60.5524
1783202400000,63280.0,63280.0,63187.2,63223.4,70.9021
1783203300000,63223.4,63281.4,63168.8,63189.9,29.7136
1783204200000,63189.9,63219.0,63150.0,63180.3,34.1028
1783205100000,63180.3,63207.0,63133.0,63167.0,34.8206
1783206000000,63167.0,63208.6,62960.3,62966.9,127.3772
1783206900000,62967.2,63072.1,62905.1,63072.0,163.3819
1783207800000,63072.0,63200.7,63072.0,63179.9,41.3892
1783208700000,63179.9,63211.5,63100.0,63114.7,40.3013
1783209600000,63114.7,63115.8,62996.3,63021.1,87.8826
1783210500000,63021.2,63026.9,62950.0,63020.7,133.145
1783211400000,63020.6,63098.3,62967.0,63065.8,32.8866
1783212300000,63065.8,63078.6,62867.6,62960.9,66.6148
1783213200000,62960.9,63019.8,62902.0,62954.9,36.4162
1783214100000,62954.8,62955.1,62809.2,62913.1,133.7438
1783215000000,62913.1,62913.1,62773.0,62838.2,130.4439
1783215900000,62838.2,62883.8,62805.0,62860.0,95.7381
1783216800000,62860.0,62900.0,62707.4,62710.7,112.1074
1783217700000,62708.9,62758.4,62623.2,62730.4,131.0725
1783218600000,62730.3,62772.7,62615.3,62617.1,75.7491
1783219500000,62617.1,62672.1,62568.8,62672.1,169.4405
1783220400000,62672.1,62753.9,62672.0,62737.0,78.3673
1783221300000,62737.0,62748.6,62626.8,62642.9,71.2077
1783222200000,62642.9,62746.1,62637.5,62708.5,117.4654
1783223100000,62708.5,62768.9,62697.8,62740.1,139.1654
1783224000000,62740.2,62793.8,62680.0,62761.7,74.8606
1783224900000,62761.7,62850.0,62760.0,62833.3,115.3972
1783225800000,62833.3,62934.7,62833.3,62912.0,131.8539
1783226700000,62912.0,62912.9,62779.3,62800.0,75.8574
1783227600000,62796.7,62796.7,62704.5,62721.0,140.1148
1783228500000,62721.0,62767.2,62713.7,62731.0,68.0935
1783229400000,62730.9,62796.1,62624.9,62643.5,91.8096
1783230300000,62643.5,62741.4,62642.3,62715.8,79.795
1783231200000,62715.7,62720.0,62643.1,62697.7,40.7476
1783232100000,62697.7,62778.6,62685.0,62773.9,27.2562
1783233000000,62773.8,62800.0,62715.1,62729.3,66.193
1783233900000,62729.3,62771.9,62717.2,62750.1,44.4431
1783234800000,62750.2,62774.5,62728.0,62729.2,44.491
1783235700000,62728.5,62805.1,62690.4,62726.6,71.0641
1783236600000,62726.6,62916.5,62726.6,62893.2,157.1511
1783237500000,62893.2,63034.2,62863.9,62991.4,230.6889
1783238400000,62991.5,63075.0,62920.1,62981.7,165.9942
1783239300000,62981.8,63020.2,62885.1,62908.1,113.8327
1783240200000,62908.2,62964.7,62884.6,62912.2,83.3112
1783241100000,62910.5,62957.9,62868.8,62891.6,108.0055
1783242000000,62892.2,62907.4,62845.7,62850.2,106.9118
1783242900000,62850.1,62855.5,62705.0,62711.6,174.4245
1783243800000,62711.7,62757.9,62413.9,62503.7,356.7859
1783244700000,62503.7,62609.5,62480.1,62598.2,167.5818
1783245600000,62598.2,62706.6,62516.8,62656.8,252.4557
1783246500000,62656.7,62712.3,62606.1,62667.2,89.7866
1783247400000,62667.1,62710.7,62634.9,62665.1,78.0274
1783248300000,62665.1,62732.8,62655.1,62730.9,69.3985
1783249200000,62730.8,62789.8,62650.6,62674.4,141.8816
1783250100000,62670.8,62670.8,62581.8,62600.6,109.4533
1783251000000,62600.0,62695.0,62590.2,62673.9,81.6363
1783251900000,62673.7,62700.0,62611.7,62623.2,65.2129
1783252800000,62624.7,62626.2,62534.5,62595.9,139.0135
1783253700000,62595.8,62725.6,62585.0,62724.0,76.7705
1783254600000,62724.0,62744.9,62626.5,62678.6,92.1401
1783255500000,62678.6,62716.8,62675.7,62714.5,34.0288
1783256400000,62714.4,62795.8,62665.0,62706.1,108.3798
1783257300000,62706.2,62740.1,62621.5,62661.9,51.0369
1783258200000,62661.8,62728.6,62646.0,62721.2,37.3038
1783259100000,62721.2,62794.0,62721.2,62765.5,78.8838
1783260000000,62765.6,62791.8,62682.2,62713.0,83.1505
1783260900000,62713.1,62713.1,62641.3,62683.9,87.2164
1783261800000,62684.0,62750.0,62622.2,62709.5,89.2527
1783262700000,62709.5,62782.9,62682.6,62782.8,204.0998
1783263600000,62782.9,62918.5,62768.2,62783.1,299.8911
1783264500000,62783.2,62790.0,62703.1,62743.9,69.8506
1783265400000,62744.0,62875.0,62666.2,62668.9,186.1695
1783266300000,62668.9,62735.4,62640.7,62711.0,120.0744
1783267200000,62710.9,62741.9,62667.7,62684.8,29.1918
1783268100000,62684.9,62701.1,62588.0,62596.7,34.3184
1783269000000,62596.6,62640.8,62592.7,62602.0,36.7875
1783269900000,62601.9,62635.8,62575.2,62614.3,44.9903
1783270800000,62614.2,62719.8,62614.2,62688.3,87.2991
1783271700000,62688.6,62793.1,62655.0,62661.6,93.0734
1783272600000,62661.7,62700.6,62577.8,62579.4,65.0732
1783273500000,62579.1,62646.0,62575.4,62604.1,40.2558
1783274400000,62604.2,62663.0,62592.4,62632.5,53.4726
1783275300000,62632.4,62698.8,62632.4,62659.3,31.0174
1783276200000,62659.3,62739.1,62654.0,62737.5,85.386
1783277100000,62737.6,62854.1,62705.6,62787.9,74.6355
1783278000000,62787.9,62845.8,62700.0,62817.6,136.3972
1783278900000,62817.7,62855.6,62696.9,62762.1,37.1591
1783279800000,62762.1,62808.9,62737.4,62775.8,90.4494
1783280700000,62776.9,62810.6,62736.6,62745.6,33.6235
1783281600000,62745.7,62818.1,62744.9,62795.4,55.8403
1783282500000,62795.4,62795.4,62675.2,62700.7,31.8223
1783283400000,62700.8,62720.0,62673.1,62718.4,12.4467
1783284300000,62718.3,62766.5,62706.1,62706.2,19.7796
1783285200000,62706.1,62734.5,62580.5,62713.3,136.1923
1783286100000,62713.3,62912.7,62694.9,62892.0,224.1173
1783287000000,62892.1,63020.0,62864.6,62998.0,152.3766
1783287900000,62997.9,63199.5,62912.4,63065.7,254.3423
1783288800000,63065.8,63196.6,62979.8,63189.7,112.0485
1783289700000,63189.8,63717.0,63162.3,63688.4,694.3592
1783290600000,63691.0,63927.8,63513.2,63539.5,703.334
1783291500000,63539.4,63721.6,63533.2,63709.9,140.2528
1783292400000,63709.8,63966.9,63684.3,63946.4,623.2169
1783293300000,63946.3,63969.0,63645.8,63647.2,271.6871
1783294200000,63647.2,63703.0,63600.0,63668.6,135.3259
1783295100000,63668.4,63668.4,63540.2,63613.4,191.845
1783296000000,63613.4,63681.6,63456.2,63566.6,108.5674
1783296900000,63566.5,63679.4,63384.2,63384.3,121.1788
1783297800000,63384.2,63624.4,63314.7,63574.5,143.4376
1783298700000,63574.6,63745.6,63574.6,63727.6,65.0246
1783299600000,63723.1,63832.0,63655.1,63785.5,235.3248
1783300500000,63785.5,63822.1,63573.4,63708.3,215.035
1783301400000,63708.3,63891.2,63660.0,63688.8,257.4525
1783302300000,63688.8,63688.8,63517.6,63544.2,131.9692
1783303200000,63544.2,63642.2,63382.6,63424.6,266.2259
1783304100000,63424.7,63633.8,63408.8,63492.7,119.1817
1783305000000,63492.7,63602.2,63355.0,63364.9,102.8061
1783305900000,63364.9,63460.0,63340.8,63426.9,69.5971
1783306800000,63427.0,63466.7,63368.0,63384.2,37.1929
1783307700000,63385.3,63401.1,63171.1,63199.9,229.3618
1783308600000,63199.9,63300.4,63111.3,63178.9,231.1743
1783309500000,63179.0,63274.4,63160.0,63273.9,60.7304
1783310400000,63273.9,63360.0,63204.8,63311.2,107.167
1783311300000,63311.2,63336.2,63158.0,63204.7,78.2094
1783312200000,63204.7,63367.9,63165.3,63287.1,165.6155
1783313100000,63287.1,63328.0,63205.1,63244.0,105.715
1783314000000,63242.2,63246.9,63134.3,63175.6,79.7966
1783314900000,63175.6,63219.4,62959.3,62975.6,281.411
1783315800000,62976.9,63129.9,62914.9,63082.8,277.558
1783316700000,63082.7,63139.7,63052.4,63082.6,145.541
1783317600000,63082.5,63120.5,63012.8,63092.1,268.7874
1783318500000,63092.2,63120.0,62967.3,63004.7,160.8543
1783319400000,63004.8,63043.1,62944.5,63042.3,81.1152
1783320300000,63044.8,63060.7,62952.6,62959.5,44.2446
1783321200000,62959.5,62965.8,62858.1,62935.0,118.5446
1783322100000,62937.1,63007.1,62873.3,62940.1,249.8358
1783323000000,62940.1,63094.4,62886.1,63079.6,108.2667
1783323900000,63079.5,63103.8,63049.8,63063.1,50.7731
1783324800000,63063.1,63221.0,62977.8,63030.8,160.4571
1783325700000,63030.8,63065.3,62953.4,63044.9,78.9231
1783326600000,63044.9,63045.0,62805.2,62893.3,329.3386
1783327500000,62893.3,62924.8,62855.3,62873.0,60.3063
1783328400000,62872.9,62892.2,62817.1,62832.4,76.3709
1783329300000,62832.4,62858.5,62715.4,62729.4,255.1993
1783330200000,62729.5,62744.8,62603.7,62665.7,340.0679
1783331100000,62665.6,62677.3,62602.2,62642.7,200.0107
1783332000000,62642.7,62826.1,62623.6,62815.9,276.9532
1783332900000,62816.0,62859.1,62813.3,62859.1,265.5351
1783333800000,62859.0,63012.0,62850.0,62907.5,365.301
1783334700000,62903.0,62927.7,62775.7,62793.8,161.4571
1783335600000,62793.8,62859.5,62772.7,62779.1,133.1952
1783336500000,62779.0,62901.8,62755.0,62858.6,176.3213
1783337400000,62858.4,62972.5,62847.6,62935.6,63.7717
1783338300000,62935.5,62974.9,62460.3,62460.3,448.972
1783339200000,62460.1,62472.3,61838.6,61964.5,1450.7871
1783340100000,61964.5,62116.9,61881.0,62054.5,292.2967
1783341000000,62054.4,62155.0,61752.1,61784.5,502.327
1783341900000,61784.6,61897.5,61652.0,61729.5,549.7023
1783342800000,61729.6,61782.5,61567.6,61612.9,729.0857
1783343700000,61612.9,61683.3,61410.0,61433.0,558.2413
1783344600000,61432.8,61643.4,61303.4,61628.5,817.7126
1783345500000,61628.5,62009.2,61600.1,61742.7,569.1804
1783346400000,61742.7,61967.9,61705.0,61909.5,302.7093
1783347300000,61909.6,62390.3,61700.0,62050.2,493.476
1783348200000,62050.4,62188.3,61920.0,62020.0,226.6632
1783349100000,62017.4,62040.6,61851.9,62020.0,159.6503
1783350000000,62019.9,62546.0,62019.9,62449.1,604.1884
1783350900000,62449.1,62524.9,62285.5,62429.1,315.2836
1783351800000,62429.2,62923.8,62250.0,62884.7,618.1793
1783352700000,62884.7,63528.5,62774.8,63520.9,969.1497
1783353600000,63520.9,63845.3,63357.3,63723.5,801.1657
1783354500000,63721.1,63772.7,63382.0,63442.5,400.8621
1783355400000,63442.3,63777.0,63432.8,63721.2,208.1101
1783356300000,63721.3,63759.7,63630.0,63707.3,100.778
1783357200000,63707.3,63910.9,63646.2,63823.6,270.1568
1783358100000,63823.6,63944.7,63799.1,63863.4,369.1341
1783359000000,63863.5,63914.0,63634.8,63684.6,237.1122
1783359900000,63684.7,63739.9,63547.4,63564.2,162.6783
1783360800000,63564.2,63742.8,63533.4,63673.7,98.269
1783361700000,63673.7,63867.1,63589.0,63737.3,155.1506
1783362600000,63737.4,63831.5,63676.3,63777.1,51.0531
1783363500000,63777.3,63799.9,63664.8,63677.0,49.2077
1783364400000,63677.1,63739.3,63630.6,63724.0,118.858
1783365300000,63724.1,63868.2,63712.4,63817.1,131.0234
1783366200000,63817.2,63835.4,63739.0,63821.4,169.58
1783367100000,63820.9,63850.0,63688.7,63712.1,63.479
1783368000000,63713.9,63728.2,63570.5,63578.8,103.9083
1783368900000,63582.4,63743.7,63580.2,63739.0,50.8809
1783369800000,63739.3,63864.4,63728.5,63807.7,122.874
1783370700000,63807.7,63873.3,63755.3,63800.3,37.526
1783371600000,63800.3,64692.7,63784.4,64289.0,979.3476
1783372500000,64289.0,64355.1,64175.6,64196.5,213.4486
1783373400000,64196.4,64295.7,64131.9,64200.7,93.4078
1783374300000,64200.6,64517.0,64146.0,64470.0,207.0417
1783375200000,64470.0,64483.8,64271.8,64344.9,225.8462
1783376100000,64344.9,64455.8,64175.1,64194.4,199.0309
1783377000000,64194.4,64210.7,64151.7,64188.4,68.8402
1783377900000,64188.4,64273.4,64131.8,64227.4,67.8617
1783378800000,64227.5,64322.7,64200.7,64249.0,81.6059
1783379700000,64249.1,64262.5,64070.8,64075.0,71.7033
1783380600000,64074.9,64159.0,64046.8,64046.9,40.9161
1783381500000,64046.9,64100.0,64002.2,64021.5,176.0743
1783382400000,64021.6,64085.1,64000.0,64007.7,53.5734
1783383300000,64007.4,64295.2,63990.0,64221.6,114.8909
1783384200000,64221.7,64230.8,64002.0,64059.7,64.2455
1783385100000,64060.0,64248.2,64055.3,64175.2,59.0771
1783386000000,64175.3,64175.3,63857.1,63942.0,287.6827
1783386900000,63942.1,64030.6,63895.7,63926.4,62.5583
1783387800000,63926.3,63952.7,63750.3,63928.3,128.373
1783388700000,63928.2,63992.7,63793.4,63815.0,52.9049
1783389600000,63815.0,63884.4,63758.6,63798.0,97.3953
1783390500000,63798.0,63850.0,63542.2,63542.6,156.1478
1783391400000,63542.5,63577.9,63412.5,63568.3,258.3982
1783392300000,63568.4,63600.0,63265.5,63300.5,197.8859
1783393200000,63300.4,63390.0,63241.3,63302.1,106.1598
1783394100000,63302.1,63347.8,63204.5,63262.2,140.6816
1783395000000,63262.4,63327.4,63155.0,63186.4,123.5078
1783395900000,63186.4,63186.4,63120.1,63165.7,134.0636
1783396800000,63165.7,63236.9,63117.8,63166.3,95.8133
1783397700000,63166.3,63256.4,63135.2,63235.4,108.8975
1783398600000,63235.4,63249.8,63123.6,63123.6,102.1831
1783399500000,63123.6,63144.2,63030.7,63069.4,268.3463
1783400400000,63069.5,63094.1,62770.0,62791.5,312.0488
1783401300000,62792.7,62967.8,62781.7,62914.1,213.2969
1783402200000,62914.1,63165.6,62913.7,63139.8,358.6565
1783403100000,63139.8,63230.2,63092.6,63093.0,247.2364
1783404000000,63093.0,63199.4,62960.0,63013.4,153.3793
1783404900000,63013.4,63149.1,63013.3,63135.3,75.9688
1783405800000,63135.2,63262.0,63106.1,63239.6,115.2472
1783406700000,63239.7,63377.1,63213.0,63310.1,173.7713
1783407600000,63310.0,63420.0,63276.5,63364.7,106.3834
1783408500000,63364.3,63378.1,63203.6,63215.0,104.1335
1783409400000,63215.0,63251.4,63059.8,63124.9,178.4577
1783410300000,63124.9,63161.7,63048.4,63061.7,96.0586
1783411200000,63062.0,63163.2,63012.2,63093.5,103.3464
1783412100000,63093.4,63145.1,63028.8,63058.5,65.6541
1783413000000,63058.4,63089.6,62963.2,63068.6,81.9294
1783413900000,63072.0,63113.2,63001.0,63075.2,83.3557
1783414800000,63075.2,63225.4,63028.6,63220.1,118.0247
1783415700000,63220.1,63225.7,63142.9,63143.0,91.7431
1783416600000,63142.9,63272.2,63124.9,63265.5,94.5991
1783417500000,63265.6,63316.2,63205.3,63227.6,154.7704
1783418400000,63227.5,63436.4,63222.7,63333.0,149.087
1783419300000,63333.0,63436.5,63276.1,63278.8,113.6669
1783420200000,63278.8,63285.7,63203.7,63252.4,165.5697
1783421100000,63252.4,63257.5,63208.1,63254.6,81.6973
1783422000000,63254.6,63254.6,63090.5,63129.8,171.9312
1783422900000,63130.2,63199.9,63099.4,63145.5,98.5052
1783423800000,63145.4,63233.0,63099.6,63233.0,119.5467
1783424700000,63233.0,63429.8,63233.0,63376.3,203.0348
1783425600000,63376.3,63850.0,63365.2,63793.3,472.6462
1783426500000,63793.3,63794.1,63614.0,63678.1,196.7104
1783427400000,63678.1,63679.3,63461.0,63585.5,230.8004
1783428300000,63585.6,63585.6,63426.1,63453.5,123.59
1783429200000,63453.4,63455.3,63243.2,63309.8,268.5643
1783430100000,63309.7,63342.9,63060.0,63091.9,2510.2115
1783431000000,63092.8,63225.8,62966.0,63145.8,506.5874
1783431900000,63145.8,63388.5,62988.4,63024.7,532.5674
1783432800000,63025.4,63232.5,62850.4,62956.4,473.1756
1783433700000,62956.5,63130.0,62898.1,63122.1,261.3668
1783434600000,63122.1,63218.0,62652.2,62915.1,753.6982
1783435500000,62917.3,63612.1,62916.0,63536.9,694.9323
1783436400000,63536.8,63597.0,63349.3,63492.2,272.5272
1783437300000,63492.2,63772.0,63470.0,63719.6,320.2739
1783438200000,63719.0,63940.0,63649.0,63818.9,378.3754
1783439100000,63819.3,64083.2,63819.3,63906.8,449.8658
1783440000000,63908.5,64020.8,63788.0,63849.9,285.5632
1783440900000,63849.9,64057.6,63782.6,63973.3,263.1176
1783441800000,63973.4,64069.1,63907.9,64030.0,96.557
1783442700000,64030.0,64224.7,63940.1,63962.8,297.1056
1783443600000,63962.5,64114.3,63933.3,63996.0,225.9377
1783444500000,63996.0,64140.0,63867.4,64125.3,249.9468
1783445400000,64125.2,64213.9,64064.1,64209.6,137.7053
1783446300000,64209.7,64211.0,64081.0,64167.3,73.0745
1783447200000,64167.1,64169.9,63975.6,63999.2,174.8916
1783448100000,63999.3,64126.9,63943.2,63962.6,105.231
1783449000000,63962.5,64067.9,63929.3,64067.9,64.4204
1783449900000,64068.0,64117.5,63645.2,63653.7,258.8164
1783450800000,63653.0,63749.1,63500.6,63506.2,304.2295
1783451700000,63506.1,63646.3,63356.4,63573.1,210.1466
1783452600000,63573.1,63787.2,63572.6,63773.7,173.4477
1783453500000,63773.7,63875.0,63746.6,63792.3,120.0974
1783454400000,63792.4,63879.6,63665.7,63758.0,92.2102
1783455300000,63758.0,63800.0,63677.1,63707.8,54.558
1783456200000,63707.8,63720.9,63601.8,63650.1,46.3053
1783457100000,63650.1,63675.5,63591.1,63670.5,45.4407
1783458000000,63670.4,63839.9,63670.4,63755.8,76.3152
1783458900000,63755.8,63755.9,63365.2,63496.5,193.9677
1783459800000,63496.5,63500.0,63300.0,63374.7,107.1531
1783460700000,63374.7,63495.6,63345.0,63398.8,76.9075
1783461600000,63395.2,63431.7,63190.2,63427.9,137.5443
1783462500000,63427.8,63485.9,63353.2,63431.2,65.2253
1783463400000,63431.4,63630.6,63396.9,63577.6,122.64
1783464300000,63577.6,63577.6,63463.5,63513.6,72.9362
1783465200000,63513.6,63634.6,63490.3,63612.0,42.3922
1783466100000,63612.0,63683.2,63586.2,63625.4,56.2607
1783467000000,63625.5,63633.6,63380.0,63413.5,79.5351
1783467900000,63413.4,63424.9,63286.9,63333.4,262.0858
1783468800000,63334.2,63485.6,63274.1,63468.5,78.3144
1783469700000,63468.4,63650.0,63380.2,63579.1,91.549
1783470600000,63579.1,63735.7,63510.7,63680.7,96.2334
1783471500000,63680.6,63685.3,63561.1,63582.8,54.8242
1783472400000,63582.7,63624.0,63448.0,63606.6,72.1538
1783473300000,63606.6,63606.6,63397.9,63397.9,58.8412
1783474200000,63397.9,63425.4,62887.3,63120.3,518.0123
1783475100000,63120.1,63188.7,62938.7,63005.1,307.1434
1783476000000,63002.8,63011.5,62790.0,62858.1,310.7996
1783476900000,62858.1,62959.0,62782.1,62858.4,151.0603
1783477800000,62858.3,62949.5,62502.8,62946.1,483.6291
1783478700000,62946.0,63041.7,62863.0,62955.0,157.6617
1783479600000,62955.0,63072.2,62950.0,63040.9,90.0105
1783480500000,63040.8,63040.9,62939.2,63023.3,75.9491
1783481400000,63023.3,63023.3,62883.1,62920.4,115.763
1783482300000,62920.4,62922.0,62669.5,62739.9,154.2068
1783483200000,62739.9,62832.1,62701.8,62771.1,91.9096
1783484100000,62771.2,62873.0,62770.3,62851.1,90.0232
1783485000000,62851.3,62877.0,62680.7,62711.2,226.0658
1783485900000,62711.3,62781.5,62646.6,62771.5,102.4433
1783486800000,62770.9,62850.6,62720.9,62772.9,75.4545
1783487700000,62773.0,62825.0,62687.4,62745.6,175.885
1783488600000,62745.6,62753.5,62590.0,62592.3,97.4709
1783489500000,62592.2,62660.0,62520.0,62612.4,260.377
1783490400000,62612.4,62612.4,62533.2,62598.8,89.4181
1783491300000,62598.8,62677.5,62455.0,62595.1,198.2059
1783492200000,62593.6,62611.2,62450.0,62516.7,141.0798
1783493100000,62516.7,62720.0,62499.9,62632.8,124.3738
1783494000000,62632.8,62729.1,62527.0,62719.2,115.1786
1783494900000,62718.0,62807.9,62646.4,62783.7,95.3583
1783495800000,62783.7,62856.0,62723.7,62796.0,128.3754
1783496700000,62798.4,62867.8,62771.4,62854.8,59.2794
1783497600000,62854.8,62911.9,62753.5,62799.0,98.7823
1783498500000,62799.9,62822.2,62050.0,62050.1,675.9397
1783499400000,62050.2,62128.1,61823.4,62019.0,698.818
1783500300000,62019.0,62309.3,61969.0,61987.9,344.6667
1783501200000,61987.9,62088.4,61852.6,61852.7,233.2246
1783502100000,61853.4,61914.5,61715.2,61908.1,321.6667
1783503000000,61908.1,62139.7,61908.1,62109.9,232.2298
1783503900000,62109.9,62112.6,62015.1,62028.5,186.4742
1783504800000,62029.6,62063.8,61873.5,61973.8,278.3329
1783505700000,61975.0,62084.5,61947.0,62084.4,104.2643
1783506600000,62084.3,62147.4,62033.3,62117.6,104.0483
1783507500000,62117.6,62167.4,62071.6,62154.0,84.0001
1783508400000,62153.9,62163.9,62039.8,62082.7,76.4854
1783509300000,62082.7,62142.5,62025.0,62095.5,66.5971
1783510200000,62095.5,62354.2,62056.1,62307.8,161.3494
1783511100000,62307.8,62330.5,62202.1,62274.9,139.9355
1783512000000,62274.9,62399.9,62174.8,62290.2,169.811
1783512900000,62290.1,62345.8,62200.1,62253.1,88.9635
1783513800000,62253.1,62276.2,62058.2,62074.7,256.594
1783514700000,62074.7,62128.5,61904.9,61935.3,215.0338
1783515600000,61935.3,61976.6,61823.9,61905.8,332.7131
1783516500000,61901.0,61916.1,61732.0,61803.9,213.2035
1783517400000,61803.9,62062.9,61803.9,61936.2,244.6612
1783518300000,61936.1,61942.1,61616.0,61924.2,827.8418
1783519200000,61922.0,62122.6,61889.5,62015.5,475.2116
1783520100000,62015.4,62150.0,61800.0,61967.9,349.6948
1783521000000,61967.5,62011.2,61832.4,61885.5,237.5932
1783521900000,61885.5,62013.3,61678.9,61868.1,434.4445
1783522800000,61868.0,61899.0,61567.6,61587.7,564.0004
1783523700000,61588.1,61695.0,61524.5,61602.0,392.2183
1783524600000,61601.8,61768.9,61564.0,61599.9,234.3162
1783525500000,61599.9,61708.4,61573.0,61673.5,124.5036
1783526400000,61673.4,61863.5,61663.3,61807.4,204.971
1783527300000,61807.4,61958.0,61764.2,61890.0,111.745
1783528200000,61890.0,62065.6,61764.2,62028.2,203.0832
1783529100000,62026.5,62131.6,61985.4,62086.8,209.5752
1783530000000,62086.8,62123.1,62006.0,62033.9,79.0916
1783530900000,62033.9,62280.0,62022.0,62279.9,249.2185
1783531800000,62280.0,62370.0,62200.0,62239.1,196.1255
1783532700000,62239.2,62248.9,62027.4,62084.9,167.8595
1783533600000,62084.4,62281.4,62068.6,62267.1,177.9553
1783534500000,62267.1,62325.0,62160.3,62166.4,171.7393
1783535400000,62166.5,62166.5,62017.6,62070.4,176.8371
1783536300000,62070.1,62256.4,62050.0,62157.3,143.4465
1783537200000,62157.6,62245.6,62066.0,62071.7,83.2523
1783538100000,62071.6,62220.9,62040.2,62212.3,101.9464
1783539000000,62212.3,62264.8,62178.0,62261.1,62.7194
1783539900000,62260.9,62267.8,62096.1,62253.7,66.824
1783540800000,62257.3,62284.8,62153.9,62230.4,40.2732
1783541700000,62230.3,62243.2,62123.0,62242.9,38.9938
1783542600000,62242.5,62244.5,62086.7,62165.1,51.4661
1783543500000,62164.6,62215.2,62053.3,62080.2,39.3099
1783544400000,62080.2,62121.1,61930.4,61977.3,170.0849
1783545300000,61977.3,62081.9,61951.5,62081.8,50.3949
1783546200000,62081.8,62128.4,62031.8,62070.1,24.6339
1783547100000,62064.3,62226.8,62050.7,62162.2,52.1518
1783548000000,62162.3,62323.5,62151.5,62184.5,69.9336
1783548900000,62184.8,62277.6,62151.0,62277.6,44.923
1783549800000,62277.5,62308.3,62218.2,62295.3,80.8661
1783550700000,62294.9,62310.4,62225.2,62303.1,21.322
1783551600000,62303.2,62323.5,62251.4,62297.4,35.6052
1783552500000,62297.4,62297.4,62177.9,62237.7,88.5203
1783553400000,62237.5,62242.0,62140.4,62232.5,60.9412
1783554300000,62232.4,62290.3,62197.5,62256.2,49.9826
1783555200000,62255.5,62286.0,62123.2,62213.7,167.4635
1783556100000,62213.6,62231.6,62083.0,62168.0,142.5881
1783557000000,62168.0,62249.6,62054.8,62175.0,179.193
1783557900000,62175.0,62219.3,62023.9,62102.1,135.7646
1783558800000,62102.0,62611.6,62083.2,62372.7,417.3746
1783559700000,62376.6,62522.1,62332.3,62368.6,139.363
1783560600000,62368.6,62387.8,62025.3,62088.2,198.4595
1783561500000,62089.8,62092.5,61820.2,61881.0,221.2402
1783562400000,61880.9,62060.9,61774.1,62049.3,171.6042
1783563300000,62049.5,62097.0,61927.0,61979.4,70.9909
1783564200000,61979.3,62006.7,61770.8,61786.0,189.9073
1783565100000,61780.0,61817.9,61666.5,61753.6,232.3988
1783566000000,61753.6,61836.3,61700.3,61824.4,69.6338
1783566900000,61824.3,61916.8,61705.1,61889.4,107.8868
1783567800000,61890.6,62033.0,61842.1,61947.4,170.187
1783568700000,61947.5,61974.2,61875.9,61941.2,58.0973
1783569600000,61941.1,62066.7,61929.0,62000.1,180.827
1783570500000,62000.0,62086.5,61980.3,62063.6,79.7142
1783571400000,62063.6,62275.0,62056.1,62275.0,200.6748
1783572300000,62275.0,62432.6,62245.4,62423.2,201.3253
1783573200000,62423.2,62599.1,62346.4,62472.5,292.8921
1783574100000,62472.5,62510.1,62239.1,62276.9,265.0227
1783575000000,62276.9,62374.0,62205.0,62351.8,85.5834
1783575900000,62351.7,62565.9,62324.5,62565.5,157.9328
1783576800000,62565.9,62733.0,62451.4,62499.8,400.7883
1783577700000,62500.0,62832.7,62462.7,62795.0,176.1907
1783578600000,62794.9,62826.7,62718.9,62825.9,197.1003
1783579500000,62826.2,62946.6,62727.2,62929.4,220.7063
1783580400000,62929.3,63154.4,62813.0,62919.8,494.5764
1783581300000,62919.7,63066.5,62808.0,62888.3,182.4152
1783582200000,62888.3,63023.5,62768.6,63014.6,144.9533
1783583100000,63015.5,63231.6,62936.2,62974.2,222.0648
1783584000000,62974.1,62997.5,62885.2,62927.7,115.0585
1783584900000,62927.7,63025.0,62900.4,63020.7,127.5744
1783585800000,63020.7,63060.7,62948.0,63008.6,104.05
1783586700000,63008.6,63012.8,62825.0,62872.0,142.5223
1783587600000,62869.3,62915.0,62780.0,62837.3,131.3443
1783588500000,62837.3,62912.2,62800.6,62897.2,79.264
1783589400000,62897.2,62974.4,62760.0,62775.4,180.9655
1783590300000,62776.8,62942.8,62758.0,62923.6,115.0636
1783591200000,62923.6,63030.0,62874.4,62980.3,222.3244
1783592100000,62980.4,62994.4,62845.1,62849.9,84.5207
1783593000000,62850.0,62923.1,62826.0,62878.0,63.3822
1783593900000,62878.0,62878.0,62655.0,62756.2,349.8216
1783594800000,62756.3,62803.6,62719.6,62772.6,118.0438
1783595700000,62772.7,62772.7,62639.8,62678.9,87.4028
1783596600000,62679.0,62709.0,62586.7,62635.2,107.8419
1783597500000,62635.2,62791.7,62587.2,62756.0,137.3499
1783598400000,62756.0,62847.9,62628.9,62751.2,198.9356
1783599300000,62750.4,62817.3,62640.0,62781.0,96.044
1783600200000,62781.0,62935.2,62547.5,62585.5,246.5151
1783601100000,62585.3,62642.2,62428.2,62582.5,282.643
1783602000000,62582.9,62894.5,62580.6,62843.4,254.825
1783602900000,62843.3,62844.7,62659.0,62694.7,155.7232
1783603800000,62695.5,62948.4,62489.2,62947.5,252.3614
1783604700000,62947.4,63206.3,62781.9,63000.2,490.8099
1783605600000,63002.0,63117.8,62827.7,62895.6,184.7703
1783606500000,62895.5,62895.5,62635.7,62853.9,518.608
1783607400000,62853.9,62972.6,62719.6,62884.9,271.7733
1783608300000,62884.9,63015.4,62781.1,62983.8,207.4296
1783609200000,62983.8,63176.0,62886.7,63067.2,296.3956
1783610100000,63067.2,63226.6,62913.1,62963.4,356.138
1783611000000,62963.4,63055.0,62862.2,62948.9,268.5858
1783611900000,62948.9,63023.0,62780.0,62833.6,300.928
1783612800000,62833.5,62990.2,62800.1,62825.4,179.257
1783613700000,62825.3,62857.5,62530.0,62684.4,420.2303
1783614600000,62684.5,62766.7,62650.8,62702.7,73.1527
1783615500000,62702.6,62715.1,62581.5,62670.0,87.8869
1783616400000,62670.1,62783.7,62638.5,62677.7,198.0139
1783617300000,62677.6,62827.7,62677.6,62815.3,152.728
1783618200000,62815.2,63024.6,62729.4,63000.0,208.8111
1783619100000,63000.0,63139.5,62987.7,63113.2,105.6871
1783620000000,63113.2,63469.3,63039.2,63355.7,400.4866
1783620900000,63361.8,63395.7,63218.7,63357.3,446.841
1783621800000,63357.2,63400.0,63231.1,63292.5,170.5184
1783622700000,63292.4,63331.2,63160.3,63195.3,172.0279
1783623600000,63195.3,63251.0,63157.8,63185.6,91.8144
1783624500000,63185.6,63255.8,63125.0,63236.4,59.4135
1783625400000,63236.4,63346.7,63200.0,63342.5,90.1371
1783626300000,63342.5,63342.5,63200.0,63220.6,126.4393
1783627200000,63220.9,63250.0,63140.0,63169.7,35.4222
1783628100000,63169.6,63295.2,63160.5,63251.2,22.5904
1783629000000,63251.2,63307.8,63219.5,63287.0,83.505
1783629900000,63287.1,63296.7,63214.3,63288.1,53.1745
1783630800000,63288.6,63380.6,63255.4,63288.3,117.5387
1783631700000,63288.3,63323.2,63211.1,63218.3,80.8144
1783632600000,63218.4,63250.0,63184.2,63199.5,33.5805
1783633500000,63203.1,63263.0,63191.5,63247.9,66.6901
1783634400000,63248.0,63318.8,63204.1,63222.3,26.3288
1783635300000,63222.2,63358.5,63222.2,63318.3,47.0344
1783636200000,63318.3,63389.0,63234.6,63333.4,26.9764
1783637100000,63333.4,63366.9,63185.5,63187.7,78.5175
1783638000000,63187.7,63228.4,63148.1,63148.5,36.6757
1783638900000,63148.5,63300.0,63033.9,63202.7,174.6668
1783639800000,63202.7,63272.1,63126.5,63261.8,40.4667
1783640700000,63261.9,63288.6,63197.1,63197.2,12.7145
1783641600000,63196.9,63220.7,63100.1,63198.6,59.9632
1783642500000,63198.6,63228.5,63039.3,63073.3,52.1834
1783643400000,63073.3,63147.6,62896.7,63019.0,151.8262
1783644300000,63019.0,63120.0,62960.0,63083.6,63.0043
1783645200000,63083.6,63098.2,62928.4,63088.0,57.8545
1783646100000,63088.0,63372.0,63087.9,63368.4,144.4778
1783647000000,63369.9,63438.2,63300.6,63360.6,91.6719
1783647900000,63360.6,63925.0,63350.7,63728.9,744.4357
1783648800000,63728.8,63862.6,63662.1,63843.5,212.8232
1783649700000,63843.5,63929.2,63736.7,63787.1,152.2569
1783650600000,63787.0,63895.0,63743.4,63843.8,84.863
1783651500000,63843.9,64025.6,63811.1,63934.6,187.2749
1783652400000,63934.6,63959.9,63815.3,63901.9,101.8859
1783653300000,63901.9,63902.6,63816.3,63823.2,57.269
1783654200000,63823.3,63917.1,63792.0,63915.3,99.2101
1783655100000,63915.2,64017.8,63880.3,63922.1,115.6852
1783656000000,63922.1,64000.0,63906.4,63946.9,64.6597
1783656900000,63946.9,64025.4,63861.9,63862.7,144.5473
1783657800000,63862.7,64136.4,63830.1,64073.8,259.1698
1783658700000,64073.7,64150.0,64004.0,64012.9,202.3986
1783659600000,64012.8,64012.9,63926.0,63956.9,80.5562
1783660500000,63957.0,63990.6,63913.9,63949.9,66.0031
1783661400000,63949.9,64177.3,63939.0,64152.9,250.2675
1783662300000,64152.9,64158.6,64054.0,64093.0,166.1708
1783663200000,64093.0,64138.8,64000.3,64008.6,69.56
1783664100000,64008.6,64021.5,63841.0,63882.3,110.1066
1783665000000,63882.4,63920.4,63846.0,63865.4,107.9602
1783665900000,63865.5,63902.4,63808.6,63833.3,101.0788
1783666800000,63833.3,63898.3,63780.1,63898.3,109.4809
1783667700000,63898.2,63987.2,63836.3,63941.7,127.2697
1783668600000,63941.3,63941.7,63885.7,63930.1,93.5178
1783669500000,63930.0,63982.3,63900.2,63959.0,70.9676
1783670400000,63958.6,64019.9,63942.4,64002.1,133.1264
1783671300000,64002.2,64377.3,64002.2,64307.7,699.701
1783672200000,64307.8,64343.5,64150.0,64173.9,160.5498
1783673100000,64173.8,64261.2,64118.5,64219.0,115.9538
1783674000000,64218.0,64236.3,64067.1,64184.5,130.5188
1783674900000,64184.5,64394.4,64176.6,64393.6,223.6032
1783675800000,64393.5,64449.3,64320.2,64439.9,226.4134
1783676700000,64439.9,64460.0,64347.9,64361.1,163.2969
1783677600000,64361.0,64385.3,64245.1,64277.6,137.8296
1783678500000,64277.6,64414.0,64268.8,64412.1,106.7772
1783679400000,64412.1,64470.0,64340.3,64451.6,142.456
1783680300000,64452.0,64462.4,64374.8,64375.1,63.2703
1783681200000,64375.2,64452.7,64364.5,64422.9,74.1179
1783682100000,64423.0,64445.3,64336.0,64397.1,78.5289
1783683000000,64397.1,64397.1,64309.2,64367.7,110.7141
1783683900000,64367.4,64445.4,64357.0,64398.5,518.4256
1783684800000,64398.6,64584.2,64300.8,64515.3,425.6067
1783685700000,64515.2,64519.9,64341.5,64467.9,191.4457
1783686600000,64467.9,64494.4,64326.0,64332.9,115.1453
1783687500000,64332.9,64361.6,64240.0,64262.6,154.4855
1783688400000,64262.6,64320.0,64217.5,64222.2,109.8605
1783689300000,64222.2,64255.1,64134.1,64139.5,228.0572
1783690200000,64139.6,64422.0,64128.1,64358.5,216.4388
1783691100000,64359.1,64679.4,64351.3,64454.7,649.8849
1783692000000,64454.2,64493.7,64180.0,64189.8,285.5705
1783692900000,64189.9,64237.0,63936.6,64111.6,425.129
1783693800000,64111.6,64302.7,63783.0,64079.6,508.0045
1783694700000,64079.7,64124.9,63874.8,63894.9,385.4518
1783695600000,63895.0,64058.0,63872.8,63960.6,203.343
1783696500000,63960.6,64197.4,63960.6,64120.6,242.0198
1783697400000,64120.5,64145.2,63914.9,63930.4,219.0423
1783698300000,63930.4,64021.0,63909.5,64011.3,176.7922
1783699200000,64012.4,64065.0,63931.0,64033.9,120.1784
1783700100000,64033.8,64140.7,63970.1,63985.4,107.1255
1783701000000,63985.3,64013.9,63806.9,63917.0,169.4389
1783701900000,63917.1,64206.2,63891.1,64120.2,124.4292
1783702800000,64120.3,64139.6,63924.2,63937.6,84.9232
1783703700000,63937.5,63996.8,63842.6,63956.5,138.258
1783704600000,63956.6,63956.6,63835.2,63862.7,71.7262
1783705500000,63862.7,63919.6,63801.4,63804.0,108.6735
1783706400000,63804.0,63975.7,63801.0,63870.2,65.4767
1783707300000,63870.2,63936.3,63826.6,63899.0,30.7092
1783708200000,63898.9,63923.6,63840.7,63857.8,45.9362
1783709100000,63860.7,63862.6,63717.4,63790.8,200.3318
1783710000000,63790.2,63881.5,63760.2,63862.5,90.3897
1783710900000,63862.5,63905.6,63754.9,63840.4,49.9165
1783711800000,63840.3,64026.6,63826.6,63961.5,138.083
1783712700000,63961.4,64000.0,63894.1,63912.9,46.9145
1783713600000,63904.1,63910.9,63808.7,63808.9,79.6441
1783714500000,63808.8,63881.3,63637.5,63710.8,215.0141
1783715400000,63710.8,63884.3,63694.3,63862.9,67.4972
1783716300000,63862.9,63863.0,63815.5,63815.6,24.1051
1783717200000,63815.5,63958.9,63808.2,63927.2,64.8759
1783718100000,63927.3,63999.1,63910.6,63983.2,51.7381
1783719000000,63983.2,64074.4,63963.9,64021.0,71.9749
1783719900000,64021.0,64021.3,63962.0,63989.8,20.1373
1783720800000,63989.7,64034.5,63954.2,64026.1,23.5719
1783721700000,64026.1,64110.9,63987.6,64102.4,21.7748
1783722600000,64102.4,64136.5,64095.7,64098.9,45.8785
1783723500000,64098.9,64142.8,64047.7,64088.0,17.8541
1783724400000,64088.0,64094.8,63965.2,64094.7,22.4983
1783725300000,64094.7,64179.0,64081.7,64166.2,63.8135
1783726200000,64166.3,64182.4,64132.5,64168.6,45.5587
1783727100000,64168.5,64173.7,64094.0,64135.8,20.0453
1783728000000,64135.8,64141.0,64031.2,64041.9,55.2277
1783728900000,64041.9,64100.0,63996.7,64077.2,27.3223
1783729800000,64077.3,64123.1,64014.8,64123.1,22.2886
1783730700000,64123.0,64123.1,64059.3,64092.3,29.5189
1783731600000,64092.2,64134.7,64057.8,64109.4,32.2603
1783732500000,64109.4,64282.9,64098.4,64199.9,92.9565
1783733400000,64199.9,64237.5,63969.9,64024.7,82.3557
1783734300000,64023.3,64082.1,63970.0,63979.7,45.606
1783735200000,63979.7,64035.5,63954.1,63976.5,33.9124
1783736100000,63976.5,64047.3,63969.3,64005.1,23.4802
1783737000000,64005.2,64116.2,64000.0,64114.3,25.9605
1783737900000,64114.4,64149.5,64095.1,64137.4,23.8789
1783738800000,64137.4,64160.0,64081.9,64156.7,28.2988
1783739700000,64156.8,64168.0,64038.6,64089.2,60.7549
1783740600000,64089.3,64167.4,64088.3,64129.9,52.2304
1783741500000,64129.9,64162.7,64120.3,64120.3,51.3829
1783742400000,64120.4,64120.4,64055.2,64092.6,49.8442
1783743300000,64092.6,64144.4,64053.3,64110.7,49.0256
1783744200000,64110.7,64185.4,64104.1,64124.0,53.4363
1783745100000,64124.1,64144.4,64089.9,64124.8,37.1992
1783746000000,64124.8,64172.6,64088.8,64137.6,26.8818
1783746900000,64137.7,64170.5,64107.2,64159.9,21.4908
1783747800000,64159.9,64197.8,64127.6,64149.5,39.4424
1783748700000,64148.5,64159.2,64111.0,64141.5,28.2455
1783749600000,64141.5,64181.4,64094.9,64150.1,40.7576
1783750500000,64150.1,64249.1,64150.0,64193.6,61.7115
1783751400000,64193.7,64241.4,64170.0,64182.2,41.9638
1783752300000,64182.3,64214.8,64166.1,64186.3,60.1424
1783753200000,64186.2,64243.9,64149.2,64183.0,38.9008
1783754100000,64183.0,64224.7,64160.0,64190.5,35.2326
1783755000000,64190.6,64207.8,64147.1,64147.2,19.0937
1783755900000,64145.2,64148.1,64123.0,64139.4,32.1876
1783756800000,64139.4,64223.1,64123.0,64202.4,29.0976
1783757700000,64202.4,64239.0,64196.9,64220.3,37.6604
1783758600000,64220.3,64278.1,64215.0,64256.0,46.2409
1783759500000,64256.0,64278.8,64201.9,64239.5,31.8263
1783760400000,64239.5,64249.1,64188.1,64191.7,18.8237
1783761300000,64191.7,64245.2,64191.6,64245.2,32.3753
1783762200000,64245.8,64273.7,64169.4,64169.7,48.8657
1783763100000,64169.7,64169.8,64131.8,64141.8,62.1763
1783764000000,64141.8,64184.8,64134.6,64180.6,133.8802
1783764900000,64180.5,64180.6,64123.3,64161.9,57.1655
1783765800000,64161.9,64163.1,64113.9,64120.0,82.0748
1783766700000,64120.1,64168.3,64120.0,64160.8,35.5883
1783767600000,64160.9,64224.8,64150.0,64191.5,102.8815
1783768500000,64191.4,64193.0,64150.0,64155.2,50.0969
1783769400000,64155.2,64192.1,64155.2,64162.9,35.1346
1783770300000,64162.9,64182.7,64160.0,64178.1,9.0781
1783771200000,64178.2,64218.1,64135.0,64194.5,39.2947
1783772100000,64194.4,64209.8,64147.0,64153.6,21.8124
1783773000000,64153.6,64153.6,64112.9,64117.8,15.8357
1783773900000,64117.9,64174.1,64117.5,64168.5,52.2831
1783774800000,64168.5,64181.1,64125.0,64165.4,21.6771
1783775700000,64165.5,64193.9,64144.0,64181.8,30.7329
1783776600000,64180.1,64239.5,64169.7,64221.2,40.6848
1783777500000,64221.1,64245.3,64209.3,64216.3,71.6582
1783778400000,64216.2,64253.3,64215.4,64239.8,86.6372
1783779300000,64239.7,64431.3,64233.7,64355.0,300.9599
1783780200000,64354.9,64481.3,64354.9,64395.3,286.9983
1783781100000,64395.4,64408.3,64317.6,64321.9,158.6323
1783782000000,64321.9,64460.0,64317.8,64440.1,188.7114
1783782900000,64441.1,64451.5,64377.5,64401.1,84.3348
1783783800000,64401.2,64429.2,63800.4,64059.7,417.1459
1783784700000,64059.7,64156.7,63970.2,64139.0,224.4811
1783785600000,64139.1,64186.0,64049.4,64156.8,76.0478
1783786500000,64156.9,64200.0,64116.7,64188.6,83.4252
1783787400000,64188.6,64244.0,64082.4,64118.8,48.7824
1783788300000,64118.9,64159.8,64073.7,64150.7,70.2632
1783789200000,64150.6,64200.0,64134.1,64177.4,50.3897
1783790100000,64177.5,64280.3,64162.8,64275.0,43.2266
1783791000000,64275.0,64374.0,64220.9,64330.5,121.5223
1783791900000,64330.6,64359.7,64289.1,64292.4,92.9066
1783792800000,64291.8,64320.8,64259.3,64282.2,29.3497
1783793700000,64282.2,64364.1,64281.2,64315.3,23.88
1783794600000,64315.2,64338.7,64294.0,64329.7,25.2097
1783795500000,64329.7,64329.7,64264.4,64302.2,14.3078
1783796400000,64302.3,64302.3,64266.3,64294.7,12.7046
1783797300000,64294.7,64317.9,64206.0,64207.1,28.9885
1783798200000,64207.1,64259.9,64204.9,64245.6,52.6062
1783799100000,64246.3,64268.7,64232.4,64264.3,25.1173
1783800000000,64264.3,64325.0,64239.1,64301.4,20.9247
1783800900000,64301.3,64343.0,64301.3,64329.9,26.7345
1783801800000,64329.9,64438.9,64315.3,64388.8,70.9865
1783802700000,64388.7,64412.0,64350.1,64353.1,44.1805
1783803600000,64353.2,64413.5,64322.9,64322.9,36.374
1783804500000,64322.9,64371.7,64321.6,64338.8,17.9739
1783805400000,64338.8,64350.6,64310.9,64317.8,8.157
1783806300000,64320.1,64359.0,64308.2,64326.8,11.7963
1783807200000,64326.7,64404.1,64303.1,64331.3,13.6828
1783808100000,64331.3,64334.6,64173.5,64216.3,89.5151
1783809000000,64216.2,64279.0,64157.4,64188.8,54.0534
1783809900000,64188.9,64198.5,64118.3,64170.6,49.8532
1783810800000,64170.6,64224.9,64056.6,64105.1,58.6392
1783811700000,64105.1,64158.4,63798.3,63902.2,239.7445
1783812600000,63902.3,63946.4,63782.5,63926.9,189.2971
1783813500000,63926.8,63995.1,63768.7,63785.1,230.245
1783814400000,63785.0,63900.0,63752.3,63762.3,193.4843
1783815300000,63762.2,63881.6,63740.7,63801.9,92.9653
1783816200000,63802.0,63832.2,63676.0,63770.6,189.1996
1783817100000,63770.5,63846.3,63736.5,63801.2,116.673
1783818000000,63801.3,63951.5,63783.1,63890.8,102.128
1783818900000,63890.8,63974.8,63865.7,63919.3,94.7788
1783819800000,63919.3,64142.4,63898.0,64129.0,289.2062
1783820700000,64129.0,64137.8,64063.0,64103.2,104.8639
1783821600000,64103.1,64106.8,64002.5,64026.6,92.573
1783822500000,64026.5,64119.4,64012.0,64086.6,66.451
1783823400000,64086.8,64095.7,64039.3,64057.5,55.4464
1783824300000,64057.4,64097.3,64038.7,64050.1,25.3994
1783825200000,64050.1,64098.8,64002.9,64071.2,39.9705
1783826100000,64071.2,64119.9,64070.2,64109.2,69.0848
1783827000000,64109.1,64193.8,64100.0,64147.1,98.763
1783827900000,64147.0,64197.1,64126.7,64196.6,112.987
1783828800000,64196.7,64222.1,64138.5,64150.7,141.5422
1783829700000,64150.6,64189.7,64050.0,64050.0,59.4286
1783830600000,64050.0,64055.0,63908.1,64002.5,106.0047
1783831500000,64002.5,64008.1,63935.4,63973.5,46.1325
1783832400000,63973.4,63996.0,63959.6,63961.8,38.9727
1783833300000,63961.9,63961.9,63881.6,63882.5,65.0142
1783834200000,63882.5,63956.6,63870.1,63943.2,39.6136
1783835100000,63943.2,63973.3,63936.0,63938.4,28.6775
1783836000000,63938.4,63938.4,63706.7,63720.3,121.0734
1783836900000,63720.3,63759.3,63608.2,63639.6,164.5299
1783837800000,63639.6,63754.3,63611.6,63749.2,181.7673
1783838700000,63749.1,63783.2,63695.2,63732.3,104.7149
1783839600000,63732.3,63798.4,63709.6,63797.1,153.6929
1783840500000,63797.1,63859.3,63774.7,63837.1,77.0773
1783841400000,63837.1,63861.5,63820.1,63839.5,49.7499
1783842300000,63839.5,63877.5,63823.5,63857.2,49.3653
1783843200000,63857.3,64078.7,63832.0,64020.1,136.4364
1783844100000,64020.2,64064.8,63960.3,63962.7,101.0587
1783845000000,63962.7,63987.5,63961.8,63979.0,53.141
1783845900000,63979.0,63979.1,63897.0,63949.4,56.2746
1783846800000,63949.4,63959.0,63850.9,63855.1,61.7958
1783847700000,63855.0,63855.8,63739.0,63803.4,198.8857
1783848600000,63803.4,64020.6,63803.4,63974.3,127.3295
1783849500000,63975.0,63990.5,63926.9,63929.4,71.3408
1783850400000,63929.3,63929.4,63866.9,63906.7,45.245
1783851300000,63906.7,63916.8,63855.0,63855.1,59.1033
1783852200000,63855.0,63890.0,63819.1,63837.6,27.1612
1783853100000,63837.6,63870.7,63809.2,63840.8,80.7514
1783854000000,63840.9,63900.0,63797.8,63821.9,54.428
1783854900000,63821.9,63892.5,63819.3,63892.5,53.1015
1783855800000,63892.5,64009.0,63892.4,63977.9,82.438
1783856700000,63977.9,63994.4,63961.1,63988.6,44.1538
1783857600000,63988.7,64107.9,63943.8,64079.1,164.5533
1783858500000,64079.2,64100.9,63996.4,64031.4,81.8764
1783859400000,64031.4,64047.0,63970.9,64001.7,49.9492
1783860300000,64001.7,64029.8,63962.8,63994.8,111.7605
1783861200000,63994.8,64029.9,63970.5,64012.4,44.9001
1783862100000,64012.4,64071.0,63980.0,64016.3,35.2795
1783863000000,64016.3,64062.7,64004.6,64012.4,61.3021
1783863900000,64012.4,64019.9,63960.0,64000.0,25.3595
1783864800000,64000.0,64009.4,63928.0,63943.1,25.7941
1783865700000,63943.0,63971.1,63927.8,63968.0,25.1972
1783866600000,63968.0,64058.5,63968.0,64041.7,60.1516
1783867500000,64041.8,64269.2,64041.7,64173.6,265.0774
1783868400000,64173.5,64232.6,64122.9,64161.4,151.6867
1783869300000,64161.5,64219.0,64107.0,64192.9,53.3491
1783870200000,64192.8,64220.5,64091.1,64121.8,43.2794
1783871100000,64121.9,64186.4,64106.4,64146.7,38.9478
1783872000000,64146.7,64186.2,64014.1,64040.7,72.4411
1783872900000,64040.6,64151.4,64040.6,64150.7,40.7584
1783873800000,64150.8,64155.1,64075.5,64090.4,26.0419
1783874700000,64090.4,64152.8,64075.2,64146.1,32.9042
1783875600000,64146.1,64150.1,64104.2,64112.8,37.874
1783876500000,64112.9,64139.6,64101.0,64101.0,17.2137
1783877400000,64101.0,64147.4,64085.5,64125.6,30.0448
1783878300000,64125.6,64137.0,64001.0,64049.0,52.7801
1783879200000,64049.0,64081.0,63993.3,64009.7,52.3115
1783880100000,64009.7,64066.8,63983.0,64048.7,49.0964
1783881000000,64035.4,64109.4,64035.0,64101.0,32.9259
1783881900000,64101.0,64125.0,64100.9,64125.0,23.7331
1783882800000,64125.0,64205.4,64124.5,64147.5,60.7151
1783883700000,64147.6,64187.8,64145.7,64180.3,38.0191
1783884600000,64180.4,64180.4,64120.8,64132.2,28.6457
1783885500000,64132.1,64249.8,64129.9,64205.9,47.4396
1783886400000,64205.8,64250.0,64158.9,64161.5,37.0453
1783887300000,64161.4,64187.8,64146.3,64176.4,25.1033
1783888200000,64176.3,64196.7,64145.2,64192.3,33.9112
1783889100000,64192.2,64209.6,64161.2,64172.9,18.1336
1783890000000,64172.9,64211.5,64167.0,64180.1,12.6295
1783890900000,64180.1,64180.9,64060.0,64077.4,45.6294
1783891800000,64077.4,64077.5,63991.5,64019.6,64.062
1783892700000,64019.5,64029.3,63860.1,63892.9,146.665
1783893600000,63892.8,63892.8,63666.0,63756.1,295.6669
1783894500000,63756.0,63812.3,63634.9,63799.3,191.8908
1783895400000,63799.4,63843.6,63734.9,63746.7,52.5558
1783896300000,63746.6,63892.4,63668.6,63853.7,142.6794
1783897200000,63853.8,63900.0,63700.7,63788.8,157.9535
1783898100000,63788.8,63825.0,63753.6,63794.8,34.0058
1783899000000,63794.8,63837.7,63719.0,63783.8,18.1198
1783899900000,63783.8,63798.8,63696.8,63748.7,48.8174
1783900800000,63748.6,64269.1,63691.4,64269.1,525.5774
1783901700000,64269.2,64404.1,64140.9,64157.7,476.4178
1783902600000,64157.8,64200.0,63533.1,63756.3,434.4726
1783903500000,63756.2,64080.9,63755.0,64038.3,340.5426
1783904400000,64038.2,64041.1,63636.0,63823.9,150.118
1783905300000,63823.9,63967.6,63652.0,63692.4,107.6822
1783906200000,63692.4,63743.3,63517.6,63667.9,147.5313
1783907100000,63667.8,63674.8,63366.0,63383.5,629.7191
1783908000000,63383.4,63428.9,63205.0,63382.2,529.8221
1783908900000,63382.2,63519.6,63340.0,63436.3,240.858
1783909800000,63436.3,63474.3,63366.0,63436.7,59.8595
1783910700000,63436.7,63446.8,63309.5,63342.7,109.7498
1783911600000,63342.7,63360.0,62866.7,62993.0,819.4427
1783912500000,62993.0,63095.7,62793.3,63038.4,324.9869
1783913400000,63037.7,63083.2,62706.6,62796.4,369.5037
1783914300000,62798.2,62844.0,62754.6,62781.0,137.4875
1783915200000,62781.0,62842.4,62664.8,62791.6,265.3496
1783916100000,62791.5,62879.8,62791.5,62848.4,174.9185
1783917000000,62848.5,62849.2,62598.0,62695.7,225.2335
1783917900000,62695.6,62756.0,62629.2,62647.6,60.8176
1783918800000,62647.5,62877.4,62453.6,62781.8,263.8877
1783919700000,62781.4,62810.8,62580.0,62605.0,105.1344
1783920600000,62605.0,62789.2,62550.0,62772.2,81.1095
1783921500000,62772.1,62799.2,62730.5,62764.2,51.311
1783922400000,62764.1,62836.4,62700.0,62715.1,72.3919
1783923300000,62715.2,62804.0,62680.0,62804.0,62.0417
1783924200000,62804.0,62839.3,62720.0,62813.3,68.7476
1783925100000,62813.3,62843.9,62755.5,62767.2,54.3074
1783926000000,62767.3,62845.3,62716.7,62779.5,109.8096
1783926900000,62779.6,62966.2,62753.5,62930.6,158.8396
1783927800000,62930.5,63031.5,62879.6,62939.7,166.2761
1783928700000,62939.8,63026.5,62929.6,62952.1,78.0828
1783929600000,62952.0,63025.7,62902.8,63004.4,103.9443
1783930500000,63004.5,63061.6,62942.8,63042.6,104.1553
1783931400000,63042.6,63088.0,62962.6,63087.9,106.7135
1783932300000,63088.0,63247.2,63086.4,63172.6,402.2503
1783933200000,63172.5,63177.8,63100.8,63120.9,147.8016
1783934100000,63121.3,63121.3,63064.6,63087.8,228.2358
1783935000000,63087.9,63092.0,63057.9,63076.7,271.1104
1783935900000,63076.6,63088.4,63052.3,63069.1,1097.3801
1783936800000,63069.1,63077.0,63048.4,63050.7,166.1688
1783937700000,63050.7,63113.0,63032.3,63061.1,52.9687
1783938600000,63061.0,63096.2,62878.0,62904.1,238.2187
1783939500000,62904.0,62945.3,62832.0,62840.1,182.978
1783940400000,62840.0,63108.8,62834.4,63049.5,285.6769
1783941300000,63049.5,63069.0,62958.3,62996.4,161.4401
1783942200000,62996.4,62996.9,62925.3,62932.5,71.5249
1783943100000,62932.4,62940.1,62871.3,62878.6,62.4905
1783944000000,62878.6,62953.8,62781.0,62815.8,296.2402
1783944900000,62815.8,62884.6,62698.8,62719.2,301.4996
1783945800000,62719.2,62760.1,62550.0,62583.2,500.3776
1783946700000,62583.3,62641.4,62541.7,62600.6,134.9637
1783947600000,62600.6,62643.1,62486.1,62490.9,336.6262
1783948500000,62490.9,62564.4,62348.1,62499.3,635.4901
1783949400000,62499.3,62733.0,62235.0,62307.7,1153.2528
1783950300000,62308.0,62378.9,62140.6,62298.9,559.3936
1783951200000,62298.9,62398.3,62237.3,62395.5,351.1772
1783952100000,62395.5,62626.0,62081.7,62525.0,837.999
1783953000000,62524.9,62650.2,62438.9,62594.1,449.9304
1783953900000,62593.6,62771.5,62551.6,62764.5,505.6309
1783954800000,62766.7,62829.2,62653.6,62762.0,445.1433
1783955700000,62762.0,62957.2,62755.3,62786.0,718.3933
1783956600000,62786.0,62819.4,62537.4,62625.6,400.0407
1783957500000,62625.6,62658.0,62555.8,62590.4,135.0509
1783958400000,62590.4,62616.4,62501.3,62513.3,140.2853
1783959300000,62513.5,62514.1,62252.7,62323.7,531.8003
1783960200000,62323.7,62368.4,62182.5,62343.5,421.3808
1783961100000,62343.5,62399.2,62225.1,62255.5,109.8512
1783962000000,62255.4,62345.2,62228.6,62297.8,106.5516
1783962900000,62294.1,62294.1,62150.0,62163.8,391.7286
1783963800000,62163.9,62200.0,61967.9,62074.7,533.6174
1783964700000,62074.7,62162.5,61870.6,61876.6,570.2996
1783965600000,61876.7,62034.6,61850.0,61902.0,400.0145
1783966500000,61902.3,61980.0,61800.0,61920.7,246.2385
1783967400000,61920.6,61985.2,61877.0,61978.0,128.6187
1783968300000,61977.5,62080.0,61948.5,61997.6,154.011
1783969200000,61997.5,62066.5,61961.3,62049.4,50.0276
1783970100000,62049.3,62092.4,61975.7,61993.1,108.8844
1783971000000,61993.0,62152.3,61993.0,62152.2,161.2613
1783971900000,62152.3,62271.3,62104.7,62259.1,86.1207
1783972800000,62259.1,62298.6,62175.8,62193.6,85.8223
1783973700000,62193.6,62207.7,62056.7,62188.6,69.1492
1783974600000,62188.6,62241.3,62153.9,62153.9,33.672
1783975500000,62153.9,62186.3,62023.1,62178.3,133.5031
1783976400000,62178.3,62189.4,62014.6,62082.4,53.8093
1783977300000,62082.4,62125.4,61964.4,62005.3,49.3755
1783978200000,62005.2,62054.3,61873.2,61953.1,60.7448
1783979100000,61954.0,62092.7,61889.1,62034.3,45.8811
1783980000000,62034.3,62179.3,62011.0,62152.0,79.7083
1783980900000,62152.0,62200.5,62104.3,62133.2,36.4998
1783981800000,62133.1,62158.4,61995.2,62035.9,44.344
1783982700000,62036.0,62047.7,61889.8,61897.6,87.1274
1783983600000,61897.6,62050.0,61854.0,62028.8,195.92
1783984500000,62028.8,62212.8,62010.0,62138.3,94.7945
1783985400000,62138.2,62180.0,62068.1,62077.0,73.3595
1783986300000,62088.0,62320.8,62073.7,62310.6,144.7156
1783987200000,62310.5,62462.9,62240.2,62412.8,196.1573
1783988100000,62412.6,62412.6,62285.2,62348.3,58.2698
1783989000000,62348.3,62425.0,62266.9,62284.6,48.0594
1783989900000,62285.5,62630.5,62285.4,62525.6,220.186
1783990800000,62525.6,62557.3,62429.6,62477.9,111.1099
1783991700000,62477.8,62617.3,62459.2,62498.3,92.8015
1783992600000,62498.2,62547.0,62436.2,62465.6,92.3872
1783993500000,62465.5,62530.0,62441.9,62510.1,17.9809
1783994400000,62510.2,62586.0,62456.7,62474.0,117.1573
1783995300000,62474.1,62548.3,62293.8,62344.4,158.0849
1783996200000,62344.3,62571.7,62344.3,62559.6,113.4592
1783997100000,62559.5,62613.6,62500.0,62517.4,67.7122
1783998000000,62517.3,62579.1,62334.4,62365.5,89.4766
1783998900000,62365.4,62444.9,62288.0,62444.4,166.9989
1783999800000,62444.5,62520.0,62405.0,62438.8,59.612
1784000700000,62438.7,62550.0,62434.7,62542.2,84.6397
1784001600000,62541.9,62635.5,62510.6,62536.3,141.1584
1784002500000,62535.8,62633.0,62518.1,62618.7,82.176
1784003400000,62618.7,62745.1,62618.7,62679.7,204.0321
1784004300000,62679.8,62727.0,62620.5,62716.2,47.6033
1784005200000,62716.1,62830.6,62673.2,62793.7,251.4751
1784006100000,62793.6,62846.8,62733.2,62816.8,393.9875
1784007000000,62816.8,62845.2,62692.9,62726.5,224.5271
1784007900000,62726.5,62730.0,62636.4,62699.6,116.2955
1784008800000,62699.6,62707.3,62629.6,62632.9,60.5235
1784009700000,62633.0,62681.2,62629.5,62662.3,58.5766
1784010600000,62662.3,62745.5,62594.8,62666.2,111.372
1784011500000,62665.9,62673.4,62542.2,62596.3,57.1673
1784012400000,62596.9,62628.8,62522.8,62571.0,86.9516
1784013300000,62571.0,62630.6,62542.3,62614.3,169.5953
1784014200000,62614.4,62628.0,62532.7,62548.2,40.7822
1784015100000,62548.2,62560.6,62482.2,62524.2,266.9298
1784016000000,62524.2,62555.9,62470.0,62527.0,255.2481
1784016900000,62527.1,62651.0,62527.0,62627.4,210.3209
1784017800000,62627.3,62777.8,62605.3,62746.3,303.219
1784018700000,62746.3,62760.0,62649.6,62679.3,150.5089
1784019600000,62679.3,62718.7,62636.6,62669.9,48.3852
1784020500000,62669.9,62700.0,62623.2,62641.8,63.5007
1784021400000,62641.9,62650.9,62507.7,62535.6,277.2434
1784022300000,62535.6,62623.1,62504.6,62604.3,89.9766
1784023200000,62604.2,62708.7,62603.3,62691.5,337.1309
1784024100000,62691.6,62709.1,62634.5,62636.7,88.0375
1784025000000,62636.7,62780.7,62575.6,62779.5,371.1141
1784025900000,62780.4,62880.0,62757.3,62769.6,348.2385
1784026800000,62769.6,62779.4,62687.0,62768.1,129.7679
1784027700000,62768.0,62850.7,62730.0,62833.9,94.9014
1784028600000,62834.0,62895.2,62787.2,62830.9,90.4991
1784029500000,62830.9,62852.2,62806.2,62810.4,42.6973
1784030400000,62810.5,62840.8,62754.4,62819.7,78.0966
1784031300000,62819.7,63083.2,62781.3,62930.4,504.6324
1784032200000,62930.4,63653.8,62923.3,63526.6,1826.3595
1784033100000,63526.7,63948.5,63526.7,63931.0,768.5988
1784034000000,63933.1,63950.0,63730.0,63764.2,314.5784
1784034900000,63764.2,64149.8,63733.4,63932.8,481.3479
1784035800000,63932.8,63955.0,63697.1,63761.9,557.8469
1784036700000,63761.9,63898.9,63672.4,63811.1,419.8231
1784037600000,63811.1,63854.4,63564.1,63848.6,491.9066
1784038500000,63847.6,63893.8,63743.2,63887.6,180.6394
1784039400000,63887.4,64059.0,63828.2,63999.9,259.3348
1784040300000,63999.9,64324.5,63898.8,64277.4,376.8324
1784041200000,64277.4,64390.0,64168.6,64186.0,366.2864
1784042100000,64185.9,64540.0,64167.9,64475.4,548.789
1784043000000,64474.9,64939.4,64465.4,64759.8,1373.0645
1784043900000,64759.3,64837.2,64580.0,64731.6,421.4375
1784044800000,64731.6,64878.7,64600.5,64713.6,306.11
1784045700000,64710.4,64861.2,64650.9,64795.9,251.901
1784046600000,64800.1,64874.5,64754.8,64757.4,96.1235
1784047500000,64757.3,64834.2,64691.8,64703.7,75.6833
1784048400000,64703.8,64703.8,64273.4,64577.5,476.5624
1784049300000,64577.5,64648.8,64371.9,64496.6,132.7447
1784050200000,64496.8,64504.9,64404.2,64498.9,155.5688
1784051100000,64493.3,64683.5,64460.0,64602.4,181.9816
1784052000000,64602.3,64605.6,64461.5,64461.6,93.5198
1784052900000,64461.6,64528.4,64451.1,64493.4,72.9209
1784053800000,64493.5,64607.2,64451.2,64556.7,87.4688
1784054700000,64556.7,64628.9,64516.3,64548.1,53.8967
1784055600000,64548.0,64619.9,64517.0,64594.9,32.3392
1784056500000,64594.8,64685.3,64532.6,64532.6,59.8447
1784057400000,64532.5,64532.5,64459.0,64520.0,44.944
1784058300000,64519.9,64632.5,64518.5,64545.9,267.0319
1784059200000,64546.0,64565.9,64430.6,64431.4,57.9713
1784060100000,64431.4,64489.4,64416.2,64419.2,53.1613
1784061000000,64419.1,64466.2,64390.7,64460.1,58.4451
1784061900000,64460.2,64578.4,64427.6,64540.9,43.7912
1784062800000,64540.8,64597.0,64495.3,64597.0,65.0128
1784063700000,64597.1,64650.0,64592.0,64639.3,47.8023
1784064600000,64639.4,64860.0,64639.3,64713.6,91.7395
1784065500000,64713.5,64737.0,64612.5,64649.9,35.5712
1784066400000,64650.0,64650.0,64496.6,64518.9,41.0125
1784067300000,64518.9,65089.6,64518.9,64908.9,420.4079
1784068200000,64908.8,65006.4,64880.0,64891.1,80.744
1784069100000,64891.2,64953.9,64834.3,64837.0,43.8948
1784070000000,64837.0,65021.9,64750.6,64989.7,154.3685
1784070900000,64989.7,64989.8,64857.1,64891.6,57.6914
1784071800000,64891.7,64988.7,64830.0,64976.9,47.0149
1784072700000,64976.8,65012.6,64956.3,65008.9,40.7201
1784073600000,65009.0,65040.0,64880.1,64891.8,72.9691
1784074500000,64891.8,64912.2,64809.8,64859.6,96.6713
1784075400000,64859.5,64860.1,64742.6,64760.6,227.457
1784076300000,64760.6,64823.0,64750.0,64800.1,165.0071
1784077200000,64800.0,64823.1,64688.6,64718.4,291.0239
1784078100000,64718.5,64829.3,64675.0,64813.7,42.5132
1784079000000,64813.7,64825.2,64639.8,64690.8,41.5087
1784079900000,64693.1,64695.9,64620.2,64645.6,45.0876
1784080800000,64645.7,64738.1,64621.9,64686.6,296.8842
1784081700000,64686.6,64686.8,64495.4,64499.0,100.743
1784082600000,64499.1,64542.1,64460.0,64542.1,193.3763
1784083500000,64542.1,64543.0,64472.7,64472.7,33.7123
1784084400000,64472.8,64645.2,64472.8,64606.4,291.3651
1784085300000,64608.3,64608.4,64559.7,64592.6,179.1417
1784086200000,64592.7,64747.2,64586.6,64676.6,320.8408
1784087100000,64676.7,64820.8,64650.1,64763.9,296.2524
1784088000000,64764.0,64865.6,64733.4,64797.0,391.5968
1784088900000,64796.9,64831.4,64732.4,64735.0,165.2568
1784089800000,64735.0,64807.5,64693.3,64781.7,274.5397
1784090700000,64781.6,64839.0,64702.4,64725.7,147.7981
1784091600000,64725.6,64792.1,64580.8,64599.9,205.0902
1784092500000,64599.9,64673.2,64598.7,64625.7,48.6192
1784093400000,64625.7,64733.4,64619.1,64679.5,271.0793
1784094300000,64679.6,64941.8,64669.5,64912.0,206.2954
1784095200000,64914.8,65033.0,64842.6,65015.2,255.824
1784096100000,65016.2,65017.0,64912.3,64956.0,138.175
1784097000000,64960.2,65256.6,64941.4,65015.3,774.2828
1784097900000,65015.0,65047.4,64783.3,64783.5,180.5612
1784098800000,64783.5,64855.5,64723.9,64845.3,276.1946
1784099700000,64845.3,64854.9,64453.4,64504.0,334.1856
1784100600000,64504.0,64620.8,64487.3,64580.0,624.0499
1784101500000,64579.9,64604.3,64524.9,64526.5,176.954
1784102400000,64526.5,64661.1,64526.5,64560.6,315.887
1784103300000,64560.6,64629.9,64548.9,64619.7,84.8751
1784104200000,64619.8,64717.3,64593.4,64716.2,471.9488
1784105100000,64716.2,64758.7,64704.7,64744.0,159.823
1784106000000,64744.0,64825.0,64732.3,64812.5,224.9178
1784106900000,64812.5,64894.1,64800.2,64803.5,106.8081
1784107800000,64803.5,64804.6,64670.1,64683.8,110.1446
1784108700000,64683.8,64707.6,64623.2,64640.4,61.0077
1784109600000,64640.5,64824.9,64604.0,64769.7,154.4136
1784110500000,64769.6,64773.5,64595.0,64604.3,307.8925
1784111400000,64604.3,64666.0,64580.6,64632.2,297.6674
1784112300000,64632.3,64651.5,64600.0,64630.6,62.5663
1784113200000,64630.5,64722.8,64576.0,64697.7,59.8911
1784114100000,64697.7,64710.0,64587.9,64606.4,121.9378
1784115000000,64606.4,64700.0,64600.0,64665.3,25.2723
1784115900000,64665.2,64722.1,64651.1,64710.1,30.7806
1784116800000,64710.1,64724.3,64600.0,64696.0,52.4945
1784117700000,64696.0,64736.0,64571.1,64659.9,106.3769
1784118600000,64658.0,64934.2,64649.1,64768.1,671.2164
1784119500000,64768.0,65231.6,64762.1,65129.7,885.5877
1784120400000,65129.8,65414.3,65120.6,65351.0,1447.6512
1784121300000,65350.9,65535.0,65253.1,65286.4,684.9027
1784122200000,65286.0,65494.6,65215.4,65247.2,349.2275
1784123100000,65247.8,65247.8,64857.4,65089.4,700.2165
1784124000000,65089.3,65375.0,65036.2,65257.3,413.0897
1784124900000,65257.2,65386.5,65049.1,65303.1,725.2531
1784125800000,65303.0,65491.0,65269.2,65337.1,323.2824
1784126700000,65337.2,65468.8,65290.7,65363.9,594.6199
1784127600000,65363.9,65462.1,65226.0,65371.5,785.5802
1784128500000,65371.5,65408.9,65256.4,65373.3,132.9018
1784129400000,65373.4,65524.4,65301.4,65452.7,357.7409
1784130300000,65452.7,65574.2,65330.5,65388.6,333.5874
1784131200000,65388.5,65432.6,65054.7,65062.6,294.1951
1784132100000,65062.6,65151.8,65010.5,65138.6,312.1309
1784133000000,65138.6,65148.1,64746.8,64910.4,706.9683
1784133900000,64911.2,65093.9,64900.9,65088.0,399.9347
1784134800000,65088.0,65128.6,64982.1,64998.2,185.3325
1784135700000,64998.2,65048.5,64955.0,65013.2,77.9735
1784136600000,65013.2,65090.2,64937.8,65009.8,146.4869
1784137500000,65009.8,65159.8,64957.4,65024.0,108.1209
1784138400000,65024.0,65115.6,64937.5,65099.8,155.3059
1784139300000,65099.8,65100.9,65001.4,65036.0,125.7094
1784140200000,65036.0,65096.1,64952.7,64954.1,46.0422
1784141100000,64955.6,64995.3,64820.3,64840.8,67.5908
1784142000000,64840.9,64928.7,64824.4,64903.1,99.4101
1784142900000,64903.0,64906.1,64708.5,64828.7,99.2776
1784143800000,64828.7,64961.4,64812.6,64960.2,129.8233
1784144700000,64961.1,64973.6,64858.0,64948.9,60.8449
1784145600000,64948.0,64963.2,64880.0,64916.4,37.7192
1784146500000,64916.3,64997.2,64915.0,64980.9,18.4066
1784147400000,64981.0,65029.0,64958.8,64971.8,41.883
1784148300000,64971.8,64971.8,64937.5,64940.3,48.9596
1784149200000,64940.4,64991.5,64807.1,64865.0,148.9436
1784150100000,64865.0,64907.2,64831.6,64840.7,173.0159
1784151000000,64840.6,64857.2,64766.0,64781.0,142.282
1784151900000,64781.0,64807.8,64761.2,64802.7,23.1902
1784152800000,64803.2,64853.4,64761.2,64777.7,51.1543
1784153700000,64777.7,64869.9,64747.2,64869.9,36.9779
1784154600000,64869.9,64924.6,64828.2,64854.2,85.3622
1784155500000,64854.3,64936.0,64831.9,64831.9,38.2855
1784156400000,64831.9,64917.7,64831.9,64884.4,24.7061
1784157300000,64884.5,64906.5,64810.0,64822.5,50.5978
1784158200000,64822.5,64839.9,64679.7,64709.7,279.8191
1784159100000,64709.7,64794.1,64672.0,64721.8,108.8166
1784160000000,64721.8,64817.7,64709.1,64799.6,160.4521
1784160900000,64799.5,64814.6,64540.0,64540.0,264.0253
1784161800000,64540.0,64607.0,64467.5,64497.6,344.0387
1784162700000,64497.6,64630.0,64483.5,64557.9,147.3647
1784163600000,64557.8,64634.5,64525.1,64573.7,88.8562
1784164500000,64573.7,64574.1,64364.7,64533.0,532.148
1784165400000,64532.9,64707.1,64531.2,64586.9,197.8819
1784166300000,64586.8,64800.0,64570.3,64700.0,102.6975
1784167200000,64700.0,64706.7,64602.6,64622.7,22.084
1784168100000,64622.7,64662.4,64566.4,64645.0,21.2962
1784169000000,64645.0,64661.2,64560.0,64563.5,128.6239
1784169900000,64563.6,64637.6,64549.2,64614.6,337.8194
1784170800000,64614.7,64692.8,64574.6,64673.4,102.335
1784171700000,64673.4,64693.4,64560.6,64660.1,178.3344
1784172600000,64660.2,64720.9,64629.9,64636.2,149.2678
1784173500000,64636.1,64636.2,64522.6,64590.0,63.3079
1784174400000,64590.0,64639.4,64556.5,64623.1,210.878
1784175300000,64623.1,64630.1,64512.0,64628.1,134.6808
1784176200000,64628.1,64665.5,64564.7,64586.2,85.9595
1784177100000,64586.2,64615.4,64551.4,64611.2,25.92
1784178000000,64611.2,64750.5,64577.6,64750.4,46.1157
1784178900000,64750.4,64928.9,64730.6,64901.8,170.4588
1784179800000,64901.8,64973.1,64824.5,64886.6,236.7589
1784180700000,64886.5,64914.1,64847.2,64891.0,48.8794
1784181600000,64891.0,64931.5,64812.8,64833.5,83.8829
1784182500000,64833.6,64891.1,64770.8,64794.7,140.7817
1784183400000,64794.6,64801.3,64600.1,64705.1,245.0918
1784184300000,64705.1,64765.0,64668.9,64744.9,54.4587
1784185200000,64744.9,64748.4,64615.0,64620.2,136.1943
1784186100000,64620.1,64640.4,64472.0,64472.1,100.3627
1784187000000,64472.1,64479.8,64170.0,64207.4,736.6211
1784187900000,64205.8,64258.3,64056.0,64208.0,469.9148
1784188800000,64207.9,64229.0,63910.1,63916.1,444.2056
1784189700000,63916.1,64142.9,63854.4,64128.5,384.7118
1784190600000,64128.6,64337.2,64100.5,64108.9,352.4352
1784191500000,64108.9,64190.7,64042.0,64096.7,178.463
1784192400000,64096.7,64157.7,64073.4,64083.9,53.808
1784193300000,64085.6,64120.1,63996.2,64007.7,72.0799
1784194200000,64007.7,64097.4,63990.5,64079.1,83.8417
1784195100000,64079.1,64103.1,64002.2,64066.3,83.8651
1784196000000,64066.3,64162.3,64047.2,64118.4,149.719
1784196900000,64118.4,64200.0,64103.5,64196.4,104.4476
1784197800000,64196.4,64237.9,64152.4,64160.6,66.1883
1784198700000,64160.6,64199.7,64136.0,64189.0,31.362
1784199600000,64189.0,64197.0,64082.5,64142.2,60.304
1784200500000,64142.3,64230.0,64069.3,64148.2,49.6209
1784201400000,64148.3,64235.6,64117.1,64234.7,38.9727
1784202300000,64234.7,64237.9,64065.8,64222.1,72.4309
1784203200000,64222.1,64245.3,64106.4,64135.1,66.2783
1784204100000,64135.2,64164.2,64061.8,64164.1,63.5047
1784205000000,64164.2,64181.7,63854.4,63865.4,239.72
1784205900000,63865.3,64027.1,63830.3,63938.9,217.7186
1784206800000,63938.8,64084.2,63904.5,64060.5,105.8806
1784207700000,64060.6,64221.2,64024.7,64220.9,267.9816
1784208600000,64221.3,64453.9,64125.8,64126.2,634.7552
1784209500000,64126.2,64357.2,64080.3,64349.5,303.277
1784210400000,64349.4,64673.8,64301.3,64604.9,706.2532
1784211300000,64605.0,64826.0,64537.3,64733.3,373.7411
1784212200000,64733.1,64802.0,64630.6,64704.5,159.5156
1784213100000,64705.6,64715.2,64346.2,64500.0,262.2416
1784214000000,64500.0,64553.0,64285.7,64335.7,243.9743
1784214900000,64335.7,64872.8,64301.2,64797.8,331.8922
1784215800000,64797.7,64799.7,64640.0,64698.6,171.6241
1784216700000,64698.7,64793.2,64580.0,64676.5,110.6301
1784217600000,64677.1,64690.0,64446.7,64481.6,164.6262
1784218500000,64480.8,64554.4,64366.6,64516.7,189.6241
1784219400000,64516.7,64635.8,64343.7,64350.4,160.2358
1784220300000,64350.3,64508.8,64300.0,64451.9,154.0293
1784221200000,64450.0,64455.3,64133.6,64135.7,205.6205
1784222100000,64135.7,64211.3,64078.7,64195.8,215.0672
1784223000000,64195.7,64261.7,64094.2,64123.7,181.3264
1784223900000,64123.7,64124.9,63959.0,64048.3,226.2126
1784224800000,64048.3,64198.7,64012.3,64167.3,121.848
1784225700000,64167.4,64302.0,64123.8,64186.4,101.0053
1784226600000,64188.7,64201.9,64063.6,64125.7,66.0295
1784227500000,64125.8,64299.9,64110.9,64217.8,53.6096
1784228400000,64214.3,64279.3,64186.9,64201.7,36.0695
1784229300000,64201.6,64252.4,64134.8,64238.4,39.5597
1784230200000,64238.4,64259.6,64165.1,64170.7,21.7416
1784231100000,64170.7,64250.0,64124.6,64241.7,30.8383
1784232000000,64241.8,64250.5,64153.8,64157.4,15.0565
1784232900000,64157.3,64215.6,64125.3,64150.0,17.6404
1784233800000,64149.9,64177.5,64100.1,64121.8,46.0334
1784234700000,64121.9,64145.0,64075.0,64088.5,51.8581
1784235600000,64088.5,64178.4,64072.5,64158.8,44.0448
1784236500000,64158.8,64183.7,64129.5,64142.4,79.4324
1784237400000,64142.4,64215.8,64124.3,64195.5,177.0654
1784238300000,64188.0,64190.0,64112.9,64136.9,218.8357
1784239200000,64136.9,64213.4,64125.6,64173.5,18.2974
1784240100000,64174.0,64174.0,63990.0,63994.3,98.1644
1784241000000,63994.4,64147.2,63990.0,64050.9,69.5352
1784241900000,64050.8,64055.9,63919.2,63937.3,67.9518
1784242800000,63937.3,63978.8,63878.0,63895.9,182.4026
1784243700000,63896.0,63898.1,63722.1,63787.4,314.1637
1784244600000,63787.4,63824.5,63716.1,63807.8,98.3731
1784245500000,63803.4,63880.7,63764.2,63801.1,54.5101
1784246400000,63801.1,63815.3,63721.0,63766.1,119.2646
1784247300000,63766.2,63886.2,63738.0,63772.3,76.4096
1784248200000,63772.2,63777.0,63580.0,63761.0,425.0333
1784249100000,63761.0,63862.8,63761.0,63862.8,160.0697
1784250000000,63862.2,64038.4,63838.7,63961.1,151.2988
1784250900000,63961.1,63992.4,63799.6,63949.1,87.3237
1784251800000,63949.2,63954.8,63695.4,63695.4,81.8761
1784252700000,63695.4,63696.0,63450.0,63512.1,405.2476
1784253600000,63512.0,63598.3,63405.0,63585.1,205.1778
1784254500000,63585.0,63632.8,63471.2,63504.9,145.7493
1784255400000,63504.6,63547.9,63383.0,63430.5,133.2991
1784256300000,63430.6,63474.6,63357.0,63458.9,94.5754
1784257200000,63458.9,63626.8,63452.6,63595.9,148.0403
1784258100000,63595.8,63690.0,63585.8,63651.3,72.2235
1784259000000,63651.4,63691.8,63575.3,63596.8,38.8457
1784259900000,63596.8,63601.9,63500.3,63542.5,283.7187
1784260800000,63542.5,63542.5,63451.7,63472.5,225.82
1784261700000,63472.4,63506.2,63286.0,63360.5,252.273
1784262600000,63360.5,63466.3,63312.5,63452.4,101.9054
1784263500000,63452.4,63550.0,63440.3,63458.8,157.096
1784264400000,63457.1,63457.2,63335.1,63405.5,131.5501
1784265300000,63405.5,63411.2,63170.0,63177.6,211.3305
1784266200000,63177.4,63223.9,62939.1,62946.3,493.3647
1784267100000,62946.3,62989.9,62777.0,62811.1,542.9856
1784268000000,62811.1,62968.7,62741.1,62799.0,308.6409
1784268900000,62799.0,62922.0,62678.9,62900.6,265.7473
1784269800000,62899.2,62936.1,62840.0,62848.8,86.2012
1784270700000,62848.8,62916.6,62818.9,62916.5,66.7468
1784271600000,62916.4,62917.7,62836.2,62871.7,99.0185
1784272500000,62871.8,62905.0,62763.7,62904.8,380.7279
1784273400000,62904.7,62950.3,62840.5,62900.1,423.219
1784274300000,62900.1,62928.9,62785.9,62792.4,257.74
1784275200000,62792.3,62866.0,62728.2,62862.2,345.3496
1784276100000,62862.2,62863.5,62700.9,62769.7,482.4083
1784277000000,62769.3,62769.3,62636.2,62759.1,295.806
1784277900000,62759.0,62908.8,62759.0,62857.3,294.1949
1784278800000,62857.4,62933.4,62830.4,62933.4,118.9616
1784279700000,62933.3,62938.0,62833.7,62920.6,58.1242
1784280600000,62920.7,63034.2,62900.0,63034.0,180.9286
1784281500000,63033.9,63040.5,62935.3,62961.5,129.221
1784282400000,62961.6,63107.6,62940.1,63069.8,274.5134
1784283300000,63069.9,63096.3,63017.4,63061.7,260.6956
1784284200000,63061.7,63159.5,63048.5,63150.9,182.6874
1784285100000,63151.0,63166.0,63133.2,63146.0,253.9475
1784286000000,63146.1,63177.1,63054.3,63054.3,245.2229
1784286900000,63054.3,63103.0,63030.1,63101.6,214.8244
1784287800000,63101.7,63273.5,63077.0,63273.1,244.4495
1784288700000,63273.2,63337.5,63229.9,63268.6,179.0339
1784289600000,63268.6,63319.1,63201.6,63220.0,171.4463
1784290500000,63220.0,63269.2,63139.7,63166.4,212.5133
1784291400000,63166.5,63174.2,63050.0,63083.8,151.4653
1784292300000,63083.8,63135.8,63036.4,63069.9,211.4044
1784293200000,63069.8,63096.9,62738.6,62783.9,525.4975
1784294100000,62786.7,62932.7,62776.6,62821.9,598.9969
1784295000000,62826.1,62940.0,62507.9,62539.4,960.2646
1784295900000,62539.5,63178.0,62513.8,63130.6,606.4469
1784296800000,63130.5,63495.7,63122.2,63368.8,842.12
1784297700000,63369.5,63468.4,63166.8,63219.2,350.9489
1784298600000,63219.1,63331.6,63051.2,63245.4,195.6398
1784299500000,63245.6,63272.2,63102.1,63151.4,88.1292
1784300400000,63150.0,63159.7,62826.5,62893.7,479.1562
1784301300000,62893.8,63245.0,62877.3,63241.4,268.454
1784302200000,63241.5,63277.7,63091.5,63186.5,395.0376
1784303100000,63186.5,63435.8,63114.5,63435.8,162.6152
1784304000000,63435.3,63550.0,63326.8,63445.2,450.499
1784304900000,63445.2,63515.9,63283.9,63447.4,104.0467
1784305800000,63447.5,63512.7,63339.5,63504.1,58.3335
1784306700000,63504.2,63680.0,63457.4,63558.9,217.0841
1784307600000,63558.9,64123.4,63550.0,63928.5,728.2536
1784308500000,63928.4,64078.3,63886.0,63995.8,228.0237
1784309400000,63995.8,64078.3,63943.6,64000.8,138.9244
1784310300000,64000.7,64195.0,63967.3,64016.9,334.6688
1784311200000,64015.0,64070.6,63932.1,64055.5,112.6925
1784312100000,64055.8,64055.8,63858.4,63926.1,110.3177
1784313000000,63926.1,64118.7,63914.7,64117.0,209.76
1784313900000,64117.0,64350.0,64111.9,64224.1,358.1953
1784314800000,64223.2,64244.8,64021.4,64041.1,139.9437
1784315700000,64041.2,64063.3,63944.0,64055.0,92.3128
1784316600000,64055.0,64149.4,64036.8,64148.9,63.5843
1784317500000,64148.9,64179.9,64109.2,64124.4,148.7694
1784318400000,64123.9,64124.5,63968.7,63975.3,158.9773
1784319300000,63975.4,64036.3,63952.0,64004.4,73.9436
1784320200000,64003.7,64085.1,63930.4,64085.1,76.286
1784321100000,64085.2,64162.8,64007.1,64085.7,140.6178
1784322000000,64085.8,64161.0,64085.5,64135.3,68.246
1784322900000,64135.4,64191.6,64096.5,64121.2,74.6959
1784323800000,64120.1,64125.0,64043.3,64072.1,39.9756
1784324700000,64072.1,64084.4,64032.1,64070.8,72.5913
1784325600000,64070.8,64119.9,64022.5,64050.4,41.734
1784326500000,64050.4,64050.5,63935.1,63936.3,119.6124
1784327400000,63936.4,63945.7,63889.5,63918.3,136.9588
1784328300000,63918.3,63968.6,63913.6,63954.5,149.9157
1784329200000,63954.6,63957.0,63855.5,63874.4,61.1705
1784330100000,63874.4,63939.6,63866.9,63939.2,18.8168
1784331000000,63939.3,63987.2,63932.6,63946.1,195.2907
1784331900000,63945.8,63970.8,63900.2,63902.9,33.9783
1784332800000,63903.0,63945.0,63864.7,63935.6,36.9
1784333700000,63935.5,63995.2,63930.8,63963.7,25.686
1784334600000,63963.8,63963.8,63871.7,63896.2,38.249
1784335500000,63896.2,63928.3,63868.0,63882.4,25.5441
1784336400000,63882.5,63903.3,63859.8,63896.8,47.2209
1784337300000,63896.8,63978.8,63893.4,63971.4,23.26
1784338200000,63971.4,63971.5,63887.3,63916.5,142.7549
1784339100000,63916.5,63957.9,63916.2,63931.2,49.7848
1784340000000,63931.3,63953.6,63900.4,63942.3,64.6534
1784340900000,63942.4,63981.6,63942.3,63968.2,120.118
1784341800000,63968.2,63999.0,63934.0,63937.6,65.8763
1784342700000,63937.6,63950.7,63918.7,63929.7,25.2514
1784343600000,63929.8,63958.6,63919.7,63951.7,14.5794
1784344500000,63951.5,63968.0,63916.8,63923.6,14.7139
1784345400000,63923.6,63940.4,63900.0,63914.9,15.5258
1784346300000,63914.8,63995.2,63896.9,63988.5,32.6596
1784347200000,63988.4,63991.8,63950.1,63969.2,17.1311
1784348100000,63969.3,63969.3,63928.6,63956.0,14.1307
1784349000000,63955.9,63956.0,63918.3,63920.1,21.5693
1784349900000,63920.1,63950.6,63912.0,63939.3,29.5734
1784350800000,63939.9,63952.1,63899.9,63900.1,44.8435
1784351700000,63900.0,63952.5,63899.1,63946.2,26.1482
1784352600000,63946.1,63972.2,63922.3,63939.8,26.3692
1784353500000,63939.8,63974.4,63913.1,63935.1,85.643
1784354400000,63935.1,63943.6,63923.8,63934.0,30.3896
1784355300000,63934.1,63977.8,63932.9,63961.0,84.4855
1784356200000,63961.1,63961.5,63916.4,63944.4,25.3383
1784357100000,63944.4,63955.0,63943.3,63954.7,14.5806
1784358000000,63954.7,63992.9,63950.9,63967.9,29.244
1784358900000,63967.8,63991.6,63966.5,63988.0,29.6485
1784359800000,63987.9,63991.7,63967.1,63991.7,17.2347
1784360700000,63991.6,63994.0,63974.4,63978.4,20.9202
1784361600000,63978.0,63991.5,63930.0,63952.5,25.3422
1784362500000,63952.5,63987.0,63938.2,63986.9,9.6323
1784363400000,63986.9,64000.0,63954.3,63954.3,26.8609
1784364300000,63954.4,63999.0,63954.3,63976.1,43.6364
1784365200000,63976.2,64000.0,63940.0,63949.9,18.7482
1784366100000,63949.9,63951.4,63917.0,63920.0,87.6134
1784367000000,63920.0,63949.2,63917.6,63949.2,25.9589
1784367900000,63949.1,63962.4,63945.1,63960.3,24.7827
1784368800000,63960.4,63971.1,63952.2,63964.9,84.9093
1784369700000,63964.9,63983.9,63964.3,63983.0,64.0063
1784370600000,63982.9,63988.5,63970.4,63973.8,40.4134
1784371500000,63973.8,63982.5,63965.6,63981.9,50.2943
1784372400000,63981.9,63994.8,63981.6,63988.2,33.646
1784373300000,63988.1,63994.8,63987.9,63989.7,24.0781
1784374200000,63989.7,63995.1,63989.6,63993.8,21.278
1784375100000,63993.7,64074.2,63993.7,64032.8,45.2665
1784376000000,64032.7,64171.8,64032.7,64101.2,410.4291
1784376900000,64101.2,64114.3,64020.0,64061.0,132.9679
1784377800000,64061.0,64178.0,64040.0,64152.6,153.1019
1784378700000,64152.7,64232.5,64152.4,64179.2,291.6243
1784379600000,64179.2,64182.1,63960.4,63980.6,251.1366
1784380500000,63980.6,64034.0,63929.4,64027.9,356.274
1784381400000,64028.1,64070.0,63995.2,64029.4,90.4025
1784382300000,64029.4,64081.2,64003.9,64081.1,68.2287
1784383200000,64081.0,64146.4,64068.7,64139.9,158.047
1784384100000,64139.1,64148.6,64093.2,64148.4,60.137
1784385000000,64148.4,64166.8,64120.5,64147.9,90.4745
1784385900000,64148.1,64150.4,64078.4,64096.6,44.9779
1784386800000,64096.7,64105.1,64052.8,64069.1,39.3005
1784387700000,64069.2,64100.0,64043.8,64043.8,53.1504
1784388600000,64043.8,64055.3,64011.4,64011.4,68.0604
1784389500000,64011.4,64133.9,64000.0,64090.9,86.5729
1784390400000,64091.0,64128.6,64056.7,64114.2,57.5291
1784391300000,64114.3,64120.0,64076.9,64118.4,20.2682
1784392200000,64118.4,64143.7,64075.9,64112.7,41.5404
1784393100000,64112.6,64295.3,64089.1,64270.0,175.5464
1784394000000,64271.0,64296.0,64245.6,64295.4,86.8686
1784394900000,64295.5,64414.3,64246.9,64265.1,225.3106
1784395800000,64265.9,64428.7,64262.4,64410.7,157.5039
1784396700000,64410.8,64460.3,64373.3,64448.8,315.7556
1784397600000,64448.8,64455.1,64424.5,64435.4,76.362
1784398500000,64436.2,64626.9,64426.1,64538.9,386.6108
1784399400000,64539.1,64542.9,64440.4,64442.2,100.3735
1784400300000,64442.1,64500.6,64440.8,64478.2,69.3192
1784401200000,64478.2,64523.8,64471.0,64499.9,49.011
1784402100000,64500.0,64563.9,64444.4,64444.4,56.5058
1784403000000,64444.5,64505.1,64442.7,64491.4,74.4368
1784403900000,64491.4,64538.9,64491.3,64523.7,19.7177
1784404800000,64523.8,64608.1,64476.8,64585.7,38.6069
1784405700000,64585.8,64704.1,64577.2,64611.7,167.3026
1784406600000,64611.7,64613.7,64555.0,64577.8,36.0366
1784407500000,64578.1,64688.7,64538.7,64666.5,87.2667
1784408400000,64666.5,64735.6,64610.7,64735.6,192.7324
1784409300000,64736.0,64824.3,64691.5,64694.4,173.7042
1784410200000,64694.3,64694.4,64606.8,64619.3,76.9995
1784411100000,64619.3,64780.0,64589.3,64699.7,66.2866
1784412000000,64699.6,64842.6,64692.8,64767.1,64.7995
1784412900000,64767.2,64808.0,64702.7,64702.7,112.124
1784413800000,64702.7,64760.8,64681.9,64743.9,53.8533
1784414700000,64743.9,64805.7,64716.6,64775.7,88.177
1784415600000,64775.8,64792.9,64682.2,64710.2,158.8692
1784416500000,64710.2,64813.4,64705.8,64799.7,162.6268
1784417400000,64799.6,64830.0,64746.9,64796.5,294.6789
1784418300000,64796.5,64811.4,64777.0,64804.3,18.175
1784419200000,64804.3,64828.8,64777.0,64813.5,25.1314
1784420100000,64813.6,64875.5,64755.1,64761.7,80.0167
1784421000000,64761.7,64822.3,64735.4,64744.1,87.1634
1784421900000,64744.0,64776.9,64739.1,64753.2,49.1125
1784422800000,64753.3,64760.4,64741.7,64745.0,47.0709
1784423700000,64744.9,64750.1,64738.5,64744.9,37.3545
1784424600000,64744.9,64746.0,64736.0,64739.0,8.7697
1784425500000,64739.0,64758.8,64737.6,64740.3,37.7465
1784426400000,64740.3,64935.0,64669.0,64861.5,261.4056
1784427300000,64861.5,64896.1,64774.4,64791.5,70.1367
1784428200000,64791.5,64925.9,64791.4,64810.4,76.6734
1784429100000,64810.5,64837.5,64789.3,64793.0,32.9109
1784430000000,64793.0,64813.6,64699.9,64706.1,89.8798
1784430900000,64706.2,64706.5,64595.4,64643.7,165.0156
1784431800000,64643.8,64669.0,64620.6,64641.1,72.1943
1784432700000,64641.0,64687.3,64637.5,64687.3,18.2949
1784433600000,64687.3,64687.6,64586.1,64619.2,63.5171
1784434500000,64619.1,64692.4,64618.3,64688.3,17.8925
1784435400000,64688.4,64765.5,64670.2,64737.2,44.2881
1784436300000,64737.2,64761.7,64684.7,64695.8,147.066
1784437200000,64695.8,64769.6,64695.7,64765.2,22.3579
1784438100000,64765.2,64788.1,64685.1,64687.2,31.9611
1784439000000,64687.2,64688.6,64646.4,64673.5,137.8502
1784439900000,64673.5,64722.0,64671.3,64695.3,166.0364
1784440800000,64695.2,64702.4,64668.0,64701.3,64.5034
1784441700000,64701.3,64733.3,64692.1,64704.3,23.9992
1784442600000,64704.3,64734.0,64694.4,64708.5,12.9386
1784443500000,64708.6,64714.8,64667.0,64683.9,202.65
1784444400000,64683.9,64698.5,64660.8,64667.7,22.3914
1784445300000,64667.7,64700.0,64651.0,64699.9,26.1715
1784446200000,64699.9,64760.0,64683.0,64744.1,35.9198
1784447100000,64744.1,64745.7,64650.0,64693.3,21.3767
1784448000000,64693.3,64707.6,64648.1,64679.2,25.3485
1784448900000,64679.2,64679.8,64604.1,64638.1,155.0811
1784449800000,64638.0,64655.2,64610.0,64630.2,143.1725
1784450700000,64630.1,64719.7,64620.6,64684.6,130.297
1784451600000,64684.7,64699.1,64620.0,64620.7,24.8134
1784452500000,64620.7,64620.7,64525.5,64558.8,140.1753
1784453400000,64558.9,64583.2,64476.4,64494.9,339.295
1784454300000,64494.9,64536.0,64474.9,64493.3,223.0744
1784455200000,64493.4,64568.3,64452.8,64545.6,336.8505
1784456100000,64545.7,64602.6,64544.5,64602.6,81.2891
1784457000000,64602.5,64649.1,64586.4,64646.5,300.1064
1784457900000,64646.4,64673.5,64542.0,64550.0,717.2333
1784458800000,64555.0,64602.2,64482.6,64562.8,253.3343
1784459700000,64562.7,64611.3,64504.6,64521.8,64.9541
1784460600000,64521.9,64534.9,64479.3,64505.0,68.6639
1784461500000,64505.0,64517.8,64416.0,64444.7,94.7343
1784462400000,64444.6,64444.6,64319.0,64319.1,387.0341
1784463300000,64319.1,64449.8,64256.3,64286.7,507.5293
1784464200000,64286.6,64410.0,64277.7,64386.8,346.5159
1784465100000,64386.7,64433.9,64321.7,64418.2,122.2935
1784466000000,64418.3,64433.1,64317.9,64335.2,198.1318
1784466900000,64335.1,64397.0,64275.2,64381.7,85.8971
1784467800000,64381.7,64450.0,64379.4,64393.4,122.0044
1784468700000,64393.3,64494.1,64384.2,64452.0,173.9535
1784469600000,64452.0,64530.4,64450.3,64516.2,83.5194
1784470500000,64516.2,64531.2,64387.8,64435.6,82.738
1784471400000,64435.6,64521.9,64419.1,64496.9,36.5053
1784472300000,64496.9,64629.0,64480.2,64561.4,112.3391
1784473200000,64561.4,64595.8,64500.0,64548.9,45.849
1784474100000,64548.9,64567.9,64470.3,64479.2,43.7728
1784475000000,64479.1,64563.8,64467.3,64540.1,32.0459
1784475900000,64540.1,64558.0,64500.0,64545.7,40.3123
1784476800000,64545.7,64619.1,64474.8,64521.6,61.5709
1784477700000,64521.6,64601.7,64484.1,64582.4,80.0591
1784478600000,64582.5,64584.3,64499.8,64576.6,71.6359
1784479500000,64576.7,64585.5,64492.0,64510.7,36.5879
1784480400000,64510.8,64674.9,64386.6,64674.9,214.869
1784481300000,64675.0,64729.1,64600.0,64619.7,141.2541
1784482200000,64619.7,64700.1,64573.1,64593.2,69.7898
1784483100000,64593.3,64593.6,64510.0,64522.0,94.88
1784484000000,64522.1,64529.6,64260.8,64445.9,316.9312
1784484900000,64445.9,64465.0,64367.8,64367.9,120.5541
1784485800000,64367.9,64423.8,64313.5,64400.6,113.0421
1784486700000,64400.7,64420.9,64334.1,64393.5,142.9868
1784487600000,64393.6,64436.3,64316.3,64425.5,88.0033
1784488500000,64425.5,64440.9,64388.4,64416.1,12.879
1784489400000,64416.0,64432.8,64379.5,64387.7,48.5729
1784490300000,64387.8,64434.8,64363.2,64433.4,27.766
1784491200000,64433.4,64523.8,64433.3,64479.9,30.3696
1784492100000,64479.9,64499.2,64439.0,64461.3,25.3217
1784493000000,64461.2,64509.1,64450.0,64468.9,46.3355
1784493900000,64468.9,64512.9,64460.2,64512.8,19.6071
1784494800000,64512.9,64534.7,64460.9,64508.5,27.2827
1784495700000,64508.5,64512.5,64427.5,64449.5,28.4524
1784496600000,64449.6,64449.6,64320.0,64322.0,61.0219
1784497500000,64321.5,64404.2,64321.3,64387.1,22.3555
1784498400000,64387.0,64660.1,64322.1,64637.5,289.6535
1784499300000,64637.5,64871.6,64637.5,64726.6,517.6775
1784500200000,64726.6,64792.6,64660.8,64777.4,220.2199
1784501100000,64777.4,64779.2,64640.0,64646.1,134.1156
1784502000000,64646.1,64690.5,64537.6,64673.2,145.9988
1784502900000,64673.3,64688.3,64607.4,64647.5,42.1934
1784503800000,64647.4,64745.6,64613.9,64722.4,193.3113
1784504700000,64722.5,64743.9,64626.1,64697.7,27.7798
1784505600000,64697.6,65042.7,64541.1,64993.9,388.8615
1784506500000,64993.6,65091.6,64771.9,64847.0,312.0509
1784507400000,64846.9,64918.0,64756.8,64789.8,111.4368
1784508300000,64789.7,64789.7,64379.2,64527.2,248.7195
1784509200000,64527.2,65011.1,64475.5,64777.0,337.8752
1784510100000,64777.0,64921.6,64656.6,64821.0,156.0593
1784511000000,64821.0,64902.9,64666.0,64737.4,130.2781
1784511900000,64737.4,64754.5,64468.3,64595.0,152.9601
1784512800000,64595.0,64915.0,64589.8,64792.5,198.9289
1784513700000,64792.5,64806.7,64541.4,64638.5,151.0582
1784514600000,64638.5,64862.0,64625.0,64802.5,154.4759
1784515500000,64802.4,64938.6,64798.9,64799.3,89.7263
1784516400000,64799.3,64858.5,64743.3,64812.6,37.7694
1784517300000,64812.5,64850.0,64614.0,64651.7,92.0208
1784518200000,64651.8,64868.8,64630.8,64868.7,126.3848
1784519100000,64868.8,64882.4,64750.9,64835.9,117.2427
1784520000000,64835.9,64837.5,64671.6,64675.1,60.6758
1784520900000,64675.1,64757.8,64610.1,64735.7,77.7788
1784521800000,64735.7,64790.1,64671.6,64699.7,146.7422
1784522700000,64699.7,64704.1,64503.9,64510.2,181.0832
1784523600000,64510.9,64535.7,64054.3,64215.0,529.2882
1784524500000,64214.9,64358.1,64059.2,64159.1,190.3747
1784525400000,64159.1,64230.7,64078.4,64176.3,91.7975
1784526300000,64176.3,64181.1,64067.7,64099.7,128.9292
1784527200000,64099.8,64172.9,64042.7,64169.7,85.9428
1784528100000,64169.7,64197.4,64070.0,64107.4,97.8367
1784529000000,64107.2,64128.2,63730.4,63795.6,510.1349
1784529900000,63795.6,63911.3,63731.7,63879.9,185.0774
1784530800000,63880.0,63981.6,63819.7,63937.8,117.9535
1784531700000,63937.7,64107.6,63863.1,64101.1,128.6505
1784532600000,64101.0,64186.6,64053.8,64186.5,182.8742
1784533500000,64186.6,64277.6,64151.3,64247.0,142.2798
1784534400000,64246.9,64330.0,64198.0,64265.3,159.894
1784535300000,64265.3,64330.0,64196.3,64206.0,134.4469
1784536200000,64205.9,64238.5,63852.8,63889.1,302.8082
1784537100000,63893.3,64080.4,63892.9,64030.2,158.8761
1784538000000,64030.3,64083.4,63980.0,64074.4,55.6873
1784538900000,64074.3,64175.7,64060.9,64173.6,127.8062
1784539800000,64173.6,64232.4,64153.4,64209.7,103.4097
1784540700000,64209.8,64256.4,64170.2,64170.2,58.0503
1784541600000,64170.2,64259.0,64131.3,64255.4,55.3205
1784542500000,64255.3,64399.0,64229.0,64325.5,285.3974
1784543400000,64325.5,64325.6,64226.9,64299.8,241.8498
1784544300000,64299.7,64328.0,64262.2,64276.0,66.8865
1784545200000,64275.9,64424.2,64244.8,64357.3,370.7943
1784546100000,64357.3,64370.0,64291.2,64324.1,69.2434
1784547000000,64324.0,64908.1,64313.5,64805.0,1290.1974
1784547900000,64805.4,65046.9,64799.4,64971.8,465.554
1784548800000,64971.7,64979.1,64695.5,64728.4,390.2256
1784549700000,64728.4,64782.0,64648.0,64672.0,186.9948
1784550600000,64672.0,64722.4,64575.4,64577.3,154.5763
1784551500000,64577.3,64710.9,64570.4,64623.9,110.6484
1784552400000,64624.0,64722.7,64596.9,64661.8,93.2121
1784553300000,64661.8,64704.8,64502.5,64526.1,183.6795
1784554200000,64523.6,64739.7,64470.0,64627.9,394.779
1784555100000,64627.9,64732.8,64178.6,64312.3,697.1564
1784556000000,64312.3,64461.7,64249.0,64294.3,227.2201
1784556900000,64294.4,64442.0,64043.6,64440.1,493.0577
1784557800000,64440.0,64518.8,64317.7,64398.9,423.6171
1784558700000,64398.4,64536.9,64282.8,64388.7,232.6535
1784559600000,64389.8,64960.0,64386.3,64947.5,570.9544
1784560500000,64947.4,64993.8,64853.4,64920.8,249.4701
1784561400000,64920.8,65269.8,64779.6,65211.6,564.4389
1784562300000,65211.7,65654.1,65211.6,65569.5,843.2942
1784563200000,65569.4,65600.0,65400.2,65530.0,348.2325
1784564100000,65530.0,65561.7,65353.4,65416.7,173.9442
1784565000000,65416.7,65529.2,65329.4,65348.9,121.0889
1784565900000,65349.0,65491.4,65339.4,65479.4,79.0078
1784566800000,65479.4,65518.6,65409.9,65470.5,50.0204
1784567700000,65470.4,65490.0,65399.0,65473.9,52.902
1784568600000,65474.0,65482.6,65317.1,65333.2,61.658
1784569500000,65333.2,65600.0,65332.8,65557.7,131.0441
1784570400000,65557.7,65771.4,65536.2,65718.5,389.8983
1784571300000,65718.4,65746.5,65543.4,65558.9,142.4688
1784572200000,65559.0,65582.8,65316.9,65321.5,242.6296
1784573100000,65321.6,65324.5,65170.0,65209.6,191.8183
1784574000000,65209.4,65250.4,65071.4,65071.4,274.1096
1784574900000,65071.4,65176.0,65040.7,65124.8,100.3053
1784575800000,65124.8,65136.3,65009.3,65084.5,164.1254
1784576700000,65084.6,65156.1,65040.5,65115.1,62.1374
1784577600000,65115.2,65200.6,65021.4,65196.0,52.4119
1784578500000,65195.9,65300.0,65162.8,65257.7,59.7384
1784579400000,65257.7,65404.8,65245.3,65283.6,114.0984
1784580300000,65283.6,65358.0,65283.5,65340.2,27.4796
1784581200000,65340.3,65340.3,65269.3,65289.0,79.2643
1784582100000,65289.0,65324.5,65269.9,65277.0,19.0904
1784583000000,65277.1,65417.5,65277.0,65322.8,52.6437
1784583900000,65324.5,65353.4,65241.6,65256.2,69.8375
1784584800000,65256.1,65259.1,65105.8,65174.7,85.6926
1784585700000,65174.7,65226.1,65120.1,65188.5,58.5748
1784586600000,65188.5,65200.0,65059.1,65106.1,85.0049
1784587500000,65106.1,65124.3,65086.3,65117.4,14.7945
1784588400000,65117.4,65200.6,65101.3,65128.1,61.2404
1784589300000,65128.0,65233.0,65128.0,65212.6,46.7692
1784590200000,65212.6,65231.0,65167.5,65195.8,21.2643
1784591100000,65195.8,65244.8,65120.0,65223.7,147.789
1784592000000,65223.6,65223.6,65125.0,65153.4,113.4661
1784592900000,65153.4,65397.4,65116.1,65320.0,106.5276
1784593800000,65320.0,65519.6,65317.0,65457.5,165.4313
1784594700000,65459.9,65562.7,65453.2,65547.4,103.9498
1784595600000,65547.4,65634.0,65446.0,65515.7,146.5703
1784596500000,65513.0,65518.9,65400.2,65413.2,78.8077
1784597400000,65413.2,65449.4,65294.6,65308.0,133.5396
1784598300000,65308.1,65312.3,65202.5,65210.4,83.8772
1784599200000,65210.4,65385.0,65206.9,65263.3,54.9565
1784600100000,65263.3,65292.2,65150.0,65236.9,66.5514
1784601000000,65237.0,65343.8,65236.9,65325.8,45.4257
1784601900000,65325.9,65468.5,65280.6,65383.0,32.543
1784602800000,65383.0,65509.6,65379.7,65463.3,67.2379
1784603700000,65463.3,65509.1,65403.2,65464.4,85.9805
1784604600000,65464.4,65510.0,65416.0,65498.0,47.9428
1784605500000,65497.9,65565.6,65420.9,65545.0,62.5852
1784606400000,65536.5,65717.9,65501.0,65573.2,283.859
1784607300000,65573.2,65646.8,65479.9,65488.6,104.8009
1784608200000,65488.6,65545.6,65470.0,65511.9,32.7968
1784609100000,65511.9,65524.3,65450.0,65492.1,39.8182
1784610000000,65492.2,65534.6,65457.3,65507.6,73.8339
1784610900000,65507.7,65621.1,65461.1,65569.2,77.8069
1784611800000,65569.4,65652.9,65534.0,65621.7,61.7701
1784612700000,65621.7,65890.0,65581.7,65722.2,443.5285
1784613600000,65722.2,65800.0,65608.6,65703.3,80.5309
1784614500000,65703.4,65823.3,65627.7,65792.9,169.9456
1784615400000,65793.0,65968.0,65778.3,65920.9,267.5931
1784616300000,65921.0,65943.4,65844.3,65890.6,83.9693
1784617200000,65890.6,65922.8,65831.7,65893.3,89.1765
1784618100000,65893.4,65984.5,65857.3,65935.0,152.532
1784619000000,65934.9,66117.0,65917.3,66011.0,428.2007
1784619900000,66010.9,66215.2,66000.1,66163.1,259.4767
1784620800000,66163.0,66262.0,66103.6,66256.7,240.3589
1784621700000,66257.7,66324.7,66167.4,66189.0,266.7972
1784622600000,66190.2,66328.8,66156.5,66270.7,152.5931
1784623500000,66270.7,66300.0,66180.0,66199.9,91.7854
1784624400000,66199.2,66250.0,66118.4,66185.6,107.2213
1784625300000,66185.5,66231.7,66154.5,66206.3,77.2888
1784626200000,66206.4,66308.5,66195.4,66269.9,64.0809
1784627100000,66269.9,66317.7,66236.2,66257.6,56.4798
1784628000000,66257.5,66370.0,66231.4,66329.3,84.6205
1784628900000,66329.4,66370.0,66280.0,66368.6,74.2652
1784629800000,66368.6,66389.9,66294.7,66318.8,108.2974
1784630700000,66318.7,66331.9,66148.0,66160.1,146.5464
1784631600000,66160.2,66228.8,66116.4,66202.7,103.4883
1784632500000,66202.7,66234.0,66153.6,66200.0,49.0786
1784633400000,66200.0,66317.0,66199.9,66299.9,91.2973
1784634300000,66299.9,66327.3,66288.1,66309.9,71.0695
1784635200000,66309.9,66420.9,66237.2,66372.9,230.9203
1784636100000,66372.9,66470.3,66304.7,66426.1,165.6914
1784637000000,66426.2,66613.1,66391.6,66489.3,363.9111
1784637900000,66489.3,66551.2,66459.3,66524.2,108.3149
1784638800000,66524.2,66597.3,66482.1,66592.8,102.6165
1784639700000,66592.7,66633.3,66382.2,66406.2,172.9132
1784640600000,66406.0,66519.2,66290.0,66330.8,230.2405
1784641500000,66330.9,66775.6,66310.5,66751.1,456.5722
1784642400000,66751.1,66921.6,66702.6,66909.9,503.2191
1784643300000,66910.0,66910.0,66607.5,66703.5,226.7881
1784644200000,66703.5,66844.5,66619.2,66813.0,113.2056
1784645100000,66813.1,66882.5,66766.6,66803.8,160.0176
1784646000000,66803.8,66803.8,66614.2,66652.5,169.5562
1784646900000,66653.7,66707.7,66581.0,66584.2,193.8673
1784647800000,66584.3,66684.2,66494.2,66586.1,169.3927
1784648700000,66586.0,66690.3,66564.5,66650.0,114.3489
1784649600000,66650.1,66731.6,66554.9,66582.3,65.6759
1784650500000,66582.3,66582.3,66452.8,66499.4,100.8732
1784651400000,66499.5,66620.2,66464.0,66527.1,76.03
1784652300000,66527.1,66580.1,66438.0,66511.0,73.009
1784653200000,66511.1,66539.8,66410.2,66437.2,90.2365
1784654100000,66437.2,66470.4,66373.8,66418.4,120.2936
1784655000000,66418.5,66480.8,66370.0,66476.0,83.1806
1784655900000,66476.0,66480.8,66050.4,66184.5,280.173
1784656800000,66184.5,66309.2,66075.8,66260.2,213.8885
1784657700000,66260.2,66284.5,66155.3,66212.3,112.1558
1784658600000,66212.2,66280.0,66089.0,66251.7,180.7572
1784659500000,66251.6,66332.3,66241.1,66292.9,88.625
1784660400000,66292.9,66346.9,66236.3,66269.0,109.1523
1784661300000,66268.9,66386.8,66254.3,66367.5,83.8994
1784662200000,66367.4,66467.1,66352.9,66426.4,102.1907
1784663100000,66426.4,66468.2,66384.4,66412.7,50.3678
1784664000000,66412.8,66446.7,66331.3,66390.6,74.519
1784664900000,66390.5,66390.6,66331.6,66363.9,66.5608
1784665800000,66364.0,66469.0,66363.2,66428.9,73.8787
1784666700000,66428.9,66438.0,66373.7,66373.8,42.237
1784667600000,66373.7,66386.7,66276.9,66372.0,133.2253
1784668500000,66372.1,66372.1,66289.5,66289.6,41.7208
1784669400000,66289.5,66332.7,66258.6,66315.4,31.7175
1784670300000,66313.0,66365.4,66306.4,66353.8,31.0917
1784671200000,66353.7,66353.8,66272.7,66282.7,20.187
1784672100000,66282.7,66290.5,66188.0,66250.9,28.5015
1784673000000,66250.8,66312.2,66229.8,66280.0,53.9912
1784673900000,66280.0,66287.4,66208.1,66272.8,52.481
1784674800000,66272.8,66272.9,66198.2,66248.5,171.1105
1784675700000,66248.5,66370.5,66248.5,66370.4,55.1768
1784676600000,66370.5,66427.0,66351.0,66398.5,286.4765
1784677500000,66398.5,66544.7,66390.1,66522.9,289.0181
1784678400000,66522.8,66659.5,66504.7,66651.9,185.4387
1784679300000,66651.9,66695.5,66554.4,66632.0,117.671
1784680200000,66632.0,66708.0,66597.2,66681.5,133.201
1784681100000,66681.4,66700.4,66576.7,66592.9,151.7132
1784682000000,66593.5,66629.5,66451.9,66455.5,114.2063
1784682900000,66456.2,66473.5,66300.0,66330.1,128.2624
1784683800000,66330.0,66395.1,66249.9,66337.2,101.532
1784684700000,66337.1,66473.6,66326.2,66399.9,125.4864
1784685600000,66400.0,66459.2,66335.0,66434.4,117.7385
1784686500000,66434.4,66502.0,66378.9,66378.9,84.8596
1784687400000,66379.0,66379.0,66268.3,66340.5,44.7028
1784688300000,66340.4,66358.1,66268.0,66282.6,72.6711
1784689200000,66282.6,66341.2,66144.1,66153.2,163.8124
1784690100000,66155.5,66284.0,66155.5,66251.2,151.9598
1784691000000,66251.2,66286.7,66181.5,66250.0,105.1109
1784691900000,66250.0,66332.6,66148.7,66177.2,159.3232
1784692800000,66177.3,66324.9,66163.1,66309.5,140.2759
1784693700000,66309.5,66371.5,66300.1,66335.5,57.658
1784694600000,66335.5,66396.3,66291.0,66389.8,106.325
1784695500000,66389.7,66390.8,66306.7,66349.9,18.547
1784696400000,66349.9,66350.2,66215.8,66244.3,62.3642
1784697300000,66244.3,66244.3,66010.7,66040.2,314.3757
1784698200000,66040.2,66100.0,65941.0,65952.1,226.7622
1784699100000,65951.0,66002.8,65911.6,65949.8,136.9469
1784700000000,65949.8,65994.8,65847.6,65957.0,165.3748
1784700900000,65956.9,65957.0,65803.2,65829.1,113.843
1784701800000,65829.3,65970.6,65798.7,65922.1,257.8138
1784702700000,65922.1,65936.9,65870.0,65904.3,86.6571
1784703600000,65904.3,65938.6,65855.4,65874.1,78.2303
1784704500000,65874.2,65911.4,65808.8,65876.5,90.1202
1784705400000,65876.5,65887.0,65672.7,65752.9,290.0898
1784706300000,65752.8,65840.0,65740.9,65811.2,138.0509
1784707200000,65811.0,66041.8,65811.0,66003.3,332.8459
1784708100000,66003.4,66134.0,65972.7,65986.3,237.4524
1784709000000,65986.3,66042.8,65900.0,65900.1,131.1524
1784709900000,65900.0,65968.7,65900.0,65953.3,73.0557
1784710800000,65953.3,66039.2,65932.2,65979.5,287.7646
1784711700000,65979.5,66052.5,65959.4,65992.1,103.9797
1784712600000,65992.2,65992.5,65824.0,65849.9,190.3849
1784713500000,65849.8,65920.9,65814.0,65894.9,185.1589
1784714400000,65894.9,65928.2,65861.2,65893.8,64.9778
1784715300000,65893.8,65950.8,65880.9,65936.2,100.0808
1784716200000,65936.1,65976.8,65921.1,65960.4,144.7951
1784717100000,65960.5,66084.8,65960.4,66017.7,446.955
1784718000000,66017.7,66050.8,65984.8,65985.1,144.1503
1784718900000,65985.0,66062.8,65948.0,66021.8,176.8714
1784719800000,66021.9,66039.5,65872.7,65885.0,136.6882
1784720700000,65885.0,66030.2,65874.0,65986.5,222.3922
1784721600000,65986.5,65986.6,65836.9,65870.7,236.9816
1784722500000,65875.0,65914.0,65818.3,65856.6,143.2195
1784723400000,65856.6,65878.1,65750.0,65751.7,308.493
1784724300000,65751.3,65791.9,65519.4,65608.0,413.402
1784725200000,65608.0,65653.6,65557.5,65618.1,171.2077
1784726100000,65618.2,65621.3,65533.1,65591.6,206.259
1784727000000,65595.4,65891.4,65572.3,65862.0,644.4458
1784727900000,65862.7,65952.8,65783.4,65921.7,377.9064
1784728800000,65921.7,66168.1,65863.6,65867.3,517.1206
1784729700000,65866.4,65866.4,65557.0,65590.2,440.3708
1784730600000,65590.3,65846.1,65554.6,65641.7,335.5839
1784731500000,65640.0,65770.1,65615.8,65766.3,136.2124
1784732400000,65766.4,65943.2,65766.4,65902.5,170.6125
1784733300000,65902.5,66100.5,65854.1,66043.4,259.8778
1784734200000,66043.5,66085.4,65915.6,65983.6,171.8483
1784735100000,65981.4,66041.7,65908.2,66011.0,64.9212
1784736000000,66011.0,66121.1,65942.0,66088.8,144.9021
1784736900000,66088.8,66088.8,65877.8,65989.5,119.0724
1784737800000,65989.6,66358.1,65974.3,66254.9,629.7745
1784738700000,66254.9,66263.9,66119.6,66195.0,212.6839
1784739600000,66195.0,66246.8,66132.2,66135.8,189.9386
1784740500000,66135.0,66138.5,65908.9,65962.0,349.2957
1784741400000,65961.9,66161.7,65955.0,66148.8,277.5532
1784742300000,66148.7,66209.6,65979.0,65993.7,116.8989
1784743200000,65993.7,66049.3,65940.3,65955.4,74.238
1784744100000,65955.3,66021.3,65811.8,65859.3,298.981
1784745000000,65859.3,65859.3,65701.1,65748.3,153.4528
1784745900000,65748.3,65903.7,65735.6,65860.1,94.023
1784746800000,65860.2,65897.3,65663.8,65733.9,182.6027
1784747700000,65733.9,65896.7,65717.4,65862.2,79.1133
1784748600000,65862.1,65914.3,65828.9,65828.9,134.0692
1784749500000,65829.0,65925.1,65811.4,65895.7,62.366
1784750400000,65895.1,65927.6,65758.0,65898.7,124.0396
1784751300000,65899.0,65953.8,65858.3,65904.6,95.8652
1784752200000,65904.6,65937.6,65872.1,65914.8,65.138
1784753100000,65914.8,65914.8,65863.5,65889.9,71.7459
1784754000000,65889.8,65905.0,65875.4,65899.9,71.1678
1784754900000,65900.0,65917.1,65858.4,65878.4,54.1848
1784755800000,65878.4,66099.0,65878.4,66098.3,162.0145
1784756700000,66098.3,66099.7,66006.5,66038.7,36.7987
1784757600000,66038.6,66047.2,65940.6,65976.7,69.5026
1784758500000,65976.8,65999.2,65896.8,65993.0,17.6534
1784759400000,65993.0,65993.0,65899.3,65932.1,24.603
1784760300000,65932.1,66021.5,65913.1,66014.2,121.3477
1784761200000,66014.3,66053.6,65825.3,65857.3,153.5836
1784762100000,65857.3,65967.3,65805.0,65938.2,197.4086
1784763000000,65938.2,65961.5,65918.5,65953.0,73.4838
1784763900000,65953.0,66118.4,65942.4,66081.4,189.628
1784764800000,66081.4,66215.3,66031.5,66151.3,159.4529
1784765700000,66151.2,66280.9,66124.5,66216.4,67.0731
1784766600000,66216.5,66240.8,66113.5,66113.5,98.967
1784767500000,66113.5,66168.0,66020.0,66025.8,133.0669
1784768400000,66025.2,66182.0,65990.6,66015.5,88.6236
1784769300000,66015.5,66015.5,65870.1,65896.1,120.7932
1784770200000,65896.0,65940.3,65722.0,65755.2,103.5165
1784771100000,65753.8,65852.0,65744.3,65793.3,96.3846
1784772000000,65793.3,65807.3,65703.6,65712.8,191.875
1784772900000,65712.5,65736.0,65616.6,65709.3,131.349
1784773800000,65709.3,65800.0,65689.7,65750.0,127.5199
1784774700000,65749.9,65800.0,65725.0,65776.4,67.2646
1784775600000,65776.4,65789.3,65558.0,65599.5,258.1788
1784776500000,65599.6,65649.9,65550.0,65605.8,280.4063
1784777400000,65605.9,65673.2,65593.6,65656.3,128.5223
1784778300000,65656.3,65657.3,65612.4,65625.3,71.3516
1784779200000,65625.4,65640.0,65567.0,65640.0,56.96
1784780100000,65639.9,65708.6,65603.5,65673.1,62.523
1784781000000,65673.0,65673.0,65586.1,65599.8,130.7111
1784781900000,65599.9,65645.5,65564.5,65582.2,114.2797
1784782800000,65583.9,65614.9,65541.6,65610.0,154.5912
1784783700000,65610.0,65692.1,65570.0,65692.1,135.0237
1784784600000,65692.2,65765.8,65658.7,65705.9,98.9731
1784785500000,65705.8,65731.0,65603.7,65659.1,59.6304
1784786400000,65658.7,65689.8,65595.9,65635.4,108.2374
1784787300000,65635.5,65717.6,65590.8,65717.5,36.3823
1784788200000,65717.5,65755.9,65678.3,65739.8,132.2936
1784789100000,65739.8,65787.7,65736.7,65759.4,52.7646
1784790000000,65759.5,65759.5,65312.3,65424.3,465.5899
1784790900000,65424.3,65460.1,65380.1,65405.9,157.3257
1784791800000,65406.0,65457.2,65360.5,65360.6,106.3007
1784792700000,65360.6,65427.0,65335.0,65405.8,76.9604
1784793600000,65405.8,65529.8,65380.5,65500.4,145.085
1784794500000,65500.3,65566.2,65452.6,65554.0,112.1613
1784795400000,65553.9,65632.1,65526.8,65598.7,90.0391
1784796300000,65598.6,65622.5,65557.1,65600.3,48.5682
1784797200000,65600.3,65700.0,65570.5,65642.5,68.5946
1784798100000,65642.3,65721.0,65640.0,65682.8,67.1933
1784799000000,65682.8,65703.3,65654.8,65697.9,42.6984
1784799900000,65697.8,65699.0,65591.5,65608.2,98.3685
1784800800000,65608.1,65682.0,65554.2,65681.9,41.4571
1784801700000,65681.9,65730.0,65645.6,65730.0,46.22
1784802600000,65730.0,65754.5,65706.5,65750.0,114.7261
1784803500000,65750.0,65754.3,65687.7,65699.9,107.3844
1784804400000,65700.0,65705.0,65624.1,65683.0,91.3295
1784805300000,65681.8,65689.0,65591.1,65594.5,78.3697
1784806200000,65594.5,65611.5,65519.5,65530.2,104.8499
1784807100000,65530.2,65595.4,65509.2,65528.4,97.3273
1784808000000,65528.4,65576.8,65439.7,65479.7,134.1241
1784808900000,65479.7,65489.7,65360.8,65392.7,120.054
1784809800000,65392.6,65398.3,65061.9,65083.3,503.5819
1784810700000,65083.3,65233.0,64958.0,65133.9,495.4789
1784811600000,65134.2,65195.2,64980.7,65012.5,298.5861
1784812500000,65012.4,65074.1,64925.4,64993.8,402.607
1784813400000,64993.8,65170.0,64937.6,65062.3,448.1534
1784814300000,65062.2,65105.7,64835.6,64857.2,597.0388
1784815200000,64858.1,65050.0,64793.1,65025.6,290.2329
1784816100000,65025.6,65192.6,64981.9,65119.9,363.6905
1784817000000,65119.9,65178.2,64992.4,64997.6,136.1556
1784817900000,65003.3,65003.3,64811.9,64878.8,291.9638
1784818800000,64878.9,64894.1,64690.0,64739.0,411.8832
1784819700000,64739.7,64938.5,64732.6,64837.4,250.3142
1784820600000,64837.4,64956.4,64785.9,64872.8,187.6689
1784821500000,64872.7,64995.0,64831.1,64932.5,136.4036
1784822400000,64932.5,64932.6,64771.2,64846.3,92.1401
1784823300000,64846.3,64858.5,64718.9,64794.5,112.3161
1784824200000,64794.5,64794.5,64684.0,64720.4,136.4477
1784825100000,64720.3,64807.4,64702.4,64730.7,50.3186
1784826000000,64730.7,64784.8,64685.8,64749.5,227.5673
1784826900000,64749.6,64849.3,64716.7,64834.2,89.0459
1784827800000,64834.3,64868.0,64770.5,64809.6,97.2343
1784828700000,64809.6,64848.1,64627.1,64650.7,254.4016
1784829600000,64650.8,64747.5,64650.7,64710.7,101.1204
1784830500000,64710.8,64798.1,64675.5,64787.6,79.5211
1784831400000,64787.5,64849.9,64750.1,64792.2,117.1039
1784832300000,64792.1,64920.0,64792.1,64839.6,169.7675
1784833200000,64839.7,64906.5,64731.0,64784.9,205.2257
1784834100000,64784.9,64890.0,64762.2,64867.9,110.2908
1784835000000,64868.0,64903.3,64700.0,64729.3,101.9676
1784835900000,64729.2,64849.2,64665.6,64824.0,60.9562
1784836800000,64822.4,65032.5,64816.8,65022.4,160.2558
1784837700000,65022.5,65159.5,65019.6,65135.9,179.3041
1784838600000,65135.9,65144.9,65075.2,65096.0,108.583
1784839500000,65096.0,65133.3,65075.4,65113.3,38.9198
1784840400000,65113.2,65173.5,64975.6,65018.4,114.95
1784841300000,65018.4,65115.5,64975.5,65084.4,70.4772
1784842200000,65084.4,65084.6,65033.9,65068.5,24.939
1784843100000,65068.5,65139.5,65067.1,65139.3,62.4845
1784844000000,65139.2,65188.4,65047.5,65064.3,151.8327
1784844900000,65064.3,65160.6,64985.0,65109.4,53.9457
1784845800000,65109.4,65187.0,65108.8,65174.3,118.2054
1784846700000,65174.3,65175.3,65101.8,65160.5,17.3971
1784847600000,65160.4,65183.8,65120.0,65157.9,44.0226
1784848500000,65157.8,65187.6,65111.0,65145.9,24.2354
1784849400000,65146.0,65177.0,65112.5,65139.9,20.4522
1784850300000,65139.9,65154.4,65014.2,65064.9,164.5531
1784851200000,65065.0,65079.5,64860.1,64900.2,124.7634
1784852100000,64900.2,64962.2,64847.0,64847.4,83.6106
1784853000000,64847.4,64900.0,64730.9,64819.8,202.9419
1784853900000,64819.7,64946.5,64819.1,64945.9,72.2309
1784854800000,64945.8,65097.7,64910.0,65007.0,100.4372
1784855700000,65007.0,65087.8,64962.4,65000.9,143.6488
1784856600000,65000.1,65135.7,64995.0,65064.8,48.0899
1784857500000,65064.8,65099.8,65026.5,65050.1,68.6843
1784858400000,65050.1,65152.8,65027.3,65134.3,116.5733
1784859300000,65134.2,65141.5,65050.0,65118.8,62.498
1784860200000,65118.9,65118.9,64888.0,65026.2,191.6865
1784861100000,65026.2,65090.0,64904.1,65089.5,155.6734
1784862000000,65089.5,65284.3,65042.0,65282.1,244.6769
1784862900000,65282.1,65369.2,65270.3,65293.4,167.4201
1784863800000,65293.5,65380.5,65246.7,65377.8,115.6479
1784864700000,65377.7,65427.6,65360.4,65422.0,101.6395
1784865600000,65422.0,65430.0,65356.5,65361.1,45.0203
1784866500000,65361.1,65411.0,65298.9,65387.5,38.6678
1784867400000,65387.5,65387.5,65268.4,65308.5,38.7838
1784868300000,65308.8,65330.0,65239.3,65275.8,49.7779
1784869200000,65276.3,65365.8,65220.0,65319.0,55.7183
1784870100000,65318.9,65345.8,65300.5,65303.1,14.6969
1784871000000,65303.1,65303.8,65231.5,65274.9,47.2672
1784871900000,65274.9,65307.6,65255.5,65277.1,31.5708
1784872800000,65277.2,65352.2,65250.8,65352.2,42.7443
1784873700000,65352.8,65471.0,65327.5,65422.6,113.5141
1784874600000,65422.5,65482.0,65303.0,65429.8,46.0379
1784875500000,65429.7,65452.9,65397.5,65444.3,47.6195
1784876400000,65444.4,65744.3,65441.7,65734.5,365.1584
1784877300000,65734.9,65779.6,65591.7,65614.0,289.3125
1784878200000,65614.0,65666.0,65338.0,65355.2,249.9535
1784879100000,65355.3,65479.8,65338.7,65470.4,124.8959
1784880000000,65470.5,65480.2,65395.8,65410.0,141.207
1784880900000,65410.0,65452.6,65278.5,65363.8,110.5705
1784881800000,65363.8,65426.3,65360.0,65415.8,138.8205
1784882700000,65415.7,65422.3,65276.2,65276.2,112.0668
1784883600000,65276.3,65292.8,65012.2,65015.5,189.9198
1784884500000,65015.6,65046.6,64922.1,64939.3,197.9473
1784885400000,64939.2,65067.9,64937.4,65051.5,206.4303
1784886300000,65051.5,65109.7,65050.0,65087.7,79.5868
1784887200000,65087.6,65122.2,64966.5,64970.3,158.0528
1784888100000,64970.2,65001.0,64936.1,64986.0,95.8714
1784889000000,64986.0,65027.9,64966.8,64990.1,118.6763
1784889900000,64990.0,65016.7,64870.0,64924.3,298.4157
1784890800000,64924.3,64996.3,64885.6,64973.1,129.4867
1784891700000,64973.0,65034.2,64973.0,64998.3,73.2264
1784892600000,64998.4,65018.3,64907.6,64911.0,146.7454
1784893500000,64910.9,65070.8,64817.2,65052.1,503.757
1784894400000,65052.0,65068.1,64955.7,65040.7,210.4659
1784895300000,65040.8,65096.0,64986.9,64990.7,104.6244
1784896200000,64990.7,65029.8,64892.8,64893.9,133.3184
1784897100000,64893.9,64925.9,64739.0,64747.2,533.6398
1784898000000,64747.1,64800.0,64330.4,64350.0,1287.3987
1784898900000,64350.1,64515.7,64330.2,64353.7,445.2292
1784899800000,64353.7,64388.3,64202.0,64382.5,734.9176
1784900700000,64382.4,64422.1,63888.0,64127.2,1276.1926
1784901600000,64126.5,64171.6,63941.4,63950.1,477.4567
1784902500000,63950.0,63964.7,63714.9,63833.1,855.7758
1784903400000,63833.2,63850.0,63764.9,63800.6,352.7468
1784904300000,63800.5,64032.2,63710.0,64031.5,491.4434
1784905200000,64031.7,64118.0,63823.8,64110.9,389.6864
1784906100000,64110.8,64166.6,63933.8,64099.6,367.2567
1784907000000,64099.6,64298.6,64036.0,64136.3,223.3538
1784907900000,64136.3,64181.0,64009.2,64065.1,133.9684
1784908800000,64064.2,64171.0,64002.0,64111.4,83.3863
1784909700000,64111.5,64140.9,64052.2,64064.1,42.9677
1784910600000,64064.0,64064.1,63909.6,63909.6,212.6785
1784911500000,63909.1,63984.9,63851.7,63930.1,142.5281
1784912400000,63930.0,63980.0,63878.0,63935.8,73.8908
1784913300000,63935.7,64118.3,63920.4,64069.1,113.82
1784914200000,64069.0,64169.2,64058.5,64145.2,88.6631
1784915100000,64145.3,64177.0,64104.9,64151.9,155.7782
1784916000000,64152.0,64186.1,64130.0,64175.9,127.3111
1784916900000,64175.9,64187.7,64100.0,64116.0,114.2368
1784917800000,64116.0,64156.8,64100.3,64144.2,55.6926
1784918700000,64144.1,64258.4,64134.9,64238.6,205.0426
1784919600000,64238.6,64259.9,64111.1,64116.3,146.9445
1784920500000,64116.3,64187.1,64113.4,64169.5,175.6699
1784921400000,64169.6,64243.5,64162.9,64222.6,57.9108
1784922300000,64222.6,64236.1,64150.0,64194.9,69.6684
1784923200000,64194.9,64255.3,64160.9,64178.2,55.3349
1784924100000,64178.2,64232.6,64162.1,64204.4,35.8128
1784925000000,64204.4,64204.5,64097.9,64147.8,109.3384
1784925900000,64147.9,64164.8,64103.4,64138.0,73.8297
1784926800000,64138.0,64201.5,64102.7,64124.6,64.2417
1784927700000,64124.6,64149.4,64119.3,64140.7,16.3487
1784928600000,64141.7,64176.4,64103.5,64134.0,19.8833
1784929500000,64133.9,64165.6,64094.1,64112.2,42.306
1784930400000,64112.2,64140.0,64094.9,64121.6,23.313
1784931300000,64121.5,64139.8,64115.8,64135.7,14.7714
1784932200000,64135.7,64186.7,64135.7,64153.9,183.1827
1784933100000,64154.0,64163.7,64131.9,64131.9,14.9038
1784934000000,64131.9,64149.9,64115.0,64125.3,12.4656
1784934900000,64125.3,64144.3,64110.7,64144.3,29.8257
1784935800000,64144.2,64147.9,64104.2,64145.3,12.4508
1784936700000,64145.2,64145.3,64106.3,64116.2,12.8818
1784937600000,64116.1,64150.8,64110.0,64118.2,20.4405
1784938500000,64118.2,64136.5,64110.0,64128.8,9.6372
1784939400000,64128.5,64150.0,64075.1,64075.8,38.6915
1784940300000,64075.7,64075.8,64008.3,64044.5,76.2454
1784941200000,64044.5,64132.7,63978.9,63988.7,95.8466
1784942100000,63988.8,64050.0,63976.0,64023.0,38.0872
1784943000000,64023.0,64097.7,64002.5,64097.6,44.5326
1784943900000,64097.6,64118.1,64030.4,64033.8,22.3983
1784944800000,64033.9,64069.0,64028.5,64046.1,11.2533
1784945700000,64046.0,64046.1,63998.8,64026.1,63.7298
1784946600000,64026.1,64029.3,63991.2,64021.4,14.6049
1784947500000,64021.4,64025.4,63986.7,64010.6,95.3804
1784948400000,64010.6,64050.0,63985.9,64015.3,23.2608
1784949300000,64015.3,64075.0,64001.0,64043.2,23.9275
1784950200000,64043.1,64066.3,64031.3,64065.8,22.8596
1784951100000,64065.8,64066.3,64014.4,64050.1,33.2393
1784952000000,64050.1,64099.6,64050.0,64099.5,89.6664
1784952900000,64099.5,64104.6,64072.9,64073.2,63.4787
1784953800000,64073.3,64150.0,64052.8,64149.7,55.0989
1784954700000,64149.7,64169.2,64115.0,64147.4,64.5679
1784955600000,64147.4,64168.4,64115.9,64119.1,75.4887
1784956500000,64119.1,64122.2,64110.1,64112.8,35.4635
1784957400000,64112.7,64113.6,63990.0,64008.9,202.6937
1784958300000,64009.0,64009.0,63939.7,63987.2,160.2902
1784959200000,63987.2,64022.5,63984.9,64022.5,42.8702
1784960100000,64022.4,64031.5,63960.1,63976.5,39.2789
1784961000000,63976.5,63996.7,63933.1,63956.8,42.4871
1784961900000,63956.8,63983.0,63930.2,63982.7,41.3362
1784962800000,63982.6,64017.0,63975.4,63983.7,60.089
1784963700000,63983.7,64007.3,63964.8,63990.0,49.02
1784964600000,63989.9,64007.1,63966.9,63999.0,43.2655
1784965500000,63999.0,64002.4,63975.8,63975.8,40.0805
1784966400000,63975.9,64001.6,63893.9,63934.9,214.0458
1784967300000,63935.0,63963.4,63934.9,63963.4,30.3802
1784968200000,63963.3,63991.7,63918.2,63927.4,49.2778
1784969100000,63927.3,63928.0,63763.8,63842.5,460.9944
1784970000000,63843.4,63885.7,63792.1,63839.8,81.5256
1784970900000,63839.8,63908.3,63839.8,63907.3,104.177
1784971800000,63907.3,63923.5,63889.3,63900.1,87.3842
1784972700000,63900.6,63992.8,63900.5,63970.8,79.3515
1784973600000,63970.8,64007.6,63970.8,64007.4,68.7735
1784974500000,64007.4,64011.9,63994.6,63996.0,62.2642
1784975400000,63996.1,63998.8,63960.2,63991.7,38.6314
1784976300000,63991.7,64037.7,63979.2,64037.4,51.3854
1784977200000,64037.5,64060.0,64000.0,64037.8,74.0058
1784978100000,64037.8,64056.7,64027.2,64041.5,31.9182
1784979000000,64041.5,64077.0,64015.5,64023.0,91.8057
1784979900000,64023.0,64043.6,64019.9,64030.1,48.6286
1784980800000,64030.2,64046.7,64004.3,64022.7,14.1313
1784981700000,64022.6,64035.2,64003.2,64009.7,48.896
1784982600000,64009.6,64066.1,64000.6,64066.0,32.4947
1784983500000,64066.0,64090.8,64063.7,64085.9,54.5275
1784984400000,64086.0,64102.5,64076.1,64092.2,92.6936
1784985300000,64092.3,64103.6,64060.0,64096.5,41.7744
1784986200000,64096.4,64164.8,64082.1,64164.8,190.8736
1784987100000,64164.7,64231.1,64109.9,64137.0,484.9234
1784988000000,64137.0,64150.4,64085.4,64144.5,67.2205
1784988900000,64144.6,64154.5,64100.0,64132.6,30.7415
1784989800000,64132.5,64171.8,64132.5,64163.5,48.6613
1784990700000,64163.5,64193.0,64138.6,64181.0,48.7914
1784991600000,64181.0,64230.0,64153.1,64217.6,163.9026
1784992500000,64217.5,64250.0,64165.2,64175.3,155.5132
1784993400000,64175.4,64207.3,64151.7,64187.5,179.9291
1784994300000,64187.6,64193.8,64137.2,64149.5,29.6956
1784995200000,64149.5,64184.6,64122.5,64184.1,46.3771
1784996100000,64184.1,64184.2,64089.7,64110.0,33.1407
1784997000000,64110.0,64177.7,64110.0,64176.6,58.6207
1784997900000,64176.7,64216.8,64157.5,64181.1,118.9073
1784998800000,64181.0,64208.6,64162.2,64174.9,101.257
1784999700000,64174.9,64255.2,64174.5,64241.8,206.9467
1785000600000,64241.7,64287.3,64222.3,64258.2,64.4781
1785001500000,64258.3,64319.6,64216.2,64236.7,90.2198
1785002400000,64236.7,64390.0,64212.4,64325.9,116.2184
1785003300000,64325.8,64391.0,64311.7,64389.5,39.0016
1785004200000,64389.5,64412.6,64349.4,64365.5,70.3799
1785005100000,64365.5,64415.2,64340.0,64383.0,64.1735
1785006000000,64385.0,64413.4,64369.5,64399.5,39.4259
1785006900000,64399.6,64400.0,64363.1,64377.8,29.8901
1785007800000,64377.7,64383.1,64363.5,64369.0,53.068
1785008700000,64368.9,64400.0,64349.4,64359.5,26.8748
1785009600000,64359.4,64375.0,64308.9,64341.4,134.24
1785010500000,64341.3,64362.4,64307.8,64342.9,128.9238
1785011400000,64342.9,64343.3,64286.0,64292.7,20.4611
1785012300000,64292.7,64323.3,64280.9,64302.1,17.8347
1785013200000,64302.2,64304.8,64235.3,64248.7,118.2678
1785014100000,64248.8,64267.7,64225.3,64267.0,52.8524
1785015000000,64267.1,64342.0,64266.7,64309.1,222.9295
1785015900000,64309.2,64400.0,64300.7,64317.3,93.1169
1785016800000,64317.2,64374.2,64317.2,64373.3,95.5264
1785017700000,64373.3,64390.6,64346.8,64361.2,29.1752
1785018600000,64361.1,64372.0,64325.8,64370.5,14.74
1785019500000,64370.4,64400.0,64341.8,64375.6,18.962
1785020400000,64375.5,64393.4,64372.9,64376.6,18.2108
1785021300000,64376.6,64386.0,64357.4,64369.2,71.7755
1785022200000,64369.2,64393.0,64354.2,64354.6,55.2734
1785023100000,64354.7,64368.2,64331.5,64346.2,18.0586
1785024000000,64346.1,64412.6,64316.2,64402.9,113.3762
1785024900000,64403.0,64461.7,64388.9,64442.1,92.062
1785025800000,64441.3,64457.7,64377.3,64386.5,40.6133
1785026700000,64386.5,64480.9,64368.1,64480.2,177.7112
1785027600000,64480.2,64510.8,64432.4,64472.2,71.8759
1785028500000,64472.1,64473.4,64426.6,64445.3,65.2677
1785029400000,64445.2,64471.2,64429.5,64447.1,24.6246
1785030300000,64447.1,64458.7,64418.1,64433.1,13.0814
1785031200000,64434.8,64445.2,64397.1,64444.7,23.2346
1785032100000,64444.8,64446.0,64407.7,64445.7,11.2883
1785033000000,64445.6,64454.3,64394.2,64406.4,18.1764
1785033900000,64406.4,64495.9,64405.7,64486.8,41.8706
1785034800000,64486.8,64548.0,64450.9,64544.2,158.2251
1785035700000,64544.1,64546.1,64496.3,64521.7,75.0002
1785036600000,64521.6,64547.3,64506.3,64508.7,44.699
1785037500000,64508.8,64524.9,64497.7,64508.6,65.878
1785038400000,64508.7,64519.1,64472.5,64472.5,18.6394
1785039300000,64472.5,64519.6,64458.1,64519.6,59.0198
1785040200000,64519.6,64543.1,64503.4,64543.1,68.7872
1785041100000,64543.1,64565.7,64484.1,64494.0,68.6591
1785042000000,64494.1,64494.9,64461.4,64486.3,21.7187
1785042900000,64486.3,64486.4,64455.5,64455.5,29.7092
1785043800000,64455.6,64455.6,64385.0,64444.2,67.232
1785044700000,64444.2,64444.3,64384.5,64386.3,26.5632
1785045600000,64386.4,64406.3,64318.0,64321.6,68.3345
1785046500000,64321.6,64334.0,64259.4,64270.5,184.8668
1785047400000,64270.5,64370.2,64265.2,64344.5,123.9485
1785048300000,64344.5,64422.0,64343.1,64409.6,156.8984
1785049200000,64409.6,64435.3,64361.6,64389.9,124.1137
1785050100000,64389.9,64404.3,64331.5,64341.6,35.318
1785051000000,64341.7,64351.5,64316.4,64320.4,60.3488
1785051900000,64320.3,64352.0,64320.3,64342.1,21.6116
1785052800000,64342.1,64363.7,64320.3,64363.6,33.0142
1785053700000,64363.5,64385.6,64337.6,64370.6,33.3741
1785054600000,64370.7,64411.0,64363.8,64410.9,27.993
1785055500000,64410.9,64464.5,64410.9,64450.3,132.1264
1785056400000,64450.4,64487.0,64447.8,64465.8,60.4834
1785057300000,64465.9,64519.4,64465.8,64505.2,80.4648
1785058200000,64505.2,64514.5,64477.4,64513.4,37.9493
1785059100000,64513.3,64520.1,64501.1,64501.2,66.9148
1785060000000,64501.2,64501.2,64451.0,64478.5,40.7474
1785060900000,64478.5,64513.5,64463.2,64489.7,21.6875
1785061800000,64489.8,64523.1,64489.4,64522.7,63.4397
1785062700000,64522.7,64545.0,64480.3,64485.6,79.6875
1785063600000,64485.6,64505.3,64471.5,64476.4,43.396
1785064500000,64476.4,64496.1,64468.4,64469.3,30.7275
1785065400000,64469.4,64469.4,64450.0,64465.6,61.2126
1785066300000,64465.7,64485.3,64464.8,64479.8,71.0037
1785067200000,64479.7,64633.5,64479.6,64572.1,359.325
1785068100000,64572.1,64590.5,64482.8,64549.4,233.5616
1785069000000,64549.5,64550.5,64467.3,64467.5,159.9194
1785069900000,64467.6,64467.6,64411.0,64432.0,145.9972
1785070800000,64432.1,64441.7,64378.9,64388.5,69.6424
1785071700000,64388.6,64487.6,64388.0,64441.1,107.9921
1785072600000,64441.1,64532.7,64424.6,64532.7,92.2542
1785073500000,64532.6,64543.8,64458.1,64491.6,118.7908
1785074400000,64491.7,64742.0,64491.6,64684.9,524.5102
1785075300000,64684.9,64684.9,64591.8,64604.9,108.4936
1785076200000,64605.0,64698.3,64591.9,64657.0,104.5986
1785077100000,64656.9,64727.0,64649.3,64685.6,98.3621
1785078000000,64685.5,64729.8,64632.0,64642.3,89.1548
1785078900000,64642.2,64756.0,64642.2,64728.8,176.0114
1785079800000,64728.7,64796.0,64699.6,64775.4,133.3745
1785080700000,64775.5,64796.0,64710.0,64734.4,56.476
1785081600000,64734.5,64769.2,64668.2,64688.6,141.1871
1785082500000,64688.6,64785.3,64688.5,64771.7,87.8121
1785083400000,64771.8,64911.6,64770.0,64798.2,271.3803
1785084300000,64798.2,64803.9,64698.1,64698.2,88.1143
1785085200000,64698.2,64745.0,64642.9,64744.9,148.7133
1785086100000,64744.9,64769.4,64683.9,64685.9,48.632
1785087000000,64686.0,64727.4,64639.3,64650.5,66.7988
1785087900000,64650.5,64684.8,64640.6,64664.2,157.113
1785088800000,64664.2,64681.0,64633.0,64653.8,24.3599
1785089700000,64653.8,64676.4,64634.9,64658.5,20.8865
1785090600000,64658.5,64700.1,64647.8,64676.1,15.973
1785091500000,64676.1,64745.7,64675.6,64707.8,47.3136
1785092400000,64707.8,64719.6,64639.4,64648.7,26.326
1785093300000,64648.7,64704.0,64640.0,64695.1,24.8681
1785094200000,64695.2,64730.6,64687.6,64699.4,17.5084
1785095100000,64699.4,64699.5,64665.8,64667.9,12.8034
1785096000000,64668.0,64677.8,64655.9,64668.8,50.6523
1785096900000,64668.8,64669.2,64606.4,64623.1,26.6228
1785097800000,64623.1,64646.0,64622.7,64638.4,14.2183
1785098700000,64638.5,64645.8,64616.5,64620.9,17.6109
1785099600000,64620.9,64688.0,64619.5,64664.4,22.6803
1785100500000,64664.3,64836.7,64663.7,64792.0,96.0286
1785101400000,64792.1,64819.1,64765.0,64765.1,88.7766
1785102300000,64766.8,64896.1,64765.0,64823.6,111.0303
1785103200000,64823.5,65222.0,64823.5,65181.6,806.1845
1785104100000,65181.6,65231.8,65136.6,65190.7,164.1656
1785105000000,65190.8,65477.9,65177.2,65439.9,271.8237
1785105900000,65439.9,65467.2,65348.7,65382.2,99.9309
1785106800000,65382.2,65550.0,65354.8,65381.7,176.3746
1785107700000,65380.1,65470.2,65271.5,65306.9,147.9946
1785108600000,65306.9,65386.6,65245.1,65380.0,126.7119
1785109500000,65380.0,65439.1,65320.8,65376.3,46.2242
1785110400000,65376.3,65400.0,65162.0,65200.1,132.5293
1785111300000,65200.2,65234.3,65076.9,65166.1,225.0218
1785112200000,65166.0,65200.3,65082.3,65130.4,107.2174
1785113100000,65130.4,65164.9,65034.0,65100.0,65.8992
1785114000000,65100.0,65177.5,65017.9,65027.8,82.1065
1785114900000,65027.7,65059.3,64965.6,64993.0,202.5357
1785115800000,64993.0,65094.5,64875.5,65072.6,237.3138
1785116700000,65072.6,65190.5,65051.0,65178.2,226.3685
1785117600000,65178.2,65190.2,65128.7,65171.3,53.8108
1785118500000,65171.2,65218.9,65122.7,65156.5,53.7975
1785119400000,65156.5,65253.8,65088.5,65214.3,157.4632
1785120300000,65214.2,65234.0,65101.3,65147.2,71.844
1785121200000,65147.3,65268.7,65143.4,65257.6,63.0837
1785122100000,65257.6,65316.1,65233.1,65287.5,75.6228
1785123000000,65287.5,65330.0,65225.7,65324.2,25.2274
1785123900000,65324.2,65341.5,65241.8,65259.5,35.8235
1785124800000,65259.5,65351.4,65216.0,65293.1,49.6033
1785125700000,65293.0,65475.5,65259.3,65294.2,207.2328
1785126600000,65294.1,65410.9,65216.3,65365.0,110.6232
1785127500000,65365.0,65365.1,65254.8,65257.0,50.8787
1785128400000,65257.0,65363.5,65250.2,65342.1,35.7888
1785129300000,65341.7,65410.0,65311.8,65384.0,40.0054
1785130200000,65384.1,65400.0,65332.4,65359.3,38.8056
1785131100000,65359.3,65464.4,65320.1,65434.6,82.9833
1785132000000,65434.5,65717.1,65424.7,65570.8,556.9187
1785132900000,65570.9,65615.9,65430.1,65464.4,275.5389
1785133800000,65464.5,65555.0,65442.0,65503.2,115.2557
1785134700000,65503.0,65508.8,65378.3,65385.8,88.4052
1785135600000,65385.8,65417.9,65320.1,65399.7,77.6487
1785136500000,65399.6,65419.9,65366.2,65381.8,100.4197
1785137400000,65381.7,65381.7,65192.6,65262.4,256.5259
1785138300000,65262.3,65302.0,65194.5,65198.3,71.7744
1785139200000,65198.4,65229.4,65139.1,65170.0,86.3056
1785140100000,65170.0,65235.6,65103.4,65209.9,118.1215
1785141000000,65210.0,65210.0,65113.7,65141.4,45.0111
1785141900000,65140.1,65183.9,65098.9,65139.9,92.0286
1785142800000,65137.0,65137.0,65071.6,65094.1,120.8694
1785143700000,65094.1,65208.9,65093.0,65201.0,77.1302
1785144600000,65200.9,65318.3,65182.8,65278.7,185.8784
1785145500000,65278.6,65284.1,65236.6,65236.6,31.9308
1785146400000,65236.5,65253.5,65204.6,65228.7,124.1878
1785147300000,65228.7,65369.6,65220.6,65321.6,237.8619
1785148200000,65321.7,65395.0,65316.7,65383.9,96.0021
1785149100000,65383.9,65407.0,65302.1,65313.1,85.7655
1785150000000,65313.1,65313.9,65229.3,65230.3,64.7995
1785150900000,65230.4,65242.9,65103.1,65103.5,73.8254
1785151800000,65103.1,65187.5,65100.0,65131.9,81.0177
1785152700000,65131.9,65131.9,65062.9,65075.5,94.1312
1785153600000,65075.6,65232.3,65046.9,65059.9,99.8329
1785154500000,65059.8,65122.7,64982.5,64982.6,183.5091
1785155400000,64982.5,65038.0,64809.0,65023.0,351.3668
1785156300000,65022.9,65111.0,64992.9,65063.3,128.2486
1785157200000,65063.4,65099.5,64936.3,64943.2,83.0708
1785158100000,64942.5,65029.1,64882.7,64920.0,77.819
1785159000000,64920.1,65648.0,64920.0,65635.8,749.4455
1785159900000,65634.3,65686.5,65149.8,65187.3,600.5912
1785160800000,65187.4,65400.6,65099.8,65330.0,476.2694
1785161700000,65330.0,65360.8,64841.8,64842.0,515.9985
1785162600000,64841.9,64856.2,64436.9,64447.2,1021.9347
1785163500000,64447.2,64685.0,64447.1,64661.9,342.0827
1785164400000,64661.9,64748.2,64545.1,64700.0,182.5151
1785165300000,64700.1,64744.6,64521.5,64623.3,72.8836
1785166200000,64623.2,64665.6,64385.2,64550.0,203.6194
1785167100000,64550.0,64612.3,64501.3,64518.1,82.2009
1785168000000,64518.1,64652.6,64490.5,64586.7,84.4426
1785168900000,64586.7,64763.9,64483.9,64701.0,283.7989
1785169800000,64700.9,64943.6,64700.9,64894.7,311.4256
1785170700000,64894.8,64918.8,64783.1,64872.0,135.6682
1785171600000,64872.1,64920.0,64763.0,64866.3,79.6215
1785172500000,64863.4,65033.2,64848.9,64975.1,180.9407
1785173400000,64975.1,65063.6,64963.3,64970.9,130.0974
1785174300000,64970.9,65004.8,64920.0,64993.6,78.6572
1785175200000,64993.5,65057.5,64930.9,64930.9,90.3022
1785176100000,64931.0,64931.0,64808.9,64890.9,150.5506
1785177000000,64891.1,64908.6,64722.9,64811.7,150.2006
1785177900000,64811.8,64852.5,64733.3,64850.8,132.3381
1785178800000,64850.8,65003.3,64779.1,64949.9,135.5774
1785179700000,64949.8,65007.2,64900.3,64971.5,28.1826
1785180600000,64971.4,65056.5,64941.1,64951.4,61.9438
1785181500000,64951.4,64954.5,64888.4,64954.1,64.2535
1785182400000,64954.5,65029.0,64911.5,64929.7,185.1371
1785183300000,64929.7,64989.9,64879.2,64989.9,26.7584
1785184200000,64989.8,65032.5,64920.7,64921.8,43.9449
1785185100000,64921.8,64940.7,64877.5,64940.6,17.9504
1785186000000,64940.6,64941.0,64869.2,64873.8,20.5851
1785186900000,64873.8,64873.9,64789.0,64799.9,41.5882
1785187800000,64799.9,64859.8,64761.2,64796.9,144.7117
1785188700000,64796.9,64843.5,64766.2,64793.4,54.7043
1785189600000,64793.2,64793.2,64632.7,64701.8,119.5216
1785190500000,64701.8,64726.7,64540.0,64571.6,184.6618
1785191400000,64571.5,64582.3,64143.0,64183.7,388.5743
1785192300000,64183.7,64226.0,63760.6,63760.6,633.2571
1785193200000,63760.6,63824.7,63571.2,63766.4,628.6309
1785194100000,63766.3,63908.4,63695.1,63850.2,278.0297
1785195000000,63850.2,63894.6,63594.8,63658.5,233.5451
1785195900000,63658.5,63759.2,63629.8,63724.9,56.2221
1785196800000,63724.9,63761.6,63471.4,63649.9,326.422
1785197700000,63650.0,63795.7,63550.5,63674.2,261.4137
1785198600000,63674.1,63682.6,63535.5,63582.2,102.3761
1785199500000,63582.2,63592.1,63440.9,63450.7,169.727
1785200400000,63450.8,63500.3,63020.9,63171.4,498.4783
1785201300000,63171.4,63322.7,63107.1,63278.9,112.9696
1785202200000,63277.5,63365.6,63141.7,63161.4,154.1543
1785203100000,63161.5,63275.1,63140.6,63195.8,58.4832
1785204000000,63195.3,63255.3,63121.4,63236.6,106.2234
1785204900000,63236.7,63270.3,63176.6,63198.4,107.5238
1785205800000,63198.5,63213.6,63089.9,63100.5,130.8378
1785206700000,63100.6,63172.6,63071.8,63148.0,87.8447
1785207600000,63148.1,63275.5,63132.0,63238.6,62.5605
1785208500000,63238.6,63313.4,63211.8,63252.6,51.4599
1785209400000,63252.6,63343.8,63202.5,63321.2,75.607
1785210300000,63321.2,63336.0,63255.0,63312.0,32.758
1785211200000,63312.0,63322.3,63249.2,63304.6,35.3882
1785212100000,63304.6,63331.8,63255.9,63257.3,70.7217
1785213000000,63257.4,63266.0,63186.5,63256.2,51.7933
1785213900000,63256.2,63326.0,63252.5,63322.4,61.0956
1785214800000,63322.5,63463.5,63292.6,63417.2,148.1957
1785215700000,63417.2,63588.3,63417.2,63513.9,105.222
1785216600000,63513.8,63520.8,63400.0,63520.1,71.5232
1785217500000,63520.1,63530.0,63415.9,63415.9,55.6115
1785218400000,63415.9,63432.2,63363.2,63390.1,79.3192
1785219300000,63390.1,63498.0,63390.0,63492.1,47.5248
1785220200000,63492.5,63555.0,63472.1,63553.3,47.6931
1785221100000,63553.2,63622.0,63510.7,63609.9,80.5515
1785222000000,63610.0,63621.6,63514.6,63552.4,67.5271
1785222900000,63552.4,63565.7,63488.2,63541.5,46.2146
1785223800000,63541.4,63547.0,63446.5,63449.4,47.0914
1785224700000,63449.3,63494.8,63424.4,63471.2,35.3752
1785225600000,63471.2,63507.7,63399.4,63399.6,54.1223
1785226500000,63399.2,63462.7,63398.7,63445.7,33.0096
1785227400000,63445.6,63489.6,63382.4,63469.5,45.0799
1785228300000,63469.5,63482.7,63370.1,63397.8,62.9217
1785229200000,63397.8,63436.3,63358.4,63397.4,69.1923
1785230100000,63397.5,63463.8,63380.8,63461.8,32.0384
1785231000000,63461.7,63542.2,63450.9,63485.3,65.8708
1785231900000,63485.2,63523.6,63331.6,63364.3,134.8629
1785232800000,63364.2,63381.4,63289.4,63316.1,79.7992
1785233700000,63316.1,63399.9,63259.4,63352.1,58.4082
1785234600000,63352.1,63488.2,63334.4,63488.2,118.3493
1785235500000,63488.2,63523.0,63434.3,63438.5,52.3873
1785236400000,63438.6,63475.8,63329.9,63330.7,62.8962
1785237300000,63330.7,63568.3,63320.6,63421.6,226.7522
1785238200000,63420.6,63532.6,63334.1,63379.5,198.4317
1785239100000,63375.1,63486.0,63367.0,63427.8,131.9043
1785240000000,63427.8,63500.0,63399.0,63410.2,174.4897
1785240900000,63410.2,63484.2,63356.1,63399.1,261.9874
1785241800000,63399.1,63451.5,63360.1,63448.6,76.0519
1785242700000,63448.5,63542.8,63402.2,63516.0,83.6937
1785243600000,63516.0,63561.8,63447.5,63473.3,148.3167
1785244500000,63473.2,63480.7,63273.1,63279.1,161.1994
1785245400000,63279.2,63384.4,62861.4,62963.3,1473.8901
1785246300000,62963.3,63099.3,62712.2,63078.6,992.5862
1785247200000,63078.5,63280.5,63077.8,63122.5,535.6473
1785248100000,63123.4,63219.8,62935.4,63160.0,185.5127
1785249000000,63160.0,63398.4,63125.9,63328.2,174.9519
1785249900000,63327.4,63516.0,63276.5,63384.3,203.8663
1785250800000,63385.1,63467.6,63235.4,63432.4,167.8999
1785251700000,63432.3,63949.0,63340.8,63722.7,690.8182
1785252600000,63722.7,63920.0,63668.0,63841.6,282.9945
1785253500000,63841.5,63995.1,63766.2,63897.4,241.8776
1785254400000,63897.4,63908.3,63775.2,63780.0,99.8486
1785255300000,63781.0,63955.1,63766.5,63808.1,141.3919
1785256200000,63806.7,63916.8,63745.1,63887.1,62.5208
1785257100000,63887.0,64099.2,63837.9,64015.4,195.6727
1785258000000,64015.4,64015.4,63762.5,63776.1,138.8722
1785258900000,63776.0,63811.9,63673.1,63704.8,137.1081
1785259800000,63704.8,63707.5,63473.0,63532.7,234.7056
1785260700000,63532.7,63662.9,63531.8,63662.9,81.0725
1785261600000,63662.9,63819.8,63650.0,63664.0,150.423
1785262500000,63664.1,63714.8,63646.9,63672.8,51.9862
1785263400000,63675.0,63749.8,63648.9,63727.0,53.8237
1785264300000,63727.0,63775.6,63661.5,63707.3,44.23
1785265200000,63707.3,63829.0,63707.3,63737.3,64.008
1785266100000,63737.3,63773.5,63698.4,63728.1,18.7855
1785267000000,63728.0,63849.9,63660.8,63674.3,56.645
1785267900000,63674.3,63874.2,63650.0,63872.8,50.0898
1785268800000,63874.2,63975.7,63847.7,63966.0,69.0581
1785269700000,63965.9,63993.8,63871.0,63877.2,58.0916
1785270600000,63877.1,63913.5,63854.5,63903.7,43.8001
1785271500000,63903.8,63922.1,63871.2,63888.5,16.1699
1785272400000,63888.5,63969.0,63888.4,63892.6,33.6861
1785273300000,63892.5,63907.1,63864.0,63894.2,16.0322
1785274200000,63894.3,64024.0,63873.9,64011.5,97.085
1785275100000,64011.6,64045.0,63945.8,63947.6,59.9494
1785276000000,63947.7,63993.7,63883.3,63965.1,69.2393
1785276900000,63965.0,63996.4,63875.0,63890.5,32.6223
1785277800000,63890.6,63933.3,63831.8,63849.3,62.8943
1785278700000,63849.3,63849.4,63735.2,63752.4,143.5621
1785279600000,63752.3,63762.8,63569.4,63599.3,135.6562
1785280500000,63599.3,63639.1,63528.0,63612.1,69.6723
1785281400000,63612.0,63823.3,63612.0,63811.3,219.4782
1785282300000,63811.3,63924.9,63788.7,63901.8,113.8763
1785283200000,63900.8,64145.7,63899.7,63988.0,283.5214
1785284100000,63987.9,64063.5,63920.0,63984.5,126.5779
1785285000000,63984.6,64070.6,63841.9,64058.3,185.8387
1785285900000,64059.3,64163.6,63902.4,63930.4,190.375
1785286800000,63928.8,63970.6,63772.9,63788.9,64.9874
1785287700000,63789.1,63921.2,63745.6,63883.8,53.6998
1785288600000,63883.8,63913.4,63760.2,63781.5,33.325
1785289500000,63781.5,63806.8,63666.2,63678.2,83.9763
1785290400000,63677.1,63835.8,63630.9,63806.2,134.2605
1785291300000,63806.2,63996.6,63657.7,63996.3,184.0172
1785292200000,63996.6,64105.3,63920.5,64004.1,152.3164
1785293100000,64004.0,64015.0,63878.9,63949.6,74.2133
1785294000000,63949.9,63974.1,63828.5,63908.9,146.9021
1785294900000,63909.0,63943.2,63756.8,63768.4,103.8195
1785295800000,63768.2,63843.0,63677.4,63747.2,78.6907
1785296700000,63747.3,63773.3,63683.5,63722.5,49.9729
1785297600000,63722.4,63742.6,63567.0,63714.5,343.0361
1785298500000,63714.5,63806.3,63604.4,63781.9,99.1277
1785299400000,63781.9,63929.5,63747.8,63838.9,392.5662
1785300300000,63838.7,63947.2,63817.9,63942.4,125.122
1785301200000,63942.4,63991.5,63901.3,63970.0,42.6468
1785302100000,63969.9,63970.0,63863.3,63922.1,119.4828
1785303000000,63922.2,64020.0,63890.1,63993.2,148.5161
1785303900000,63993.2,64067.6,63977.7,64038.7,54.5307
1785304800000,64038.7,64119.4,64000.0,64093.0,60.7648
1785305700000,64092.8,64377.2,64065.7,64371.2,315.4523
1785306600000,64371.3,64439.0,64350.7,64433.8,317.4775
1785307500000,64433.8,64433.9,64364.0,64404.0,121.568
1785308400000,64404.0,64463.4,64372.2,64429.2,150.5837
1785309300000,64429.2,64476.8,64369.4,64476.8,60.6377
1785310200000,64476.7,64483.0,64410.0,64463.7,98.3227
1785311100000,64463.7,64540.0,64426.0,64531.4,287.9974
1785312000000,64533.1,64550.0,64327.2,64340.4,562.0587
1785312900000,64340.5,64368.0,64258.1,64275.1,247.2912
1785313800000,64275.2,64399.9,64250.0,64399.9,129.6611
1785314700000,64400.0,64496.4,64365.7,64387.9,360.6924
1785315600000,64387.9,64439.3,64350.9,64426.8,86.7458
1785316500000,64426.7,64450.5,64396.4,64426.6,92.1561
1785317400000,64426.6,64667.6,64419.7,64573.6,399.5061
1785318300000,64573.5,64696.0,64477.1,64665.4,398.8343
1785319200000,64665.3,64684.9,64595.5,64633.3,135.5923
1785320100000,64633.2,64673.2,64579.6,64594.5,107.9522
1785321000000,64594.5,64650.0,64535.2,64636.9,115.417
1785321900000,64636.8,64637.1,64381.1,64444.1,164.5073
1785322800000,64444.1,64514.5,64410.3,64496.0,87.2263
1785323700000,64496.0,64569.0,64447.5,64467.6,76.7438
1785324600000,64467.6,64472.9,64358.0,64394.8,89.2577
1785325500000,64394.7,64483.4,64390.6,64483.3,72.4925
1785326400000,64483.4,64483.4,64402.1,64430.7,71.6913
1785327300000,64430.8,64430.8,64255.0,64310.0,150.9703
1785328200000,64310.0,64358.9,64250.0,64309.4,137.9964
1785329100000,64309.5,64316.2,64195.7,64251.2,236.6358
1785330000000,64251.3,64309.8,64197.0,64305.2,67.6903
1785330900000,64305.3,64312.8,64126.6,64181.4,115.468
1785331800000,64181.4,64479.7,64120.1,64448.3,598.5741
1785332700000,64448.4,64644.5,64287.9,64639.0,584.3595
1785333600000,64639.9,64687.4,64203.9,64237.4,344.9559
1785334500000,64237.6,64375.7,64099.4,64175.4,372.2863
1785335400000,64174.1,64287.8,64020.0,64070.0,294.7157
1785336300000,64070.0,64232.9,64030.0,64081.4,180.4934
1785337200000,64081.7,64168.7,64034.4,64108.9,145.7597
1785338100000,64108.8,64138.3,63946.0,64073.0,294.5289
1785339000000,64073.0,64160.9,63949.5,63959.1,112.2702
1785339900000,63959.0,64027.4,63857.7,63946.8,143.7587
1785340800000,63946.7,63988.4,63873.5,63930.2,138.698
1785341700000,63930.0,64115.8,63900.9,64013.0,179.9828
1785342600000,64003.1,64056.5,63601.5,63668.4,432.8157
1785343500000,63668.4,63812.1,63629.3,63787.8,192.0721
1785344400000,63787.8,63854.4,63684.3,63850.1,122.6507
1785345300000,63850.2,63851.3,63722.6,63741.4,92.5439
1785346200000,63737.7,63960.4,63707.6,63940.7,143.0216
1785347100000,63940.7,64265.6,63905.0,64250.9,441.5798
1785348000000,64251.1,64630.9,64230.9,64314.6,799.9247
1785348900000,64314.5,64371.0,63965.8,64078.1,398.7709
1785349800000,64078.0,64440.0,63745.6,64388.7,556.5881
1785350700000,64385.6,64615.1,64327.3,64484.7,362.7968
1785351600000,64484.8,64573.4,64148.1,64259.0,341.75
1785352500000,64259.0,64397.6,63936.9,64008.0,263.2401
1785353400000,64010.1,64093.0,63817.1,63851.9,221.6366
1785354300000,63851.9,63879.6,63485.0,63562.9,499.2057
1785355200000,63559.5,63621.9,63348.8,63583.1,297.967
1785356100000,63583.2,63690.0,63374.8,63501.6,221.6128
1785357000000,63501.5,63699.0,63471.0,63559.1,74.0089
1785357900000,63559.1,63580.1,63443.1,63485.3,111.9677
1785358800000,63485.2,63496.7,63231.6,63461.8,237.6754
1785359700000,63458.2,63546.8,63341.8,63538.8,102.9655
1785360600000,63538.8,63610.0,63512.4,63531.0,116.9789
1785361500000,63530.6,63829.7,63500.6,63828.4,157.1703
1785362400000,63828.2,64075.0,63816.3,63989.6,197.1556
1785363300000,63986.9,64102.7,63944.5,64012.9,72.8823
1785364200000,64012.9,64023.9,63892.8,63979.6,126.1964
1785365100000,63979.5,63996.8,63882.0,63910.8,180.9459
1785366000000,63910.7,63957.6,63865.1,63893.2,49.4929
1785366900000,63893.2,64042.7,63884.6,63975.5,147.3514
1785367800000,63975.5,64007.8,63893.6,63977.4,23.5047
1785368700000,63977.4,64029.8,63923.6,63955.3,89.2434
1785369600000,63955.0,64066.0,63953.0,64003.4,87.0782
1785370500000,64003.4,64091.9,63932.3,63977.8,27.3863
1785371400000,63977.7,63985.5,63666.6,63667.3,111.4037
1785372300000,63667.3,63729.1,63578.2,63669.6,218.83
1785373200000,63669.7,63860.1,63647.2,63677.3,122.8008
1785374100000,63677.4,63819.7,63660.8,63809.0,50.0663
1785375000000,63808.9,64047.3,63808.7,64033.1,298.7053
1785375900000,64033.1,64353.9,64000.0,64243.4,283.2337
1785376800000,64243.5,64372.0,64212.7,64305.0,106.5801
1785377700000,64305.0,64386.0,64273.3,64327.5,69.2846
1785378600000,64327.5,64330.8,64187.6,64294.6,60.0795
1785379500000,64294.7,64297.2,64140.0,64164.7,80.9078
1785380400000,64164.9,64247.2,64107.2,64174.6,103.454
1785381300000,64174.9,64277.4,64169.0,64242.4,31.4616
1785382200000,64242.4,64242.7,64113.7,64135.7,42.9417
1785383100000,64136.1,64194.8,64131.3,64137.3,42.9161
1785384000000,64137.3,64167.6,64080.0,64099.5,76.0657
1785384900000,64099.9,64112.6,64068.6,64080.1,47.5748
1785385800000,64080.1,64138.1,64030.7,64071.3,62.3322
1785386700000,64071.3,64125.9,63979.3,63999.1,51.032
1785387600000,63999.0,64015.0,63909.9,63965.7,82.9668
1785388500000,63968.4,63992.0,63881.9,63987.6,80.4824
1785389400000,63987.7,64160.4,63980.1,64096.7,89.3824
1785390300000,64096.7,64131.0,63968.3,64013.7,38.7275
1785391200000,64013.8,64050.0,63956.4,63977.1,43.8279
1785392100000,63977.0,64056.9,63939.3,64056.5,103.3031
1785393000000,64056.8,64058.0,63944.9,63981.0,84.2939
1785393900000,63981.0,63996.5,63925.8,63975.0,153.3532
1785394800000,63975.0,64119.9,63966.3,64032.0,238.6666
1785395700000,64032.1,64118.0,63963.1,64035.0,298.1251
1785396600000,64034.9,64044.2,63906.8,64014.0,330.9941
1785397500000,64014.1,64014.1,63952.1,63982.1,272.7476
1785398400000,63982.1,64043.9,63950.1,63980.8,42.5425
1785399300000,63980.8,64322.8,63956.3,64238.2,318.0907
1785400200000,64238.2,64324.1,64202.6,64323.7,128.7048
1785401100000,64323.7,64324.4,64256.4,64278.0,67.8995
1785402000000,64277.9,64389.5,64255.6,64380.7,144.4959
1785402900000,64379.8,64500.0,64357.8,64465.6,227.4923
1785403800000,64465.5,64605.2,64465.5,64569.0,205.6551
1785404700000,64569.0,64613.8,64544.6,64545.3,110.7073
1785405600000,64545.3,64603.9,64536.9,64545.6,120.297
1785406500000,64545.7,64610.0,64545.5,64599.0,49.8981
1785407400000,64599.0,64608.1,64537.6,64587.6,176.7421
1785408300000,64587.6,64595.3,64539.8,64550.1,89.2978
1785409200000,64550.1,64604.0,64510.6,64579.9,102.8434
1785410100000,64579.8,64645.2,64535.8,64550.3,120.6537
1785411000000,64550.2,64682.3,64525.2,64634.1,191.4501
1785411900000,64634.1,64857.5,64620.9,64760.0,436.8483
1785412800000,64759.9,64990.0,64757.0,64958.7,321.6757
1785413700000,64958.7,64990.0,64830.5,64849.8,282.3101
1785414600000,64850.0,64910.0,64805.0,64805.3,239.376
1785415500000,64805.2,64912.6,64805.2,64888.0,61.0299
1785416400000,64887.9,64922.0,64794.0,64812.3,69.0354
1785417300000,64812.3,64850.0,64784.0,64802.5,46.4275
1785418200000,64802.6,64987.4,64658.1,64986.9,377.2232
1785419100000,64987.3,65150.0,64925.4,64995.7,460.2824
1785420000000,64995.3,65015.8,64686.4,64701.9,523.0092
1785420900000,64701.9,64828.1,64588.9,64748.4,407.0448
1785421800000,64748.6,64833.2,64705.0,64773.9,105.6987
1785422700000,64773.8,64817.4,64609.0,64650.8,187.4701
1785423600000,64650.8,64800.0,64576.3,64694.5,122.134
1785424500000,64694.5,64860.0,64653.1,64656.6,78.8875
1785425400000,64656.4,64751.8,64605.7,64734.9,110.8693
1785426300000,64734.9,64766.5,64665.7,64699.2,94.543
1785427200000,64699.1,64934.9,64692.2,64900.3,117.0001
1785428100000,64900.4,64936.4,64812.8,64856.4,118.5728
1785429000000,64856.4,64882.0,64733.1,64743.7,94.9493
1785429900000,64742.8,64829.1,64741.2,64788.8,44.2999
1785430800000,64788.8,64844.3,64740.7,64771.5,119.5701
1785431700000,64771.5,64935.2,64757.3,64912.0,99.1825
1785432600000,64911.9,64965.2,64797.4,64920.8,211.9543
1785433500000,64920.7,64923.2,64823.3,64842.8,83.8101
1785434400000,64842.9,64871.5,64775.1,64788.9,54.5538
1785435300000,64788.8,64788.9,64714.8,64767.9,47.1049
1785436200000,64767.9,64793.0,64677.7,64700.0,102.6169
1785437100000,64699.9,64707.2,64650.0,64670.8,100.2815
1785438000000,64670.7,64834.2,64670.7,64804.3,140.3124
1785438900000,64804.3,64875.0,64776.4,64855.5,50.8977
1785439800000,64855.5,64855.6,64796.4,64809.2,27.9142
1785440700000,64809.2,64833.3,64748.1,64772.4,22.8365
1785441600000,64774.5,64909.7,64758.1,64765.8,75.6521
1785442500000,64765.7,64850.3,64736.0,64766.3,48.2462
1785443400000,64766.3,64864.3,64725.1,64843.5,33.2059
1785444300000,64844.0,64859.3,64749.6,64749.8,44.4982
1785445200000,64749.7,64779.3,64710.0,64728.0,23.394
1785446100000,64727.9,64738.6,64718.1,64721.6,12.9751
1785447000000,64721.7,64772.7,64714.8,64738.5,22.4109
1785447900000,64738.4,64748.8,64679.8,64706.4,19.8909
1785448800000,64706.4,64959.9,64636.2,64904.4,89.3637
1785449700000,64904.5,64977.7,64871.4,64974.2,142.9431
1785450600000,64974.2,64995.0,64845.5,64886.4,47.4399
1785451500000,64886.5,64901.3,64812.6,64826.8,29.3528
1785452400000,64826.0,64921.9,64802.8,64919.6,28.0225
1785453300000,64919.6,64924.5,64868.7,64890.2,17.505
1785454200000,64899.9,65063.2,64761.9,64789.2,227.7539
1785455100000,64789.2,64860.0,64711.7,64752.0,111.0
1785456000000,64752.1,64877.5,64728.0,64797.0,37.9057
1785456900000,64797.0,64800.0,64702.9,64747.2,40.9805
1785457800000,64747.2,64797.7,64711.7,64770.2,17.6753
1785458700000,64772.5,64785.8,64663.9,64701.9,54.7466
1785459600000,64702.0,65384.1,64702.0,65162.4,832.2288
1785460500000,65162.3,65209.7,65000.4,65158.8,120.5339
1785461400000,65158.7,65161.5,64802.1,64807.0,97.6575
1785462300000,64806.9,64874.8,64465.1,64536.1,472.1533
1785463200000,64536.2,64588.6,64434.6,64460.7,277.6861
1785464100000,64460.6,64460.6,64330.0,64331.5,211.7047
1785465000000,64331.5,64394.4,64174.2,64199.0,221.2319
1785465900000,64199.0,64371.2,64188.0,64272.8,101.2634
1785466800000,64272.9,64272.9,64147.3,64235.6,91.1337
1785467700000,64235.5,64399.9,64190.7,64356.2,111.0967
1785468600000,64356.3,64400.0,64271.5,64362.2,60.1167
1785469500000,64362.2,64412.0,64315.5,64340.3,58.3495
1785470400000,64340.4,64426.4,64316.2,64334.9,183.5265
1785471300000,64338.4,64348.4,64204.2,64310.3,99.0862
1785472200000,64310.4,64341.4,64256.7,64279.4,29.8951
1785473100000,64279.4,64306.9,64265.1,64278.8,42.7486
1785474000000,64278.7,64400.0,64278.7,64388.9,83.9936
1785474900000,64389.0,64394.0,64298.4,64298.4,46.9
1785475800000,64298.5,64334.8,64257.2,64257.2,44.4763
1785476700000,64257.8,64338.1,64245.4,64326.7,64.0425
1785477600000,64326.7,64380.0,64291.1,64348.2,38.7816
1785478500000,64348.3,64428.8,64328.9,64428.1,35.6917
1785479400000,64428.2,64467.4,64215.5,64246.8,194.1129
1785480300000,64246.8,64250.8,64171.6,64204.1,106.2783
1785481200000,64204.2,64215.3,63979.8,64033.9,823.1949
1785482100000,64033.8,64064.8,63951.0,63962.6,403.8118
1785483000000,63962.6,63998.8,63836.0,63884.2,426.6946
1785483900000,63883.8,63984.4,63883.7,63910.1,168.5954
1785484800000,63910.0,63939.7,63825.3,63919.3,170.2679
1785485700000,63919.3,63947.4,63828.4,63931.7,82.4262
1785486600000,63931.6,63931.6,63780.0,63818.9,266.2663
1785487500000,63818.8,63878.0,63780.1,63800.1,149.7861
1785488400000,63800.3,63814.2,63720.2,63775.0,328.2921
1785489300000,63775.1,63813.1,63659.8,63667.1,144.7566
1785490200000,63667.2,63706.7,63610.0,63665.2,325.999
1785491100000,63665.2,63720.9,63650.8,63689.6,198.5698
1785492000000,63689.7,63712.7,63580.0,63703.6,748.0313
1785492900000,63703.5,63795.6,63669.7,63790.8,297.5052
1785493800000,63790.9,63878.1,63788.9,63871.3,196.8393
1785494700000,63871.3,63923.0,63840.6,63891.9,230.6517
1785495600000,63891.8,63982.3,63869.8,63880.9,229.79
1785496500000,63881.0,63944.9,63827.7,63868.3,193.012
1785497400000,63868.3,63875.0,63817.0,63817.1,104.6208
1785498300000,63817.1,63830.7,63764.7,63777.3,85.805
1785499200000,63777.4,63802.6,63680.0,63700.1,126.2606
1785500100000,63700.0,63752.9,63669.7,63722.9,272.9668
1785501000000,63723.0,63723.0,63596.6,63635.3,182.8409
1785501900000,63635.4,63740.5,63627.5,63728.9,223.1041
1785502800000,63728.8,63759.1,63691.3,63739.9,112.2126
1785503700000,63739.9,63811.4,63734.5,63798.9,156.9161
1785504600000,63798.8,63798.8,63435.5,63435.5,789.0463
1785505500000,63435.5,63520.0,63213.6,63248.9,723.819
1785506400000,63248.8,63300.0,62428.1,62676.5,2077.6485
1785507300000,62676.5,62733.0,62502.5,62623.0,412.2022
1785508200000,62623.0,62788.0,62580.5,62666.1,324.6826
1785509100000,62666.0,62787.3,62580.0,62664.8,156.317
1785510000000,62664.8,62689.8,62526.3,62591.0,196.8585
1785510900000,62590.9,62685.3,62463.0,62560.9,225.1263
1785511800000,62560.9,62750.0,62535.8,62735.6,196.1985
1785512700000,62735.6,62735.7,62608.3,62693.4,97.2933
1785513600000,62693.4,62883.2,62682.3,62841.8,147.6159
1785514500000,62841.8,62910.0,62765.9,62897.4,133.4561
1785515400000,62897.4,62900.6,62782.7,62824.6,95.2728
1785516300000,62824.7,62863.2,62788.0,62845.0,57.9196
1785517200000,62845.0,62900.0,62774.8,62879.7,72.4452
1785518100000,62879.7,62976.5,62850.0,62954.9,146.7724
1785519000000,62954.8,63078.5,62929.0,63031.8,154.1802
1785519900000,63031.9,63265.4,63031.8,63212.6,406.803
1785520800000,63212.6,63271.2,63105.5,63115.0,183.8268
1785521700000,63115.0,63157.2,63019.3,63024.1,76.0019
1785522600000,63024.2,63067.5,62933.2,63007.3,81.1957
1785523500000,63007.3,63152.8,63001.6,63066.4,47.2438
1785524400000,63066.5,63133.4,62998.8,63042.4,91.4082
1785525300000,63042.4,63045.9,62988.7,62991.7,22.5067
1785526200000,62991.7,63001.4,62906.7,62973.6,89.465
1785527100000,62973.5,63029.1,62925.5,62941.8,28.5308
1785528000000,62941.7,62975.5,62911.4,62964.4,80.5744
1785528900000,62964.4,63005.6,62946.9,62974.9,33.6016
1785529800000,62974.9,62981.1,62925.0,62964.1,17.6786
1785530700000,62964.1,62984.4,62900.0,62929.7,36.8767
1785531600000,62929.9,62983.1,62811.0,62982.6,91.5479
1785532500000,62982.7,63014.0,62970.4,62985.6,34.4747
1785533400000,62985.8,63006.9,62962.4,62999.6,25.2497
1785534300000,63000.0,63040.0,62893.3,62924.0,53.9008
1785535200000,62923.9,62994.5,62833.0,62970.8,24.5413
1785536100000,62970.8,62992.6,62957.0,62957.0,15.3176
1785537000000,62957.0,62973.6,62886.5,62917.4,12.9491
1785537900000,62917.5,62935.3,62882.2,62916.1,15.8134
1785538800000,62916.1,62975.4,62915.5,62946.2,10.3489
1785539700000,62946.3,62986.8,62939.3,62953.5,18.5977
1785540600000,62953.5,62967.1,62920.1,62920.1,14.9708
1785541500000,62920.1,62920.1,62831.0,62858.6,170.358
1785542400000,62858.6,62944.7,62858.5,62928.7,54.902
1785543300000,62928.1,62972.0,62906.1,62941.9,54.4399
1785544200000,62942.0,62971.4,62907.1,62971.4,15.3666
1785545100000,62971.3,62993.2,62903.9,62906.2,17.6636
1785546000000,62906.1,62944.7,62906.1,62944.7,13.658
1785546900000,62944.8,62966.5,62891.5,62923.7,22.4893
1785547800000,62923.6,62953.9,62897.2,62944.8,194.7268
1785548700000,62944.8,62954.3,62918.1,62946.5,12.3273
1785549600000,62946.5,62999.9,62946.4,62990.9,13.3824
1785550500000,62990.9,63051.2,62990.4,63037.9,83.3241
1785551400000,63038.0,63069.6,63035.7,63043.7,26.408
1785552300000,63043.7,63076.9,63022.2,63040.9,19.7912
1785553200000,63040.9,63048.8,62955.9,62957.6,53.0819
1785554100000,62957.6,63024.4,62937.6,62984.9,29.8839
1785555000000,62984.9,63002.0,62950.0,62971.2,40.1351
1785555900000,62971.1,62985.0,62954.7,62974.9,10.303
1785556800000,62974.8,62990.0,62964.4,62989.9,7.8583
1785557700000,62989.9,63022.6,62988.8,63015.0,22.2618
1785558600000,63015.0,63038.1,63012.2,63038.1,17.6003
1785559500000,63038.0,63071.8,63036.1,63071.8,22.5541
1785560400000,63071.7,63110.6,63030.9,63094.9,68.4101
1785561300000,63095.0,63095.0,63040.1,63065.8,14.0969
1785562200000,63065.9,63072.9,62968.2,62980.9,32.7668
1785563100000,62980.9,63010.0,62965.6,63000.1,24.3863
1785564000000,63000.2,63009.9,62964.0,63000.1,18.6472
1785564900000,63000.1,63054.4,62980.0,63034.6,28.247
1785565800000,63034.7,63044.6,63028.9,63034.7,33.2343
1785566700000,63034.6,63050.0,63026.3,63047.6,14.6672
1785567600000,63047.7,63082.7,63046.8,63082.4,13.8854
1785568500000,63082.4,63083.0,63037.3,63037.4,10.4498
1785569400000,63037.5,63037.5,63000.6,63013.9,22.3803
1785570300000,63014.0,63023.7,63011.8,63017.6,39.3275
1785571200000,63017.5,63072.5,63017.5,63072.1,61.5179
1785572100000,63072.2,63072.9,63060.8,63060.8,23.6133
1785573000000,63060.8,63080.8,63050.0,63069.8,16.1922
1785573900000,63069.8,63124.1,63058.1,63094.6,36.9041
1785574800000,63094.5,63118.1,63077.1,63084.3,57.0341
1785575700000,63084.3,63097.8,63068.6,63081.5,30.4786
1785576600000,63081.4,63088.2,63072.8,63073.7,10.3028
1785577500000,63073.6,63073.7,63012.2,63019.9,25.8113
1785578400000,63019.9,63092.7,62955.6,62979.0,61.2871
1785579300000,62979.0,63037.7,62961.7,63007.1,20.2679
1785580200000,63007.1,63048.4,62989.1,63037.9,22.8812
1785581100000,63037.8,63040.6,63009.1,63029.7,12.0821
1785582000000,63029.6,63030.9,63012.1,63030.8,28.4804
1785582900000,63030.9,63052.7,63009.0,63050.1,20.684
1785583800000,63050.0,63062.2,63037.7,63041.8,11.8762
1785584700000,63041.8,63045.6,63041.4,63045.5,10.2849
1785585600000,63045.6,63092.0,63045.5,63069.2,27.5588
1785586500000,63069.1,63078.1,63065.6,63068.7,12.3427
1785587400000,63068.7,63072.6,63051.5,63063.9,40.3088
1785588300000,63064.0,63077.2,63063.9,63066.8,14.4296
1785589200000,63066.8,63073.0,63057.6,63070.7,163.7481
1785590100000,63070.6,63070.7,63053.7,63053.7,13.8084
1785591000000,63053.7,63066.2,63042.6,63044.7,26.2412
1785591900000,63044.7,63045.3,63022.0,63035.3,30.8734
1785592800000,63035.7,63097.7,63035.0,63048.3,24.8349
1785593700000,63048.3,63094.6,63047.9,63086.3,270.6666
1785594600000,63086.3,63093.5,63059.4,63084.9,83.6589
1785595500000,63084.9,63098.5,63050.0,63098.5,28.5778
1785596400000,63098.4,63098.9,63078.0,63079.3,21.0076
1785597300000,63079.3,63079.4,63026.6,63030.0,21.3501
1785598200000,63029.9,63035.3,63020.8,63021.4,32.8959
1785599100000,63021.4,63022.8,62973.8,62974.0,56.8544
1785600000000,62974.0,62991.0,62896.2,62920.8,223.4284
1785600900000,62920.8,62942.7,62900.8,62920.9,62.7568
1785601800000,62920.9,63001.1,62918.5,62943.8,73.7453
1785602700000,62943.7,62944.6,62845.8,62899.9,120.305
1785603600000,62900.0,62969.8,62826.8,62869.0,76.4301
1785604500000,62868.9,62917.5,62774.1,62809.9,206.7603
1785605400000,62809.9,62850.0,62709.1,62790.8,391.8493
1785606300000,62790.9,62791.0,62630.2,62682.8,257.2776
1785607200000,62682.8,62710.9,62588.0,62685.8,88.5327
1785608100000,62685.8,62685.9,62481.7,62542.3,326.0905
1785609000000,62542.2,62542.2,62245.0,62345.6,506.6863
1785609900000,62345.6,62558.0,62249.4,62551.1,302.7264
1785610800000,62551.0,62625.5,62496.3,62515.7,114.6619
1785611700000,62515.7,62584.8,62455.9,62516.4,50.337
1785612600000,62516.5,62560.6,62427.2,62442.1,45.8433
1785613500000,62442.0,62516.3,62440.0,62499.5,31.99
1785614400000,62499.4,62543.4,62454.2,62527.3,139.9596
1785615300000,62527.3,62613.1,62524.4,62587.5,56.2481
1785616200000,62587.5,62596.7,62526.8,62568.2,39.7001
1785617100000,62568.2,62639.7,62554.0,62630.1,29.9328
1785618000000,62630.0,62774.8,62630.0,62714.8,186.1126
1785618900000,62714.8,62766.9,62714.4,62762.6,39.6718
1785619800000,62762.6,62857.4,62731.9,62762.1,95.5006
1785620700000,62762.2,62806.3,62751.8,62789.4,97.3355
1785621600000,62789.4,62839.2,62760.9,62826.6,221.2476
1785622500000,62826.5,62839.0,62795.4,62826.4,40.6511
1785623400000,62826.3,62827.0,62799.0,62815.4,25.591
1785624300000,62815.3,62826.0,62800.0,62800.0,13.703
1785625200000,62800.0,62828.5,62773.9,62780.8,26.1275
1785626100000,62780.8,62781.0,62724.1,62741.9,99.8954
1785627000000,62742.0,62806.5,62741.9,62796.9,30.0924
1785627900000,62796.9,62808.6,62780.0,62790.7,27.1473
1785628800000,62790.6,62943.3,62790.6,62895.4,105.6505
1785629700000,62895.5,62907.6,62850.6,62853.0,23.003
1785630600000,62853.1,62885.4,62825.0,62825.5,25.3423
1785631500000,62825.5,62836.0,62782.2,62808.9,20.9717
1785632400000,62808.9,62997.2,62808.9,62984.8,70.5287
1785633300000,62984.9,63060.0,62946.3,62957.4,142.7564
1785634200000,62957.5,62998.0,62950.0,62993.8,24.745
1785635100000,62993.9,62998.0,62959.8,62959.8,172.381
1785636000000,62959.8,63500.0,62930.4,63433.3,623.3885
1785636900000,63433.5,63527.0,63367.2,63378.7,238.2154
1785637800000,63377.6,63437.5,63300.6,63358.2,99.5995
1785638700000,63358.2,63456.7,63311.1,63422.1,58.6524
1785639600000,63422.1,63450.0,63356.0,63392.9,52.105
1785640500000,63392.9,63520.0,63352.0,63410.0,70.1517
1785641400000,63409.9,63477.1,63409.9,63473.8,47.9505
1785642300000,63473.9,63487.2,63406.2,63436.8,28.7486
1785643200000,63436.7,63530.3,63436.7,63515.0,82.4505
1785644100000,63515.0,63533.8,63487.6,63513.8,45.0615
1785645000000,63513.6,63528.6,63496.1,63496.1,30.113
1785645900000,63496.2,63588.1,63496.0,63554.8,106.3805
1785646800000,63554.7,63614.4,63438.1,63456.8,114.7249
1785647700000,63456.8,63470.0,63419.0,63459.0,52.0767
1785648600000,63460.0,63461.0,63391.7,63394.7,36.0217
1785649500000,63394.6,63430.1,63394.4,63428.3,37.5809
1785650400000,63428.3,63458.5,63415.8,63415.9,37.1305
1785651300000,63415.8,63470.0,63396.6,63469.9,34.9123
1785652200000,63469.9,63477.7,63436.2,63473.0,25.3227
1785653100000,63473.0,63473.0,63455.0,63458.6,14.8194
1785654000000,63458.5,63466.6,63445.6,63457.1,11.9551
1785654900000,63457.1,63465.5,63456.8,63457.9,24.1729
1785655800000,63457.8,63510.1,63457.8,63503.6,113.5833
1785656700000,63503.6,63503.7,63448.8,63465.3,95.4932
1785657600000,63465.4,63504.7,63457.1,63462.9,28.0064
1785658500000,63462.9,63463.4,63360.4,63360.7,39.9476
1785659400000,63360.7,63362.0,63193.3,63196.6,165.3043
1785660300000,63196.7,63211.8,63137.0,63166.8,127.7197
1785661200000,63166.9,63258.4,63040.0,63236.7,436.0165
1785662100000,63236.6,63284.0,63201.9,63202.0,53.2811
1785663000000,63201.9,63292.3,63200.0,63234.7,126.0886
1785663900000,63234.7,63253.3,63224.8,63244.1,170.8116
1785664800000,63244.0,63244.1,63172.3,63175.3,52.0775
1785665700000,63175.3,63243.4,63088.7,63112.8,163.4577
1785666600000,63112.8,63186.8,63112.0,63175.9,118.4169
1785667500000,63175.9,63178.9,63163.3,63170.0,27.1765
1785668400000,63170.0,63170.0,63110.0,63134.9,37.9123
1785669300000,63134.8,63176.9,63092.0,63125.1,89.5773
1785670200000,63125.1,63155.4,63065.5,63088.1,200.3576
1785671100000,63088.1,63142.2,62955.7,63002.8,353.4747
1785672000000,63002.7,63155.0,63001.7,63147.3,88.4269
1785672900000,63147.3,63200.0,63119.0,63151.3,121.8695
1785673800000,63151.3,63185.9,63077.4,63119.0,45.875
1785674700000,63118.9,63131.0,63082.6,63095.1,41.3869
1785675600000,63095.1,63116.9,63061.0,63084.2,45.0384
1785676500000,63084.2,63084.6,63021.6,63056.0,40.3344
1785677400000,63056.1,63083.0,62972.9,63067.4,93.8955
1785678300000,63067.4,63105.0,63063.6,63091.9,48.9115
1785679200000,63091.9,63092.0,63034.0,63063.6,21.6577
1785680100000,63063.6,63129.9,63063.5,63102.0,38.6145
1785681000000,63102.0,63145.5,63064.1,63127.9,35.7576
1785681900000,63125.8,63129.3,63031.8,63040.0,17.7296
1785682800000,63040.0,63098.5,63020.4,63096.5,22.8363
1785683700000,63096.5,63112.9,63074.0,63096.0,39.0177
1785684600000,63096.0,63166.7,63095.5,63115.0,65.9658
1785685500000,63115.0,63121.5,63076.8,63079.0,24.4839
1785686400000,63079.0,63110.0,63033.7,63077.4,38.9693
1785687300000,63077.4,63104.3,63049.2,63086.2,22.3397
1785688200000,63086.1,63244.9,63073.1,63201.4,113.2986
1785689100000,63201.4,63216.9,63158.5,63158.5,59.6256
1785690000000,63158.1,63196.4,63124.8,63181.5,57.1885
1785690900000,63181.4,63318.8,63165.3,63261.5,129.3229
1785691800000,63261.5,63300.0,63257.0,63300.0,44.819
1785692700000,63300.0,63312.4,63280.0,63280.1,51.764
1785693600000,63280.1,63309.2,63269.5,63292.1,37.7272
1785694500000,63292.2,63300.4,63264.5,63267.5,23.3413
1785695400000,63267.6,63585.9,63267.5,63474.7,385.1263
1785696300000,63474.8,63488.9,63349.3,63358.6,367.1199
1785697200000,63358.6,63365.9,63312.6,63332.3,56.063
1785698100000,63332.3,63350.8,63304.4,63304.4,49.0681
1785699000000,63304.4,63373.2,63302.2,63373.1,55.3137
1785699900000,63373.1,63456.9,63373.0,63429.0,141.2443
1785700800000,63429.0,63455.1,63390.1,63437.0,130.5272
1785701700000,63437.1,63472.0,63375.7,63383.4,106.8809
1785702600000,63383.4,63426.9,63376.9,63405.6,15.5418
1785703500000,63405.6,63500.0,63385.9,63469.3,85.86
1785704400000,63469.2,63546.7,63453.1,63496.1,118.7107
1785705300000,63496.0,63524.8,63479.0,63516.7,26.0024
1785706200000,63516.6,63752.1,63450.0,63671.3,449.3301
1785707100000,63671.3,63758.9,63524.7,63552.3,216.1805
1785708000000,63552.2,63766.0,63552.2,63669.5,177.8663
1785708900000,63669.4,63760.0,63546.0,63567.5,174.669
1785709800000,63567.6,63575.3,63337.9,63488.8,244.1907
1785710700000,63488.8,63539.4,63390.4,63391.6,143.0639
1785711600000,63391.6,63424.6,63315.5,63332.7,103.2382
1785712500000,63332.7,63524.5,63313.5,63510.0,131.49
1785713400000,63510.0,63566.6,63460.7,63498.3,100.3965
1785714300000,63498.2,63550.2,63458.6,63547.1,117.3457
1785715200000,63547.1,63569.1,63359.0,63396.5,104.4577
1785716100000,63394.3,63418.5,63200.0,63229.8,118.3807
1785717000000,63229.8,63396.7,63157.8,63305.4,68.4919
1785717900000,63305.4,63329.1,63245.8,63292.4,29.5207
1785718800000,63292.3,63325.3,63147.0,63193.1,76.7557
1785719700000,63193.2,63234.9,63082.0,63147.8,90.6651
1785720600000,63147.7,63224.7,63131.3,63196.4,30.6994
1785721500000,63196.4,63209.2,63130.6,63184.7,78.6592
1785722400000,63184.7,63208.8,63113.8,63177.5,34.8804
1785723300000,63177.5,63258.9,63069.0,63101.1,66.6295
1785724200000,63101.1,63198.0,63082.0,63152.2,49.4525
1785725100000,63152.2,63172.3,63091.4,63118.1,26.716
1785726000000,63118.0,63145.9,63072.6,63085.7,44.2415
1785726900000,63085.7,63114.5,63000.0,63052.7,45.6027
1785727800000,63052.6,63066.2,63015.4,63037.6,42.0129
1785728700000,63037.6,63038.7,62757.6,62840.0,316.2046
1785729600000,62840.1,62938.3,62780.7,62842.7,119.8369
1785730500000,62841.9,62951.6,62840.2,62942.7,70.1862
1785731400000,62942.6,62972.7,62927.5,62941.3,41.7946
1785732300000,62948.4,62951.4,62749.0,62762.2,56.1878
1785733200000,62762.1,62844.4,62716.7,62822.3,71.9778
1785734100000,62822.4,62846.7,62768.4,62799.0,33.732
1785735000000,62792.0,62824.1,62741.6,62777.5,35.4348
1785735900000,62777.4,62836.4,62773.1,62799.5,31.8362
1785736800000,62799.6,62842.4,62793.7,62816.8,43.9208
1785737700000,62816.8,62823.3,62726.7,62763.7,41.3157
1785738600000,62763.7,62810.3,62606.3,62606.7,627.6407
1785739500000,62606.6,62665.3,62580.0,62597.2,169.0142
1785740400000,62597.2,62658.6,62570.5,62575.8,95.2646
1785741300000,62575.8,62644.4,62530.0,62612.8,133.4924
1785742200000,62612.9,62671.7,62567.5,62611.2,91.3668
1785743100000,62612.3,62646.9,62544.7,62591.9,59.8165
1785744000000,62591.9,62623.1,62488.1,62543.7,119.3743
1785744900000,62543.6,62544.4,62298.8,62308.2,430.1256
1785745800000,62308.1,62416.0,62268.3,62410.7,242.1284
1785746700000,62410.7,62513.4,62409.0,62511.7,145.2352
1785747600000,62511.6,62550.0,62463.4,62543.2,122.2121
1785748500000,62543.1,62636.1,62543.1,62616.0,120.7258
1785749400000,62616.0,62667.7,62595.0,62662.8,84.9112
1785750300000,62662.8,62837.1,62660.9,62803.1,294.9281
1785751200000,62803.1,62835.9,62735.1,62758.6,151.3834
1785752100000,62758.5,62803.0,62705.3,62713.6,133.2764
1785753000000,62713.5,62714.1,62640.6,62678.6,249.7551
1785753900000,62678.5,62763.7,62584.8,62715.0,217.9569
1785754800000,62715.1,62716.8,62552.0,62616.7,59.5636
1785755700000,62616.6,62745.8,62604.5,62671.1,85.9255
1785756600000,62671.2,62746.1,62636.5,62665.9,32.2888
1785757500000,62665.9,62675.4,62506.1,62531.6,130.8938
1785758400000,62531.6,62581.5,62413.2,62525.2,242.6214
1785759300000,62525.1,62661.9,62519.5,62598.4,231.7503
1785760200000,62598.4,62737.9,62581.9,62737.0,71.861
1785761100000,62737.9,62775.4,62659.8,62673.3,286.65
1785762000000,62673.2,62758.5,62668.1,62749.5,55.8745
1785762900000,62749.6,62974.1,62694.5,62739.4,643.4981
1785763800000,62739.6,62917.0,62531.4,62903.3,605.2649
1785764700000,62903.1,63367.9,62784.5,63326.6,1060.4556
1785765600000,63326.6,63420.6,63112.4,63298.9,1021.9746
1785766500000,63299.0,63765.6,63142.8,63738.7,1621.1759
1785767400000,63739.7,63868.0,63606.2,63757.7,1021.6099
1785768300000,63757.8,63963.0,63629.3,63932.5,458.3981
1785769200000,63932.4,63968.0,63724.1,63790.4,530.2562
1785770100000,63790.1,63829.4,63648.0,63680.1,276.4826
1785771000000,63680.0,63878.2,63675.1,63754.3,251.7509
1785771900000,63754.4,63815.3,63608.0,63660.1,191.0012
1785772800000,63660.1,63866.0,63627.0,63770.7,545.4955
1785773700000,63770.8,63910.3,63765.4,63869.9,157.3973
1785774600000,63869.9,63869.9,63676.5,63735.9,182.8941
1785775500000,63737.7,63849.7,63707.7,63738.6,49.376
1785776400000,63738.6,63829.1,63680.7,63821.5,72.5476
1785777300000,63821.0,64031.7,63780.5,63791.8,545.3025
1785778200000,63791.9,63900.0,63758.0,63861.7,137.0842
1785779100000,63861.6,63922.0,63833.4,63876.8,91.0294
1785780000000,63876.8,63962.9,63835.6,63935.5,76.8123
1785780900000,63935.4,63956.5,63775.3,63817.2,118.8171
1785781800000,63817.2,63897.5,63776.0,63820.1,73.6792
1785782700000,63820.1,63900.0,63735.0,63833.7,97.5596
1785783600000,63833.8,63899.4,63807.5,63886.7,180.2087
1785784500000,63887.3,63978.3,63887.3,63935.4,76.4851
1785785400000,63935.4,64053.8,63829.5,63919.3,234.1736
1785786300000,63919.3,63939.7,63827.3,63833.2,32.698
1785787200000,63835.1,63923.9,63781.1,63864.2,70.373
1785788100000,63864.2,63994.6,63859.3,63919.4,224.944
1785789000000,63919.3,63919.4,63876.3,63889.1,70.2086
1785789900000,63889.1,63890.5,63736.5,63755.8,183.6184
1785790800000,63755.9,63765.4,63687.8,63691.7,83.8317
1785791700000,63691.6,63763.8,63654.9,63697.5,66.4329
1785792600000,63697.5,63706.1,63638.5,63658.6,89.9544
1785793500000,63657.7,63657.8,63522.2,63560.6,89.9376
1785794400000,63559.9,63581.6,63369.3,63468.8,174.9275
1785795300000,63471.2,63653.6,63469.7,63502.3,65.7933
1785796200000,63502.3,63531.1,63465.2,63480.8,63.5308
1785797100000,63480.8,63635.9,63480.8,63588.4,55.787
1785798000000,63588.3,63588.3,63500.5,63514.5,51.7041
1785798900000,63514.4,63595.7,63509.0,63552.1,41.0523
1785799800000,63552.1,63552.2,63437.6,63479.6,71.3759
1785800700000,63479.6,63511.5,63455.3,63501.3,68.5648
1785801600000,63501.2,63568.3,63443.2,63444.4,85.6783
1785802500000,63444.4,63478.2,63361.4,63425.0,183.9327
1785803400000,63425.0,63425.0,63310.6,63369.6,148.751
1785804300000,63369.5,63452.5,63301.0,63329.7,72.0946
1785805200000,63329.7,63469.7,63318.1,63445.8,96.1923
1785806100000,63445.8,63552.4,63391.7,63500.0,196.2399
1785807000000,63499.9,63886.0,63499.9,63790.2,341.7673
1785807900000,63790.6,63852.1,63713.0,63818.7,99.7895
1785808800000,63818.8,63843.5,63725.7,63735.3,89.2867
1785809700000,63735.2,63779.6,63654.6,63662.8,68.2345
1785810600000,63662.8,63939.1,63654.6,63868.8,110.001
1785811500000,63868.7,63898.1,63775.9,63797.9,50.8027
1785812400000,63797.9,63813.0,63657.3,63657.3,72.5132
1785813300000,63657.0,63765.4,63621.7,63748.7,80.7449
1785814200000,63748.7,63838.0,63748.7,63800.5,129.4959
1785815100000,63800.5,63807.1,63770.0,63770.0,45.8632
1785816000000,63770.0,63804.0,63730.3,63771.3,29.0415
1785816900000,63771.3,63851.1,63771.0,63806.6,67.2587
1785817800000,63806.6,64036.4,63806.6,64035.8,288.4742
1785818700000,64035.8,64221.0,64007.9,64008.0,875.8848
1785819600000,64007.9,64034.2,63813.5,63815.0,325.523
1785820500000,63815.1,63873.0,63782.5,63790.9,228.7756
1785821400000,63791.0,63835.9,63784.5,63835.8,90.0707
1785822300000,63835.8,63835.9,63767.1,63789.0,53.6097
1785823200000,63785.9,63822.1,63745.7,63775.6,68.1496
1785824100000,63775.5,63835.5,63730.9,63738.2,43.4388
1785825000000,63738.3,63754.3,63657.0,63678.8,199.1455
1785825900000,63678.8,63678.9,63630.6,63653.1,122.0307
1785826800000,63653.1,63653.1,63562.2,63568.0,111.501
1785827700000,63568.0,63626.4,63480.0,63621.3,212.337
1785828600000,63621.2,63738.9,63612.3,63641.0,190.4176
1785829500000,63641.0,63734.9,63640.9,63665.1,153.8132
1785830400000,63665.0,63728.7,63603.9,63625.8,125.9013
1785831300000,63625.9,63644.9,63563.5,63600.7,117.2543
1785832200000,63600.6,63601.1,63536.6,63599.9,106.482
1785833100000,63599.9,63600.0,63550.0,63555.9,80.4257
1785834000000,63555.2,63565.7,63511.3,63535.2,82.1222
1785834900000,63535.3,63576.5,63490.0,63552.5,105.3073
1785835800000,63552.4,63572.7,63506.6,63546.8,65.5521
1785836700000,63546.8,63588.3,63506.4,63579.1,115.6305
1785837600000,63579.3,63600.0,63487.6,63487.6,139.6837
1785838500000,63487.4,63550.0,63430.8,63445.4,422.4717
1785839400000,63445.3,63646.3,63437.0,63645.4,196.1307
1785840300000,63645.5,63819.8,63619.8,63740.6,414.0625
1785841200000,63740.5,63781.4,63689.8,63714.1,145.2552
1785842100000,63714.2,63836.9,63670.0,63756.2,158.7186
1785843000000,63756.2,63862.6,63691.5,63848.3,109.374
1785843900000,63848.6,63924.0,63784.3,63894.9,225.4435
1785844800000,63894.8,63894.9,63781.5,63783.1,233.9654
1785845700000,63783.1,63815.2,63758.8,63804.3,322.4938
1785846600000,63804.4,64032.5,63786.9,63937.6,1110.8281
1785847500000,63936.7,63966.9,63877.2,63877.2,653.435
1785848400000,63877.2,63989.5,63824.0,63916.6,398.1496
1785849300000,63916.5,63987.3,63833.0,63869.4,197.2044
1785850200000,63866.1,64076.5,63799.2,63994.4,1081.9181
1785851100000,63994.4,63994.4,63628.4,63662.5,659.7443
1785852000000,63662.5,63893.4,63585.0,63775.7,505.5184
1785852900000,63778.5,63878.3,63599.0,63861.7,499.3415
1785853800000,63861.8,64150.0,63824.3,64092.7,505.9891
1785854700000,64094.5,64168.0,64027.1,64097.2,217.3146
1785855600000,64097.3,64190.0,63966.0,64036.8,353.9521
1785856500000,64036.8,64036.9,63897.8,63923.8,145.4364
1785857400000,63923.8,64109.5,63781.9,64099.0,453.1629
1785858300000,64099.0,64200.0,64057.9,64090.3,193.9362
1785859200000,64090.4,64106.1,63940.0,64003.8,111.868
1785860100000,64003.7,64083.3,63975.9,64001.1,60.5806
1785861000000,64001.0,64027.9,63865.7,63914.5,74.7872
1785861900000,63914.5,63987.4,63880.3,63927.9,43.3283
1785862800000,63928.0,64153.1,63928.0,64042.0,155.3104
1785863700000,64041.9,64143.4,64000.1,64131.5,56.8049
1785864600000,64131.6,64144.9,64060.8,64063.1,52.8997
1785865500000,64063.1,64075.1,63858.2,63945.0,121.518
1785866400000,63945.1,64197.9,63930.0,64191.7,112.6373
1785867300000,64191.6,64371.0,64135.4,64332.2,521.8427
1785868200000,64332.2,64374.9,64174.9,64265.4,133.4315
1785869100000,64265.4,64333.4,64243.9,64272.3,55.4064
1785870000000,64272.4,64336.4,64253.8,64316.6,56.8408
1785870900000,64316.6,64335.9,64229.3,64249.3,60.536
1785871800000,64250.0,64385.0,64222.0,64350.0,190.2968
1785872700000,64350.0,64359.5,64182.9,64199.5,46.9026
1785873600000,64198.1,64212.2,64083.1,64147.1,141.8739
1785874500000,64147.2,64147.2,63974.0,64094.8,130.8207
1785875400000,64094.8,64388.2,64094.8,64362.6,144.3984
1785876300000,64362.7,64362.7,64273.1,64314.8,38.1821
1785877200000,64314.9,64314.9,64167.9,64187.3,141.3961
1785878100000,64188.4,64257.8,64159.0,64224.9,27.1645
1785879000000,64225.0,64250.0,64163.1,64215.4,273.9064
1785879900000,64215.4,64228.1,64141.2,64165.3,176.2548
1785880800000,64165.2,64202.0,64106.1,64201.6,242.2416
1785881700000,64201.6,64234.2,64141.5,64228.1,97.7306
1785882600000,64227.9,64264.3,64180.7,64184.0,65.7201
1785883500000,64184.1,64238.8,64142.2,64238.8,139.97
1785884400000,64238.8,64443.0,64178.4,64395.2,327.5146
1785885300000,64395.3,64513.6,64147.9,64148.0,699.4275
1785886200000,64147.8,64234.9,64112.8,64184.0,281.8886
1785887100000,64184.1,64197.4,64056.0,64076.4,165.6145
1785888000000,64076.4,64080.7,63976.1,64003.6,168.5461
1785888900000,64003.5,64040.1,63976.0,64039.6,98.2555
1785889800000,64039.6,64165.4,63991.9,64041.6,325.063
1785890700000,64041.6,64041.6,63950.3,63969.1,305.0622
1785891600000,63969.1,64006.8,63922.0,63986.2,124.4236
1785892500000,63986.2,64092.0,63928.8,64087.8,121.5364
1785893400000,64087.7,64271.9,64087.7,64151.3,129.4436
1785894300000,64151.1,64320.0,64149.7,64306.9,86.0652
1785895200000,64307.5,64476.5,64304.3,64436.2,171.0539
1785896100000,64436.2,64455.1,64300.5,64386.1,89.295
1785897000000,64386.2,64458.4,64381.3,64400.8,141.6746
1785897900000,64402.1,64420.0,64332.4,64339.2,93.7049
1785898800000,64339.1,64418.0,64322.7,64324.8,73.0315
1785899700000,64324.8,64331.2,64035.0,64035.1,253.6231
1785900600000,64035.0,64144.9,64021.9,64110.2,159.2302
1785901500000,64110.3,64158.5,64109.2,64151.8,53.3875
1785902400000,64151.7,64166.0,64095.7,64100.1,96.5503
1785903300000,64095.7,64176.5,64058.0,64132.3,40.8372
1785904200000,64133.0,64189.9,64128.3,64150.2,89.0731
1785905100000,64150.2,64162.0,64084.8,64145.1,37.3986
1785906000000,64145.1,64300.7,64133.1,64288.1,94.9005
1785906900000,64288.0,64496.7,64267.9,64405.7,234.3901
1785907800000,64405.8,64406.0,64312.1,64333.5,92.7132
1785908700000,64333.5,64344.8,64279.5,64307.5,43.5071
1785909600000,64307.0,64337.6,64278.6,64294.9,27.3258
1785910500000,64294.8,64318.4,64251.0,64281.4,54.7736
1785911400000,64281.4,64346.2,64270.0,64270.2,31.2214
1785912300000,64270.1,64270.2,64204.9,64228.4,57.8455
1785913200000,64228.3,64250.9,64132.5,64162.1,93.7047
1785914100000,64162.1,64162.1,64022.0,64051.8,117.9849
1785915000000,64051.8,64063.0,63979.6,63980.5,76.7417
1785915900000,63980.1,64142.7,63980.0,64141.7,190.9073
1785916800000,64141.6,64232.7,64108.1,64172.0,241.1669
1785917700000,64172.0,64249.9,64128.9,64248.1,110.0432
1785918600000,64248.1,64257.5,64100.6,64108.4,162.7012
1785919500000,64108.5,64142.3,64065.8,64098.7,156.9557
1785920400000,64098.7,64137.3,64074.5,64097.9,32.0205
1785921300000,64097.9,64165.1,64086.0,64129.7,49.7843
1785922200000,64129.8,64184.8,64129.7,64141.7,130.0301
1785923100000,64141.6,64159.5,64121.1,64123.0,135.0642
1785924000000,64123.1,64163.9,64084.7,64125.3,67.7514
1785924900000,64121.4,64214.7,64057.5,64182.7,188.1486
1785925800000,64182.7,64209.2,64149.5,64162.1,33.4466
1785926700000,64162.2,64174.7,63984.8,64034.7,220.0011
1785927600000,64034.8,64089.4,64026.3,64061.6,303.6244
1785928500000,64061.5,64065.6,64014.3,64045.0,230.2234
1785929400000,64045.0,64118.2,64017.4,64071.0,42.762
1785930300000,64071.1,64077.5,64027.2,64046.0,34.9182
1785931200000,64046.0,64204.7,64024.1,64176.0,87.6685
1785932100000,64176.1,64549.7,64154.9,64492.0,655.9382
1785933000000,64492.1,64520.0,64379.3,64438.0,349.0306
1785933900000,64438.1,64438.1,64295.4,64303.7,112.8115
1785934800000,64300.1,64314.8,64070.0,64112.5,254.5888
1785935700000,64114.8,64196.4,64089.7,64115.5,145.816
1785936600000,64115.4,64265.0,63850.8,64150.4,678.7452
1785937500000,64150.5,64382.4,64003.4,64381.0,504.7469
1785938400000,64381.1,64500.0,64275.6,64441.1,557.0324
1785939300000,64441.1,64547.9,64288.1,64324.0,533.5484
1785940200000,64324.1,64435.7,64250.0,64387.4,322.4346
1785941100000,64387.9,64500.0,64288.3,64440.6,258.5394
1785942000000,64440.5,64714.7,64418.4,64589.9,675.845
1785942900000,64589.8,64604.4,64424.3,64465.6,313.2911
1785943800000,64465.7,64673.9,64465.6,64519.2,214.5751
1785944700000,64521.1,64543.1,64350.0,64351.9,218.5662
1785945600000,64351.8,64567.1,64351.3,64567.1,141.5739
1785946500000,64567.8,64730.8,64525.0,64716.3,306.2631
1785947400000,64716.3,64728.2,64620.2,64650.1,132.9585
1785948300000,64650.0,64656.0,64581.5,64631.5,168.6362
1785949200000,64631.5,64667.1,64552.5,64558.1,94.6098
1785950100000,64555.8,64588.8,64505.2,64576.4,121.548
1785951000000,64576.4,64718.3,64551.6,64665.7,244.9118
1785951900000,64665.7,64774.0,64643.4,64733.2,170.3588
1785952800000,64732.1,64772.9,64636.5,64769.0,70.5338
1785953700000,64769.0,64786.0,64650.0,64692.4,107.9263
1785954600000,64692.3,64770.0,64632.8,64769.9,73.8516
1785955500000,64769.9,64813.0,64724.9,64762.5,85.4858
1785956400000,64762.5,64878.6,64746.2,64850.4,185.6623
1785957300000,64850.4,64888.0,64831.3,64878.4,68.0408
1785958200000,64878.5,64889.7,64833.7,64863.8,63.2966
1785959100000,64863.9,64900.0,64803.0,64805.7,122.5792
1785960000000,64805.9,64889.5,64772.9,64889.3,278.9689
1785960900000,64889.2,64992.9,64839.1,64951.8,257.4047
1785961800000,64951.8,64960.0,64900.0,64949.0,65.2741
1785962700000,64949.0,64960.0,64800.1,64800.9,171.181
1785963600000,64800.8,64802.2,64677.0,64751.9,167.1271
1785964500000,64751.9,64758.0,64633.3,64644.1,61.7602
1785965400000,64644.1,64724.6,64637.4,64699.5,134.6836
1785966300000,64695.3,64734.0,64643.1,64703.7,59.7916
1785967200000,64703.6,64742.7,64617.8,64653.2,99.372
1785968100000,64653.3,64699.9,64648.7,64699.9,20.5218
1785969000000,64699.9,64756.5,64651.5,64664.9,41.7806
1785969900000,64664.9,64687.7,64595.5,64605.5,59.7522
1785970800000,64604.6,64664.6,64553.1,64650.3,95.4352
1785971700000,64650.2,64720.7,64599.9,64665.0,35.8312
1785972600000,64664.9,64680.7,64632.6,64635.2,27.8176
1785973500000,64634.0,64643.3,64576.3,64626.2,129.5314
1785974400000,64628.0,64644.8,64564.9,64567.7,45.4337
1785975300000,64567.8,64692.4,64539.9,64656.6,62.5046
1785976200000,64656.7,64688.2,64614.2,64616.1,319.0013
1785977100000,64616.0,64662.0,64585.5,64611.9,293.6676
1785978000000,64611.9,64619.8,64550.6,64578.4,114.9223
1785978900000,64578.4,64585.7,64483.1,64489.8,171.6214
1785979800000,64489.8,64585.3,64469.0,64539.7,229.2868
1785980700000,64539.6,64632.3,64534.9,64557.6,75.0387
1785981600000,64557.4,64624.6,64503.7,64531.3,66.8253
1785982500000,64531.2,64555.6,64439.0,64497.5,202.7791
1785983400000,64497.4,64550.0,64449.7,64549.9,147.5486
1785984300000,64550.0,64569.3,64509.4,64552.3,88.9625
1785985200000,64552.3,64552.4,64487.0,64540.5,102.6922
1785986100000,64540.5,64540.6,64478.6,64510.9,41.469
1785987000000,64510.9,64553.0,64474.0,64474.0,45.4127
1785987900000,64474.0,64512.4,64463.2,64497.2,36.4505
1785988800000,64497.2,64565.5,64462.9,64550.1,100.2557
1785989700000,64550.1,64674.0,64550.1,64669.0,207.2681
1785990600000,64668.9,64700.0,64624.3,64626.0,180.4005
1785991500000,64625.9,64700.0,64600.8,64697.9,442.1695
1785992400000,64698.0,64972.9,64697.0,64886.7,665.1632
1785993300000,64886.7,64971.0,64854.4,64863.5,559.8915
1785994200000,64863.5,64891.3,64816.7,64875.6,363.7843
1785995100000,64875.6,64881.4,64828.1,64879.3,120.3715
1785996000000,64879.4,64886.0,64746.8,64746.8,299.5542
1785996900000,64748.5,64800.0,64711.7,64799.2,417.1539
1785997800000,64799.2,64829.4,64781.2,64812.0,219.9575
1785998700000,64812.0,64830.0,64779.8,64829.9,38.4195
1785999600000,64828.8,64916.2,64792.3,64912.0,52.7787
1786000500000,64912.1,64931.1,64860.0,64867.3,112.7267
1786001400000,64867.3,64878.4,64747.1,64786.6,85.1504
1786002300000,64786.6,64814.4,64759.5,64788.2,85.0703
1786003200000,64788.2,64829.5,64735.8,64743.8,43.6631
1786004100000,64743.8,64875.3,64727.1,64875.0,265.9947
1786005000000,64875.0,64897.6,64838.2,64852.2,46.3536
1786005900000,64852.2,64969.9,64852.1,64912.1,77.3875
1786006800000,64912.1,64912.3,64730.0,64745.2,432.9314
1786007700000,64745.2,64815.6,64696.7,64702.8,82.3376
1786008600000,64702.8,64702.9,64608.0,64640.9,115.9479
1786009500000,64640.9,64669.9,64604.3,64651.8,72.4762
1786010400000,64651.9,64658.8,64560.4,64566.7,294.7485
1786011300000,64566.6,64659.0,64554.0,64649.9,156.9204
1786012200000,64649.9,64652.7,64593.3,64593.4,117.0149
1786013100000,64593.3,64620.6,64574.1,64591.1,43.8433
1786014000000,64591.1,64597.7,64474.8,64544.4,271.9937
1786014900000,64544.3,64618.5,64544.3,64555.6,107.6102
1786015800000,64555.6,64631.7,64554.2,64616.8,73.0326
1786016700000,64616.8,64621.4,64552.8,64591.8,45.854
1786017600000,64591.8,64612.9,64440.4,64452.5,207.5315
1786018500000,64452.5,64518.9,64421.8,64518.4,213.7934
1786019400000,64518.3,64569.0,64475.8,64501.6,187.1641
1786020300000,64501.7,64517.9,64357.6,64390.9,190.7236
1786021200000,64390.8,64416.9,64174.1,64232.3,562.6636
1786022100000,64230.3,64273.2,64162.9,64220.4,182.4846
1786023000000,64220.4,64411.9,64143.4,64376.0,420.633
1786023900000,64376.0,64504.5,64354.6,64406.9,305.7582
1786024800000,64406.5,64533.8,64354.1,64438.5,190.7287
1786025700000,64438.4,64553.9,64391.5,64400.1,230.9949
1786026600000,64400.1,64802.6,64330.4,64779.7,533.0653
1786027500000,64779.7,64817.5,64648.1,64746.7,357.4841
1786028400000,64746.6,64950.0,64729.9,64821.5,366.1933
1786029300000,64821.0,64865.4,64676.7,64794.6,464.0182
1786030200000,64794.6,64842.0,64670.7,64719.0,104.2724
1786031100000,64719.0,64840.4,64596.0,64601.0,308.3471
1786032000000,64601.0,64684.0,64565.7,64609.0,175.3915
1786032900000,64609.1,64659.6,64549.9,64616.9,118.2371
1786033800000,64617.0,64727.0,64580.8,64679.4,55.8952
1786034700000,64679.5,64744.6,64627.0,64723.9,102.5357
1786035600000,64724.0,64800.0,64684.4,64684.5,129.9167
1786036500000,64683.5,64713.0,64640.8,64654.1,27.0136
1786037400000,64654.1,64685.9,64512.8,64568.6,101.1006
1786038300000,64568.5,64619.5,64547.0,64585.3,33.8401
1786039200000,64585.4,64590.6,64437.0,64510.5,382.9457
1786040100000,64510.4,64565.9,64466.0,64487.4,245.6363
1786041000000,64487.3,64490.7,64375.2,64383.3,128.0092
1786041900000,64383.4,64420.3,64340.6,64386.3,109.9738
1786042800000,64386.3,64433.5,64380.0,64411.1,72.8006
1786043700000,64411.1,64427.1,64353.9,64365.1,31.6861
1786044600000,64365.0,64421.9,64327.3,64395.5,69.918
1786045500000,64395.5,64443.0,64371.3,64417.3,29.5025
1786046400000,64416.5,64502.1,64415.9,64492.8,52.9489
1786047300000,64492.8,64494.4,64409.0,64451.4,38.9851
1786048200000,64451.4,64499.0,64425.0,64432.3,12.7346
1786049100000,64432.3,64450.0,64398.7,64405.1,30.3659
1786050000000,64405.1,64472.0,64405.1,64457.2,26.9508
1786050900000,64457.2,64488.0,64418.6,64420.1,43.3717
1786051800000,64420.1,64458.3,64371.2,64419.2,118.6869
1786052700000,64419.2,64453.2,64402.6,64411.9,31.5173
1786053600000,64411.9,64421.2,64348.4,64404.5,187.8365
1786054500000,64404.5,64407.1,64292.3,64333.3,138.9626
1786055400000,64333.2,64360.0,64302.7,64311.0,18.8621
1786056300000,64311.1,64345.5,64310.0,64318.7,53.2023
1786057200000,64318.8,64333.9,64299.2,64305.8,47.3625
1786058100000,64305.8,64306.7,64188.0,64219.2,78.0449
1786059000000,64219.1,64240.7,64175.7,64191.9,246.1216
1786059900000,64192.0,64300.4,64166.0,64296.0,185.3128
1786060800000,64296.0,64379.9,64251.0,64259.9,332.7894
1786061700000,64259.9,64285.6,64198.5,64246.5,171.4199
1786062600000,64246.5,64309.7,64201.7,64294.8,68.1354
1786063500000,64294.8,64310.4,64226.4,64292.5,88.9073
1786064400000,64292.6,64420.0,64292.5,64329.5,393.0864
1786065300000,64329.5,64400.0,64279.1,64393.4,32.3286
1786066200000,64393.4,64443.2,64265.8,64349.1,60.9532
1786067100000,64349.1,64433.7,64344.9,64393.7,129.6299
1786068000000,64393.6,64404.9,64220.6,64367.2,50.7394
1786068900000,64367.8,64520.6,64273.3,64289.9,179.3523
1786069800000,64289.9,64393.8,64244.6,64381.9,124.8424
1786070700000,64381.9,64439.1,64360.5,64366.0,42.4836
1786071600000,64365.9,64380.3,64285.1,64307.6,53.2064
1786072500000,64307.6,64316.0,64232.0,64286.7,76.8048
1786073400000,64286.8,64344.2,64277.0,64310.0,27.1818
1786074300000,64310.1,64339.2,64244.0,64262.2,49.5565
1786075200000,64262.3,64297.2,64216.1,64281.5,66.9255
1786076100000,64281.4,64332.9,64257.3,64273.8,19.1891
1786077000000,64273.8,64327.5,64225.4,64225.5,24.4784
1786077900000,64225.4,64239.9,64130.2,64226.5,165.964
1786078800000,64226.6,64233.0,64159.5,64221.5,46.9517
1786079700000,64221.4,64232.4,64132.5,64154.6,51.8645
1786080600000,64154.6,64259.5,64154.5,64251.3,84.1379
1786081500000,64251.3,64369.7,64216.0,64305.7,139.7903
1786082400000,64305.8,64385.3,64286.5,64384.9,49.9906
1786083300000,64385.0,64439.0,64350.0,64387.0,57.9845
1786084200000,64387.1,64398.3,64309.5,64333.9,23.6932
1786085100000,64333.9,64348.4,64251.0,64275.8,60.8306
1786086000000,64275.8,64341.9,64230.0,64306.8,83.6127
1786086900000,64306.7,64396.3,64300.0,64375.3,71.9958
1786087800000,64375.3,64390.0,64335.3,64342.7,29.9897
1786088700000,64342.7,64347.5,64273.9,64288.6,21.5343
1786089600000,64288.6,64350.3,64271.2,64339.0,26.3467
1786090500000,64339.0,64424.9,64338.9,64418.2,62.8462
1786091400000,64418.3,64644.2,64418.2,64601.3,280.7628
1786092300000,64601.4,64601.7,64546.9,64574.6,100.538
1786093200000,64574.7,64741.6,64574.6,64696.9,226.6889
1786094100000,64696.8,64846.9,64688.2,64800.5,278.4205
1786095000000,64800.4,64935.1,64772.2,64872.5,442.4251
1786095900000,64872.4,64880.8,64795.1,64806.6,162.3242
1786096800000,64806.6,64852.9,64769.5,64814.5,93.6953
1786097700000,64814.6,64863.5,64769.6,64862.4,56.9812
1786098600000,64862.5,64885.8,64819.1,64825.9,35.2174
1786099500000,64826.0,64882.6,64825.9,64865.0,46.3269
1786100400000,64864.9,64948.4,64862.5,64932.6,134.7929
1786101300000,64932.5,65185.3,64900.8,65052.1,698.9666
1786102200000,65050.6,65072.2,64980.0,64998.6,115.9497
1786103100000,64998.5,65017.5,64966.8,64996.5,54.3947
1786104000000,64996.6,65260.0,64996.5,65185.0,308.803
1786104900000,65185.1,65208.3,65036.5,65089.9,185.7251
1786105800000,65090.0,65250.0,64950.6,65124.5,476.818
1786106700000,65124.6,65350.0,65124.5,65249.9,605.4604
1786107600000,65249.9,65298.3,65151.1,65183.1,139.6029
1786108500000,65183.1,65242.2,65077.8,65126.3,215.6344
1786109400000,65126.3,65292.8,65070.9,65273.3,342.5389
1786110300000,65273.4,65307.9,64964.1,64983.3,533.7229
1786111200000,64983.2,65013.5,64755.5,64802.4,646.0085
1786112100000,64802.4,65208.8,64769.0,65149.9,441.2954
1786113000000,65150.0,65244.9,65056.9,65069.9,226.2963
1786113900000,65069.9,65122.0,64917.5,64927.8,146.284
1786114800000,64928.0,65015.0,64858.8,64937.0,151.6175
1786115700000,64937.0,65041.2,64900.5,64996.1,201.7026
1786116600000,64996.1,65104.2,64955.6,64986.3,193.2662
1786117500000,64986.2,65000.5,64880.1,64882.3,158.1746
1786118400000,64882.3,65048.3,64882.3,65013.0,128.7174
1786119300000,65013.0,65025.9,64860.8,64906.1,106.3154
1786120200000,64906.1,64946.6,64842.5,64923.1,57.5166
1786121100000,64923.0,64925.1,64779.3,64780.1,239.6645
1786122000000,64780.1,64803.2,64664.0,64668.2,407.259
1786122900000,64668.1,64750.0,64550.4,64570.5,316.4606
1786123800000,64570.4,64665.7,64491.9,64656.4,159.9237
1786124700000,64656.3,64740.4,64630.8,64740.1,100.0985
1786125600000,64740.2,64851.9,64700.2,64824.1,160.2028
1786126500000,64824.0,64843.1,64760.0,64781.2,172.4205
1786127400000,64781.2,64813.8,64700.2,64700.2,33.8888
1786128300000,64700.3,64728.8,64650.5,64706.1,48.016
1786129200000,64706.6,64847.8,64706.5,64811.1,162.8542
1786130100000,64811.1,64960.9,64811.0,64914.6,126.4417
1786131000000,64914.7,64997.2,64902.5,64939.5,131.2675
1786131900000,64939.5,64978.6,64911.0,64927.8,84.4183
1786132800000,64928.1,65014.2,64922.1,64958.9,118.7369
1786133700000,64959.0,64972.9,64923.0,64947.3,50.6473
1786134600000,64947.3,64979.4,64916.6,64929.1,39.5486
1786135500000,64929.0,64950.0,64925.8,64941.0,24.9413
1786136400000,64942.0,64992.1,64941.8,64974.2,95.4864
1786137300000,64974.1,64988.2,64917.1,64967.0,31.5629
1786138200000,64967.0,65072.9,64966.5,64990.2,54.254
1786139100000,64990.3,65016.8,64893.3,64895.5,70.9281
1786140000000,64895.5,64903.6,64864.2,64903.5,34.9312
1786140900000,64903.5,64933.2,64861.5,64894.9,24.8709
1786141800000,64894.8,64895.0,64808.8,64840.7,24.9773
1786142700000,64840.8,64889.3,64840.7,64851.0,18.2189
1786143600000,64851.0,64857.2,64850.0,64857.1,11.4057
1786144500000,64857.1,64857.1,64844.1,64852.6,8.574
1786145400000,64852.6,64887.4,64852.4,64867.4,11.4829
1786146300000,64867.5,64907.0,64867.4,64884.9,49.614
1786147200000,64884.8,64921.5,64863.3,64863.9,42.7983
1786148100000,64863.8,64863.9,64786.8,64848.4,27.701
1786149000000,64848.4,64868.7,64832.9,64868.7,20.4929
1786149900000,64868.7,64886.0,64848.9,64886.0,19.9512
1786150800000,64886.0,64924.2,64871.4,64917.3,97.3512
1786151700000,64917.3,64919.5,64850.0,64874.0,20.5664
1786152600000,64874.1,64900.0,64872.6,64896.8,10.7096
1786153500000,64896.9,64896.9,64875.0,64877.1,28.594
1786154400000,64877.0,64877.6,64859.7,64869.0,8.3323
1786155300000,64869.0,64896.9,64859.5,64896.9,11.1904
1786156200000,64896.9,64928.5,64879.8,64888.5,19.7373
1786157100000,64888.6,64899.3,64885.3,64887.1,9.9521
1786158000000,64887.1,64912.1,64885.4,64901.4,9.4998
1786158900000,64901.3,65010.1,64901.3,64993.3,63.0266
1786159800000,64993.3,65046.1,64968.1,64983.6,112.5961
1786160700000,64983.6,65002.3,64963.0,64997.9,58.3263
1786161600000,64997.9,65037.9,64936.4,64947.0,50.3257
1786162500000,64947.0,64974.5,64938.9,64973.8,23.7487
1786163400000,64973.8,65031.0,64968.8,65003.0,39.8555
1786164300000,65003.3,65012.7,64968.8,64975.2,19.9766
1786165200000,64975.3,64985.6,64951.0,64962.0,12.2336
1786166100000,64962.1,64993.1,64962.0,64991.5,10.3378
1786167000000,64991.4,64991.8,64979.0,64987.3,15.8053
1786167900000,64987.4,64997.3,64942.0,64961.4,24.6023
1786168800000,64961.4,64972.3,64946.8,64950.0,20.2806
1786169700000,64950.1,64961.4,64942.6,64945.0,10.8352
1786170600000,64945.1,64959.0,64932.0,64959.0,22.9057
1786171500000,64959.0,64991.0,64958.9,64976.7,19.8568
1786172400000,64976.6,64998.5,64964.4,64969.0,24.3813
1786173300000,64968.9,65000.0,64967.2,64972.2,37.87
1786174200000,64972.3,64972.3,64919.2,64919.3,38.0933
1786175100000,64919.2,64940.0,64918.4,64934.5,22.4095
1786176000000,64934.4,64940.0,64903.4,64939.9,19.7468
1786176900000,64939.9,64952.8,64938.0,64952.7,12.165
1786177800000,64952.8,64987.6,64952.7,64984.1,18.5483
1786178700000,64984.2,64984.2,64959.6,64960.1,10.1915
1786179600000,64960.0,64975.7,64960.0,64973.7,12.4358
1786180500000,64973.6,64989.9,64973.6,64987.4,27.385
1786181400000,64987.4,65024.1,64975.3,64977.4,39.7804
1786182300000,64977.3,64980.0,64956.9,64957.0,15.195
1786183200000,64957.0,64989.7,64956.9,64972.1,53.7088
1786184100000,64972.1,64996.2,64965.2,64994.0,32.5279
1786185000000,64993.9,64995.3,64972.3,64977.3,51.9702
1786185900000,64977.4,64990.6,64952.5,64979.3,15.3534
1786186800000,64979.4,64990.7,64964.3,64985.8,11.0606
1786187700000,64985.9,64986.9,64941.2,64942.4,31.9978
1786188600000,64942.4,64947.5,64938.9,64939.5,13.0063
1786189500000,64939.4,64940.9,64925.6,64939.1,34.3312
1786190400000,64939.1,64982.1,64885.2,64982.0,95.893
1786191300000,64982.1,65022.6,64946.4,64946.4,81.6671
1786192200000,64946.5,64995.1,64946.4,64975.9,37.8092
1786193100000,64975.9,64996.1,64971.0,64971.1,25.4171
1786194000000,64971.1,64992.4,64971.0,64977.3,18.1668
1786194900000,64977.4,64994.8,64977.3,64993.6,8.8957
1786195800000,64993.6,64993.6,64970.0,64977.7,8.6632
1786196700000,64977.7,64986.9,64965.4,64986.8,27.4116
1786197600000,64986.9,65030.0,64986.8,65030.0,35.511
1786198500000,65029.9,65114.1,65011.8,65099.7,157.9938
1786199400000,65099.7,65162.4,65062.2,65076.4,182.6315
1786200300000,65076.4,65147.5,65076.1,65095.6,58.8213
1786201200000,65095.6,65130.0,65062.6,65072.3,117.1143
1786202100000,65072.3,65078.0,65042.4,65058.5,121.1568
1786203000000,65058.4,65059.3,65029.8,65030.1,82.1413
1786203900000,65030.1,65068.1,65027.1,65046.3,235.4386
1786204800000,65046.2,65088.7,65026.6,65051.6,28.3909
1786205700000,65051.7,65076.4,65042.1,65042.1,45.0196
1786206600000,65042.2,65042.2,65003.0,65029.9,60.5159
1786207500000,65029.9,65077.5,65029.5,65054.7,23.1795
1786208400000,65054.7,65108.0,65029.0,65086.4,18.6717
1786209300000,65086.5,65111.0,65070.3,65080.8,23.564
1786210200000,65080.8,65125.6,65078.1,65095.2,29.4975
1786211100000,65095.3,65097.4,65084.9,65085.6,63.8043
1786212000000,65085.6,65095.9,65067.5,65068.1,63.2859
1786212900000,65068.0,65080.0,64993.0,65009.2,58.3544
1786213800000,65009.2,65033.5,65008.2,65024.7,45.5654
1786214700000,65024.8,65024.8,65012.7,65013.0,36.5755
1786215600000,65013.0,65045.2,64990.7,64991.2,37.062
1786216500000,64991.3,64997.6,64986.4,64991.4,76.7253
1786217400000,64991.4,65009.5,64979.7,65009.5,18.3763
1786218300000,65009.4,65052.6,65006.7,65041.4,48.2069
1786219200000,65041.5,65051.1,65032.4,65041.9,12.5088
1786220100000,65041.9,65053.1,65007.7,65035.4,7.6439
1786221000000,65035.5,65070.0,65032.6,65049.2,10.5018
1786221900000,65049.2,65065.6,65029.5,65045.6,7.5927
1786222800000,65045.5,65045.9,65011.2,65011.3,12.0549
1786223700000,65011.2,65021.5,65004.5,65004.6,11.7958
1786224600000,65004.6,65045.6,64999.3,65032.9,8.1173
1786225500000,65032.9,65033.7,64971.1,64989.0,31.5363
1786226400000,64989.0,65011.9,64965.8,64965.9,9.4499
1786227300000,64965.9,64981.8,64963.3,64965.0,18.7695
1786228200000,64965.1,64968.6,64943.8,64943.8,61.7261
1786229100000,64943.8,64944.5,64912.8,64912.8,31.0814
1786230000000,64912.8,64930.3,64907.5,64910.8,61.5805
1786230900000,64910.9,64944.6,64909.8,64911.9,44.2272
1786231800000,64911.8,64946.4,64905.4,64942.3,11.1365
1786232700000,64942.3,64944.0,64928.6,64929.0,8.8251
1786233600000,64929.0,64963.7,64928.9,64938.5,5.9678
1786234500000,64938.5,64942.2,64935.0,64937.4,5.4143
1786235400000,64937.3,64966.3,64937.3,64943.8,13.3874
1786236300000,64943.8,64953.2,64930.1,64948.4,5.1732
1786237200000,64948.3,64978.7,64944.8,64955.4,13.2008
1786238100000,64955.4,64955.4,64827.8,64836.9,63.686
1786239000000,64836.9,64866.8,64827.6,64860.1,43.5675
1786239900000,64860.3,64866.1,64820.9,64841.3,26.4489
1786240800000,64841.3,64841.4,64784.7,64827.8,51.8218
1786241700000,64827.9,64827.9,64810.0,64818.5,39.6735
1786242600000,64818.6,64818.6,64751.0,64751.0,34.3077
1786243500000,64750.0,64795.7,64746.6,64793.0,48.1178
1786244400000,64793.0,64793.2,64713.7,64713.8,57.8967
1786245300000,64713.7,64761.7,64696.2,64751.8,62.5779
1786246200000,64751.7,64774.8,64744.3,64773.9,19.4332
1786247100000,64773.9,64777.0,64756.0,64758.1,13.9592
1786248000000,64758.1,64793.7,64757.6,64793.7,26.929
1786248900000,64793.6,64803.4,64780.0,64803.3,19.1745
1786249800000,64803.3,64803.9,64778.4,64780.1,12.4964
1786250700000,64780.1,64780.1,64750.0,64757.1,9.2816
1786251600000,64757.1,64777.6,64750.0,64757.4,13.617
1786252500000,64757.4,64763.6,64756.6,64758.8,16.0015
1786253400000,64758.8,64772.4,64750.0,64756.5,11.3003
1786254300000,64756.6,64776.8,64730.0,64776.7,10.865
1786255200000,64776.7,64794.9,64776.0,64784.6,20.5602
1786256100000,64784.7,64820.8,64784.6,64811.7,35.9476
1786257000000,64811.7,64833.4,64810.0,64832.2,75.9631
1786257900000,64832.2,64832.6,64818.4,64818.4,21.5843
1786258800000,64818.4,64823.8,64810.0,64819.9,24.8312
1786259700000,64819.9,64820.0,64799.9,64807.9,26.4835
1786260600000,64807.9,64813.0,64802.0,64802.2,18.9392
1786261500000,64802.2,64802.2,64790.7,64792.2,13.7995
1786262400000,64792.1,64901.4,64792.1,64888.0,99.6512
1786263300000,64888.0,64905.4,64847.8,64856.6,28.0637
1786264200000,64856.6,64868.5,64757.9,64757.9,29.4443
1786265100000,64757.9,64793.0,64757.9,64792.6,21.8951
1786266000000,64792.6,64800.4,64782.0,64795.6,17.4859
1786266900000,64795.7,64799.7,64776.4,64780.0,43.9645
1786267800000,64780.1,64789.7,64776.3,64789.5,33.647
1786268700000,64789.4,64852.7,64781.5,64852.6,34.2342
1786269600000,64852.7,64925.3,64822.1,64924.7,65.4401
1786270500000,64924.8,64950.0,64900.0,64935.7,56.2155
1786271400000,64935.8,64945.3,64906.1,64910.0,20.6094
1786272300000,64910.0,64941.9,64909.9,64925.1,24.5452
1786273200000,64925.1,64954.2,64924.9,64949.9,78.9779
1786274100000,64949.9,64957.0,64945.1,64948.8,13.6937
1786275000000,64948.7,64972.0,64947.3,64956.3,25.7737
1786275900000,64956.2,64972.8,64915.9,64918.4,52.2435
1786276800000,64918.4,64921.7,64886.9,64915.0,47.4882
1786277700000,64915.0,64917.2,64913.7,64914.9,14.4542
1786278600000,64914.9,64915.0,64909.5,64909.6,10.1441
1786279500000,64909.7,64926.2,64908.8,64926.1,15.2099
1786280400000,64926.1,65008.3,64926.1,64990.5,83.6793
1786281300000,64990.5,65058.4,64990.4,65058.3,92.1172
1786282200000,65058.4,65232.3,65006.5,65195.0,303.2856
1786283100000,65195.1,65195.1,65166.2,65193.0,109.1401
1786284000000,65193.0,65212.2,65163.4,65210.0,102.0288
1786284900000,65210.1,65212.8,65129.5,65162.6,81.1307
1786285800000,65162.6,65197.8,65119.8,65142.8,103.2468
1786286700000,65142.9,65278.0,65142.8,65236.8,165.3236
1786287600000,65236.9,65242.4,65176.5,65217.9,80.3108
1786288500000,65217.9,65218.0,65197.6,65198.1,33.0528
1786289400000,65198.1,65209.2,65192.6,65192.6,19.2514
1786290300000,65192.6,65209.3,65192.6,65202.9,29.5978
1786291200000,65202.9,65250.1,65186.7,65208.4,85.5276
1786292100000,65208.4,65216.8,65149.0,65164.9,34.2732
1786293000000,65164.9,65234.1,65164.9,65228.4,35.7174
1786293900000,65228.5,65231.9,65204.8,65204.9,46.5226
1786294800000,65204.9,65204.9,65189.2,65196.7,11.8706
1786295700000,65196.8,65209.5,65192.7,65209.5,21.1491
1786296600000,65209.5,65210.1,65197.1,65205.9,22.0781
1786297500000,65205.8,65205.9,65166.1,65166.9,21.3042
1786298400000,65167.0,65179.8,65166.8,65178.4,36.7063
1786299300000,65178.3,65191.1,65159.7,65191.1,26.1878
1786300200000,65191.0,65198.4,65182.0,65191.9,11.8419
1786301100000,65191.9,65192.0,65167.2,65168.4,11.2104
1786302000000,65168.3,65203.3,65159.7,65164.9,20.7669
1786302900000,65164.9,65195.0,65164.9,65186.0,33.3685
1786303800000,65185.9,65186.0,65170.9,65171.0,6.4975
1786304700000,65170.9,65198.2,65150.5,65154.9,42.5689
1786305600000,65154.8,65162.4,65046.0,65049.5,143.7004
1786306500000,65049.5,65126.1,65049.5,65099.9,49.1354
1786307400000,65099.9,65143.0,65099.8,65112.3,41.7077
1786308300000,65112.2,65116.9,65099.6,65114.9,6.7501
1786309200000,65114.9,65114.9,65100.3,65105.5,9.5425
1786310100000,65105.6,65118.3,65094.4,65113.7,11.2721
1786311000000,65113.8,65238.5,65113.7,65198.9,30.3789
1786311900000,65198.8,65203.2,65159.2,65170.1,10.4998
1786312800000,65171.7,65441.0,65171.7,65387.6,363.4934
1786313700000,65387.5,65419.8,65183.7,65211.9,123.1309
1786314600000,65211.9,65225.5,64952.9,65007.0,354.2403
1786315500000,65006.9,65077.9,64950.0,65043.6,156.3867
1786316400000,65043.6,65076.9,64958.3,64988.9,51.4027
1786317300000,64988.8,65028.6,64873.3,64891.9,98.1554
1786318200000,64892.0,64913.6,64822.1,64869.0,83.8235
1786319100000,64868.9,64905.4,64805.4,64870.1,61.9106
1786320000000,64870.0,65296.2,64815.3,65117.3,396.6058
1786320900000,65117.4,65153.2,64953.7,64974.8,104.8912
1786321800000,64974.7,65022.7,64793.3,64818.5,155.1921
1786322700000,64818.5,65017.1,64816.7,64945.8,150.5935
1786323600000,64945.7,65000.0,64870.1,64977.0,47.8948
1786324500000,64977.1,65047.0,64971.6,64973.4,37.9891
1786325400000,64973.4,64983.9,64863.3,64948.5,67.8832
1786326300000,64948.4,65368.0,64939.3,65171.5,295.2971
1786327200000,65171.5,65180.3,65052.7,65075.5,68.8949
1786328100000,65075.6,65075.8,64880.0,64931.9,155.8006
1786329000000,64931.8,65189.9,64930.7,65171.9,116.7191
1786329900000,65171.9,65172.0,65057.2,65076.0,42.4855
1786330800000,65075.9,65079.3,64939.0,64939.1,47.9793
1786331700000,64939.1,65146.0,64879.2,64998.3,82.6035
1786332600000,64998.4,65098.4,64956.0,65001.6,64.0926
1786333500000,65001.5,65034.5,64925.2,64948.3,74.349
1786334400000,64948.3,65049.4,64925.0,65047.4,55.156
1786335300000,65047.3,65077.4,65000.3,65000.3,26.3124
1786336200000,65000.3,65014.9,64896.1,64982.8,35.8614
1786337100000,64982.7,65028.0,64951.5,64981.2,19.3862
1786338000000,64981.2,65028.0,64951.6,64966.0,16.6742
1786338900000,64966.0,65040.0,64965.9,65019.4,27.1785
1786339800000,65019.4,65076.5,64994.3,65057.8,32.0279
1786340700000,65057.8,65134.7,65024.3,65112.2,95.32
1786341600000,65112.2,65256.8,65100.0,65173.4,118.5445
1786342500000,65173.4,65211.6,65116.3,65139.7,30.8027
1786343400000,65139.7,65211.5,65138.2,65211.2,18.3357
1786344300000,65211.2,65300.0,65193.5,65271.4,80.5345
1786345200000,65271.4,65280.0,65213.6,65232.7,32.8104
1786346100000,65232.6,65300.8,65208.8,65290.2,62.4206
1786347000000,65290.2,65341.0,65258.9,65300.2,60.8372
1786347900000,65300.2,65303.7,65171.8,65181.2,85.2265
1786348800000,65181.2,65287.0,65181.2,65236.8,104.9523
1786349700000,65236.8,65300.0,65198.4,65266.0,70.8391
1786350600000,65266.1,65275.8,65158.9,65197.1,74.3286
1786351500000,65197.0,65239.1,65179.2,65216.5,67.8296
1786352400000,65216.5,65216.6,65158.9,65191.3,19.1644
1786353300000,65191.2,65192.0,65132.0,65137.5,64.8009
1786354200000,65137.5,65137.6,65014.7,65025.5,89.6984
1786355100000,65025.6,65025.6,64928.2,64941.7,129.5436
1786356000000,64941.6,65062.9,64941.3,65016.7,80.9268
1786356900000,65016.7,65068.0,64982.8,65000.1,38.1648
1786357800000,65000.2,65026.1,64977.1,64985.6,16.566
1786358700000,64985.6,65069.3,64975.4,64989.4,39.1329
1786359600000,64989.5,65009.4,64948.8,64988.2,50.265
1786360500000,64988.1,65063.5,64988.1,65052.4,62.6298
1786361400000,65052.5,65076.0,65031.6,65033.2,42.468
1786362300000,65033.2,65109.4,65033.2,65098.7,32.0367
1786363200000,65098.8,65215.1,65054.9,65099.2,220.9453
1786364100000,65099.1,65102.2,65010.2,65025.8,111.7269
1786365000000,65025.9,65034.6,64884.0,64991.8,136.5251
1786365900000,64991.8,65001.2,64820.0,64840.6,214.3951
1786366800000,64840.6,64886.8,64818.1,64858.3,296.729
1786367700000,64858.4,64944.6,64854.0,64896.4,157.1311
1786368600000,64896.5,64907.9,64585.0,64617.7,545.9341
1786369500000,64617.6,64697.7,64490.8,64536.0,454.0276
1786370400000,64535.9,64729.4,64508.9,64723.6,224.5044
1786371300000,64723.6,64800.0,64659.9,64750.4,136.2679
1786372200000,64750.4,64855.8,64733.2,64792.1,223.1761
1786373100000,64792.1,64822.9,64571.0,64593.6,241.581
1786374000000,64593.7,64689.9,64511.5,64532.3,270.8138
1786374900000,64532.4,64616.8,64277.4,64372.8,569.7908
1786375800000,64372.8,64391.3,64211.9,64312.0,363.6394
1786376700000,64311.9,64329.9,64166.5,64273.1,266.5347
1786377600000,64273.0,64330.0,64161.6,64191.5,337.7293
1786378500000,64191.4,64191.6,63959.0,64095.4,644.446
1786379400000,64095.3,64159.7,63918.8,63944.5,325.7817
1786380300000,63944.8,63952.7,63804.1,63885.9,438.4141
1786381200000,63885.9,63994.6,63803.2,63970.1,239.7164
1786382100000,63970.0,63986.2,63899.5,63905.0,112.0852
1786383000000,63905.0,64000.3,63876.0,63925.9,186.1847
1786383900000,63925.0,63954.3,63865.5,63930.9,82.4995
1786384800000,63930.9,64001.3,63870.5,63918.4,110.7995
1786385700000,63918.5,63985.8,63870.4,63874.8,52.2005
1786386600000,63874.7,63946.4,63787.1,63865.8,297.4086
1786387500000,63865.7,63905.6,63813.7,63865.3,67.8055
1786388400000,63865.3,63913.0,63859.0,63905.0,38.2255
1786389300000,63905.0,63999.4,63880.6,63999.4,76.678
1786390200000,63999.3,64072.9,63902.7,64000.7,197.7916
1786391100000,64000.7,64024.5,63959.8,64018.4,69.1796
1786392000000,64018.6,64070.9,63991.0,64023.8,34.2215
1786392900000,64023.8,64093.0,64017.4,64092.1,59.1839
1786393800000,64092.2,64170.0,64048.2,64145.7,81.3127
1786394700000,64145.8,64148.7,64100.7,64129.8,39.801
1786395600000,64129.8,64129.8,64053.0,64084.1,45.9428
1786396500000,64084.1,64090.4,64038.0,64090.4,26.8695
1786397400000,64090.4,64092.3,64001.6,64008.1,38.9753
1786398300000,64008.0,64019.5,63954.1,63954.1,62.5798
1786399200000,63954.1,64020.0,63928.9,64015.3,81.8787
1786400100000,64015.3,64036.2,63968.0,63984.3,42.3835
1786401000000,63984.2,63984.6,63912.9,63959.3,85.9101
1786401900000,63959.3,63992.6,63955.8,63992.5,27.3959
1786402800000,63992.6,63996.0,63949.8,63951.5,30.3825
1786403700000,63951.5,63980.0,63918.8,63960.9,23.1377
1786404600000,63960.9,63961.3,63886.0,63943.9,41.3975
1786405500000,63943.8,63959.4,63911.6,63944.8,26.514
1786406400000,63944.8,63960.0,63865.3,63956.2,52.0777
1786407300000,63956.2,63975.3,63852.5,63960.3,34.4696
1786408200000,63960.3,63985.7,63920.7,63952.7,43.8699
1786409100000,63952.8,64035.3,63952.8,64011.9,79.9619
1786410000000,64011.9,64053.4,63952.8,64033.2,73.8899
1786410900000,64033.2,64052.4,63951.0,64042.6,32.3256
1786411800000,64042.6,64042.6,63928.1,63961.3,43.4881
1786412700000,63961.3,64049.8,63957.3,64028.8,29.1779
1786413600000,64028.9,64060.2,64013.5,64013.6,36.0899
1786414500000,64013.5,64046.3,64013.5,64023.6,105.432
1786415400000,64023.7,64026.8,64005.0,64017.0,36.3814
1786416300000,64017.1,64037.2,64004.8,64014.7,87.8149
1786417200000,64014.6,64080.3,64014.6,64074.0,64.1584
1786418100000,64074.0,64150.0,64074.0,64108.3,112.737
1786419000000,64108.2,64138.3,64103.5,64108.0,76.8091
1786419900000,64108.0,64112.5,64092.4,64112.5,81.667
1786420800000,64112.4,64129.0,64070.9,64094.8,23.8503
1786421700000,64094.9,64108.4,64077.7,64083.0,90.8637
1786422600000,64083.0,64083.2,64057.9,64071.1,38.9401
1786423500000,64071.1,64078.3,64003.0,64003.0,136.4534
1786424400000,64003.0,64028.7,63965.9,64020.6,183.7055
1786425300000,64020.6,64035.1,63932.6,63948.2,128.1261
1786426200000,63948.1,64018.1,63941.5,64009.4,89.631
1786427100000,64009.4,64020.6,63966.9,63966.9,68.2875
1786428000000,63966.9,64026.8,63946.3,64003.2,98.6353
1786428900000,64003.2,64003.2,63900.9,63901.2,42.265
1786429800000,63901.2,63955.8,63877.0,63907.3,43.8527
1786430700000,63907.4,63942.5,63832.1,63942.5,136.4292
1786431600000,63942.5,63988.2,63938.0,63939.3,85.8379
1786432500000,63939.2,63947.0,63879.4,63881.7,75.7867
1786433400000,63881.7,64066.0,63881.7,64047.6,90.539
1786434300000,64046.3,64077.0,64012.0,64034.5,116.6954
1786435200000,64034.5,64081.1,64017.7,64017.7,37.5449
1786436100000,64017.7,64063.3,64013.9,64027.1,33.5766
1786437000000,64027.2,64093.7,64027.0,64083.5,32.5834
1786437900000,64083.4,64123.7,64062.6,64106.1,35.0346
1786438800000,64106.1,64138.2,64102.3,64104.7,84.2062
1786439700000,64104.7,64174.5,64104.2,64162.8,157.2411
1786440600000,64162.7,64220.0,64157.5,64217.5,138.253
1786441500000,64217.6,64277.4,64213.5,64277.4,258.084
1786442400000,64277.3,64286.8,64209.0,64222.1,114.1345
1786443300000,64222.0,64279.0,64175.6,64273.1,62.7763
1786444200000,64273.0,64280.0,64214.5,64246.4,38.6912
1786445100000,64246.5,64248.8,64187.3,64199.9,54.8947
1786446000000,64199.9,64361.7,64199.9,64328.2,202.2606
1786446900000,64328.3,64328.4,64300.0,64306.8,43.4186
1786447800000,64306.9,64320.3,64300.0,64312.3,71.2299
1786448700000,64312.3,64383.9,64312.1,64354.6,114.208
1786449600000,64354.5,64467.8,64338.0,64442.1,203.1312
1786450500000,64442.0,64442.1,64257.7,64287.9,274.0685
1786451400000,64287.9,64356.5,64264.9,64296.5,183.9949
1786452300000,64296.5,64313.5,64285.5,64298.0,62.1574
1786453200000,64298.0,64345.9,64246.5,64295.3,51.9162
1786454100000,64295.3,64304.1,64139.5,64175.5,207.1571
1786455000000,64175.5,64220.4,64022.0,64153.5,381.1225
1786455900000,64151.4,64195.7,64025.0,64177.6,121.5758
1786456800000,64177.6,64209.5,64089.5,64197.1,171.7266
1786457700000,64197.1,64240.7,63888.3,64002.4,488.8291
1786458600000,64002.4,64037.7,63870.0,63932.8,202.1761
1786459500000,63934.7,63985.2,63685.3,63747.2,701.5646
1786460400000,63747.2,63845.9,63707.8,63752.6,317.8815
1786461300000,63752.7,63845.7,63684.4,63843.3,197.3967
1786462200000,63843.3,63851.2,63417.0,63533.6,684.325
1786463100000,63533.5,63606.8,63443.7,63590.4,334.5216
1786464000000,63590.4,63630.0,63522.2,63581.9,127.6314
1786464900000,63582.4,63630.0,63548.9,63564.9,80.7854
1786465800000,63565.0,63596.1,63470.1,63470.9,100.0647
1786466700000,63470.9,63523.5,63432.8,63491.3,136.4626
1786467600000,63491.3,63548.0,63439.7,63485.1,110.3922
1786468500000,63485.1,63578.7,63466.2,63549.7,74.9125
1786469400000,63549.7,63580.0,63500.0,63529.5,40.8474
1786470300000,63529.4,63613.4,63500.0,63581.7,65.5621
1786471200000,63581.7,63608.2,63524.6,63571.1,32.3427
1786472100000,63571.1,63583.2,63453.1,63453.4,44.351
1786473000000,63453.4,63490.0,63232.5,63284.2,516.0218
1786473900000,63284.2,63361.4,63284.1,63351.5,87.3625
1786474800000,63351.4,63362.4,63204.2,63221.9,144.3292
1786475700000,63222.0,63363.9,63221.9,63333.4,96.2643
1786476600000,63333.3,63435.9,63333.3,63429.9,100.809
1786477500000,63429.9,63515.0,63350.0,63512.7,135.0247
1786478400000,63512.7,63688.0,63509.5,63647.5,234.5577
1786479300000,63647.6,63651.2,63586.5,63651.2,82.8815
1786480200000,63651.1,63726.0,63612.2,63647.3,60.2091
1786481100000,63647.4,63723.1,63647.1,63714.3,77.5831
1786482000000,63714.4,63726.0,63699.7,63708.3,102.342
1786482900000,63708.2,63739.5,63621.3,63645.1,94.0211
1786483800000,63645.0,63660.0,63585.4,63636.9,160.6138
1786484700000,63636.9,63664.0,63615.7,63639.1,59.1669
1786485600000,63639.1,63743.1,63639.1,63704.7,34.111
1786486500000,63704.6,63737.9,63676.8,63692.6,29.4405
1786487400000,63692.6,63723.6,63622.8,63623.6,21.0806
1786488300000,63623.6,63649.9,63595.7,63636.5,46.8749
1786489200000,63636.5,63636.6,63534.0,63548.1,77.1053
1786490100000,63548.1,63586.7,63519.5,63568.8,33.5665
1786491000000,63568.7,63613.6,63554.2,63613.5,31.0256
1786491900000,63613.5,63621.5,63572.1,63572.9,22.1122
1786492800000,63572.9,63582.8,63507.0,63579.4,123.6496
1786493700000,63579.4,63680.8,63551.3,63640.4,256.8275
1786494600000,63640.5,63698.0,63640.4,63690.3,53.4552
1786495500000,63690.3,63718.1,63689.6,63717.3,41.338
1786496400000,63717.2,63758.1,63684.0,63758.1,262.7004
1786497300000,63758.1,63758.1,63708.6,63721.0,35.6638
1786498200000,63721.1,63796.3,63662.1,63796.2,108.4785
1786499100000,63796.2,63829.7,63769.6,63796.9,72.4893
1786500000000,63797.0,63850.0,63786.0,63818.2,48.3963
1786500900000,63818.1,63866.4,63750.3,63866.3,95.2164
1786501800000,63866.3,63882.0,63730.2,63744.9,104.7453
1786502700000,63745.0,63756.0,63700.8,63720.5,39.2299
1786503600000,63720.5,63782.0,63680.5,63693.2,36.1097
1786504500000,63693.3,63753.2,63678.1,63727.9,25.2865
1786505400000,63727.8,63819.6,63706.3,63784.1,52.8211
1786506300000,63784.1,63807.4,63750.0,63799.5,20.8475
1786507200000,63799.5,63810.8,63738.4,63759.6,32.4872
1786508100000,63759.5,63864.3,63759.5,63768.0,41.4993
1786509000000,63767.9,63768.0,63709.2,63746.2,40.555
1786509900000,63746.2,63800.0,63731.5,63749.0,34.7494
1786510800000,63749.0,63793.0,63700.0,63793.0,20.5711
1786511700000,63792.9,63812.8,63785.9,63812.5,22.6325
1786512600000,63812.6,63844.7,63794.8,63820.9,49.9016
1786513500000,63820.9,63835.3,63791.0,63820.5,22.0145
1786514400000,63814.9,63815.0,63675.3,63676.7,53.5236
1786515300000,63676.7,63727.9,63592.0,63617.0,125.2167
1786516200000,63617.0,63650.3,63579.4,63629.1,66.2445
1786517100000,63629.2,63689.6,63602.9,63689.5,39.922
1786518000000,63689.5,63772.5,63681.0,63734.1,54.029
1786518900000,63734.1,63734.2,63700.0,63704.2,25.9252
1786519800000,63704.2,63749.9,63660.0,63663.6,33.449
1786520700000,63663.6,63808.5,63614.4,63803.2,65.6152
1786521600000,63803.1,63836.4,63754.0,63761.6,86.4054
1786522500000,63761.7,63808.7,63761.6,63796.4,63.4226
1786523400000,63796.4,63800.0,63744.7,63750.5,44.2919
1786524300000,63750.4,63794.8,63750.3,63766.7,28.2848
1786525200000,63766.7,63834.4,63736.3,63828.2,56.4099
1786526100000,63828.2,63977.0,63828.2,63956.1,335.562
1786527000000,63956.2,64061.2,63915.0,64012.8,245.1749
1786527900000,64012.8,64076.9,63997.2,64076.9,145.7592
1786528800000,64076.8,64189.4,64067.6,64096.1,288.8699
1786529700000,64096.1,64111.2,64033.1,64037.9,87.2637
1786530600000,64037.9,64140.0,64037.8,64111.7,83.93
1786531500000,64111.7,64130.0,64033.5,64107.8,94.427
1786532400000,64107.7,64184.4,64079.1,64109.6,108.9412
1786533300000,64109.6,64176.8,64095.9,64172.1,57.8488
1786534200000,64172.0,64198.2,64114.0,64158.9,131.6784
1786535100000,64158.9,64220.0,64157.1,64200.3,111.5415
1786536000000,64200.3,64269.9,64186.4,64229.6,194.3147
1786536900000,64229.7,64399.3,64229.7,64386.0,455.5401
1786537800000,64386.0,64425.0,63999.1,64069.9,554.8142
1786538700000,64069.9,64158.9,63944.9,64094.5,320.1107
1786539600000,64094.4,64134.5,63909.3,63956.3,264.7111
1786540500000,63957.8,64016.6,63881.0,63926.4,166.5151
1786541400000,63926.5,63988.0,63835.8,63958.9,241.4634
1786542300000,63958.9,64047.6,63807.2,63807.7,206.088
1786543200000,63807.6,63898.6,63576.7,63767.0,523.7824
1786544100000,63767.2,63805.4,63631.7,63631.7,144.1442
1786545000000,63631.6,63671.2,63500.0,63582.7,339.7099
1786545900000,63582.7,63618.3,63336.0,63345.1,484.3814
1786546800000,63345.1,63508.0,63285.5,63477.6,339.7774
1786547700000,63477.6,63522.4,63410.9,63473.4,109.7607
1786548600000,63473.3,63549.2,63373.0,63500.8,161.623
1786549500000,63500.7,63529.6,63396.7,63419.6,69.3564
1786550400000,63419.6,63480.1,63350.0,63456.4,102.6272
1786551300000,63456.3,63542.3,63437.5,63540.5,80.8443
1786552200000,63540.5,63550.0,63482.5,63500.1,53.3013
1786553100000,63500.1,63500.1,63440.7,63463.6,101.6358
1786554000000,63463.7,63517.2,63449.2,63510.6,62.5272
1786554900000,63510.6,63532.5,63400.0,63420.0,152.9403
1786555800000,63420.0,63482.5,63386.5,63448.0,127.7808
1786556700000,63447.9,63518.7,63423.7,63450.1,199.5698
1786557600000,63450.2,63485.6,63400.0,63450.6,79.2443
1786558500000,63450.5,63450.6,63359.2,63410.3,74.9288
1786559400000,63410.2,63500.0,63397.0,63426.3,115.4975
1786560300000,63426.3,63426.3,63355.0,63359.3,31.0156
1786561200000,63359.4,63414.2,63352.8,63359.5,44.7382
1786562100000,63359.6,63433.9,63284.1,63362.8,109.4787
1786563000000,63362.9,63400.0,63317.4,63317.4,50.5664
1786563900000,63317.5,63410.7,63299.9,63400.6,74.0444
1786564800000,63397.9,63500.0,63395.4,63442.4,75.0049
1786565700000,63442.3,63498.0,63400.6,63486.0,52.7144
1786566600000,63485.9,63550.9,63485.9,63522.4,83.3846
1786567500000,63522.3,63579.0,63501.9,63579.0,54.3814
1786568400000,63578.9,63630.0,63530.2,63557.8,182.578
1786569300000,63557.8,63572.0,63441.8,63458.3,113.2578
1786570200000,63458.3,63519.4,63396.9,63508.1,44.0006
1786571100000,63509.2,63554.5,63423.3,63443.2,46.5317
1786572000000,63443.1,63510.7,63400.0,63466.0,34.6793
1786572900000,63467.6,63507.0,63457.1,63459.0,15.2519
1786573800000,63459.1,63472.3,63339.9,63378.6,165.6377
1786574700000,63378.6,63438.7,63368.7,63406.9,31.8762
1786575600000,63406.4,63414.8,63349.8,63386.0,32.2642
1786576500000,63386.0,63419.9,63334.1,63400.0,34.3609
1786577400000,63400.0,63456.1,63377.9,63399.9,39.252
1786578300000,63399.8,63464.2,63383.0,63456.0,55.4007
1786579200000,63456.1,63582.3,63430.0,63580.9,88.2368
1786580100000,63580.8,63687.4,63551.6,63599.9,145.4008
1786581000000,63598.8,63620.0,63480.7,63486.9,84.9572
1786581900000,63486.1,63599.6,63476.9,63532.5,27.1625
1786582800000,63532.5,63610.6,63498.5,63609.5,37.647
1786583700000,63609.5,63610.1,63373.6,63392.1,112.484
1786584600000,63392.1,63514.9,63384.3,63388.7,130.6536
1786585500000,63388.7,63494.4,63355.0,63430.3,60.6453
1786586400000,63430.4,63460.4,63397.0,63438.1,48.3057
1786587300000,63438.1,63497.0,63399.9,63438.9,61.3337
1786588200000,63437.7,63471.3,63346.4,63471.3,104.7569
1786589100000,63471.2,63557.9,63446.3,63525.0,87.0075
1786590000000,63525.0,63557.4,63487.8,63550.1,29.5252
1786590900000,63550.1,63611.2,63542.6,63550.0,69.2559
1786591800000,63550.0,63606.6,63540.0,63550.7,43.7561
1786592700000,63550.6,63658.6,63550.5,63624.3,105.4508
1786593600000,63624.3,63651.6,63559.6,63648.6,69.3347
1786594500000,63648.6,63648.6,63565.1,63569.5,39.3932
1786595400000,63569.4,63689.3,63569.4,63672.1,50.7175
1786596300000,63672.1,63754.8,63666.3,63667.2,121.8213
1786597200000,63667.3,63858.7,63643.2,63858.7,289.5053
1786598100000,63858.7,63985.4,63858.6,63914.6,261.4705
1786599000000,63914.6,63928.9,63867.4,63894.8,74.3449
1786599900000,63894.7,63900.0,63850.0,63850.1,63.6974
1786600800000,63850.0,63853.2,63746.8,63809.9,81.0552
1786601700000,63810.0,63824.1,63781.1,63792.9,52.5144
1786602600000,63792.9,63793.0,63728.5,63728.5,57.7274
1786603500000,63728.6,63913.0,63723.9,63913.0,68.961
1786604400000,63912.9,63920.1,63836.7,63842.4,48.31
1786605300000,63842.3,63887.7,63828.0,63862.2,16.8536
1786606200000,63862.2,63869.4,63819.4,63843.4,24.0669
1786607100000,63843.3,63843.4,63824.2,63834.8,39.8504
1786608000000,63834.8,63882.5,63804.4,63804.5,61.9457
1786608900000,63804.5,63807.0,63758.5,63758.6,52.7929
1786609800000,63758.7,63773.5,63748.0,63773.5,62.6267
1786610700000,63773.4,63774.4,63711.0,63744.5,56.8672
1786611600000,63744.4,63744.5,63589.4,63589.4,179.3701
1786612500000,63589.5,63690.0,63553.6,63631.0,227.7211
1786613400000,63631.0,63683.7,63629.4,63683.6,106.3348
1786614300000,63683.6,63803.7,63679.6,63755.1,120.9536
1786615200000,63755.1,63799.0,63590.6,63594.0,150.8986
1786616100000,63594.1,63657.0,63593.8,63599.0,60.7411
1786617000000,63599.1,63626.0,63556.3,63614.7,70.262
1786617900000,63614.8,63649.0,63610.0,63629.7,52.1029
1786618800000,63629.7,63639.1,63588.3,63601.0,37.0263
1786619700000,63601.0,63649.0,63412.0,63413.1,237.1683
1786620600000,63413.1,63451.0,63320.3,63440.5,265.95
1786621500000,63441.4,63481.8,63429.0,63460.5,82.2461
1786622400000,63460.4,63538.0,63415.9,63537.9,91.3112
1786623300000,63537.9,63564.0,63521.8,63547.1,79.506
1786624200000,63547.0,63660.5,63435.4,63559.9,264.3344
1786625100000,63559.9,63684.9,63533.4,63669.2,129.6539
1786626000000,63669.1,63780.0,63669.1,63709.8,219.3632
1786626900000,63709.9,63709.9,63541.3,63576.2,119.8202
1786627800000,63575.5,63825.5,63532.4,63779.1,305.8954
1786628700000,63779.1,63820.0,63657.3,63695.6,112.8864
1786629600000,63695.7,63821.9,63653.0,63782.8,124.568
1786630500000,63782.7,63848.0,63736.9,63779.9,121.6785
1786631400000,63779.9,63975.0,63740.1,63932.2,258.1925
1786632300000,63932.2,63935.0,63825.3,63835.6,127.2446
1786633200000,63835.7,63915.0,63787.0,63795.0,96.722
1786634100000,63795.0,63866.7,63565.8,63602.2,212.0125
1786635000000,63602.1,63729.1,63581.5,63694.1,110.5144
1786635900000,63694.1,63697.1,63388.0,63388.0,239.1507
1786636800000,63388.1,63487.0,63359.0,63440.5,261.2028
1786637700000,63440.6,63564.0,63286.9,63335.5,248.2835
1786638600000,63335.7,63409.9,62817.2,62963.6,1116.3775
1786639500000,62963.7,63211.7,62900.8,63133.9,535.4174
1786640400000,63133.9,63136.6,63048.3,63106.3,168.9983
1786641300000,63106.3,63232.5,63072.3,63163.7,292.0357
1786642200000,63163.7,63232.5,63083.0,63222.0,54.3616
1786643100000,63222.0,63272.7,63117.8,63117.8,71.5861
1786644000000,63117.9,63268.9,63095.1,63185.8,62.9186
1786644900000,63185.8,63235.4,63094.2,63094.5,169.6498
1786645800000,63097.2,63179.9,63088.0,63179.8,47.5836
1786646700000,63178.7,63342.7,63161.2,63282.3,208.3699
1786647600000,63282.4,63491.5,63282.3,63386.2,312.7547
1786648500000,63386.2,63408.7,63358.9,63397.5,57.7796
1786649400000,63397.5,63420.2,63295.4,63391.9,39.1595
1786650300000,63393.2,63445.4,63350.0,63383.6,55.5564
1786651200000,63383.7,63439.6,63342.2,63394.7,105.3801
1786652100000,63394.7,63436.7,63394.7,63428.1,103.7073
1786653000000,63428.1,63448.7,63379.0,63390.6,50.6743
1786653900000,63390.5,63390.7,63357.0,63387.1,33.899
1786654800000,63387.1,63444.0,63360.2,63406.8,33.0836
1786655700000,63406.9,63428.6,63368.4,63428.5,17.7226
1786656600000,63428.5,63475.5,63416.2,63420.9,116.8669
1786657500000,63421.0,63450.0,63412.1,63450.0,23.6917
1786658400000,63450.0,63607.0,63449.9,63583.1,360.1098
1786659300000,63583.0,63615.6,63546.0,63597.5,64.9197
1786660200000,63597.5,63605.6,63523.8,63530.1,28.9559
1786661100000,63530.2,63536.2,63500.0,63500.0,44.5826
1786662000000,63500.1,63511.9,63423.1,63452.9,65.3649
1786662900000,63452.8,63468.1,63421.5,63448.9,21.3384
1786663800000,63448.8,63475.7,63416.0,63428.0,65.0216
1786664700000,63428.0,63459.0,63366.2,63459.0,53.2173
1786665600000,63459.7,63483.6,63402.3,63474.4,41.1376
1786666500000,63474.4,63536.2,63397.7,63420.0,54.4724
1786667400000,63420.0,63529.7,63379.2,63497.1,42.9272
1786668300000,63497.0,63532.2,63451.5,63518.7,18.8262
1786669200000,63518.6,63566.7,63456.9,63482.4,51.2252
1786670100000,63482.5,63545.7,63433.0,63461.7,27.6035
1786671000000,63461.6,63541.5,63440.5,63539.6,73.8835
1786671900000,63539.0,63551.9,63500.0,63547.6,56.8017
1786672800000,63547.5,63598.3,63501.9,63539.1,58.7487
1786673700000,63539.2,63562.6,63450.0,63463.9,55.1754
1786674600000,63463.8,63537.3,63463.8,63496.8,46.7414
1786675500000,63496.9,63538.5,63437.1,63437.2,36.4559
1786676400000,63437.1,63471.7,63388.7,63471.5,82.2427
1786677300000,63471.5,63550.0,63435.1,63436.6,99.0386
1786678200000,63436.7,63436.7,63333.0,63356.1,128.1971
1786679100000,63356.2,63356.2,63280.0,63288.9,139.9716
1786680000000,63288.8,63388.3,63246.0,63383.9,166.5301
1786680900000,63383.8,63449.3,63341.2,63395.0,75.4136
1786681800000,63395.0,63405.0,63365.0,63369.9,49.4959
1786682700000,63370.0,63379.6,63340.4,63349.9,44.87
1786683600000,63349.9,63381.2,63303.6,63308.1,81.0564
1786684500000,63308.2,63330.0,63258.5,63300.0,88.8831
1786685400000,63300.1,63350.0,63280.8,63324.1,65.6702
1786686300000,63324.2,63377.3,63321.9,63358.1,39.8653
1786687200000,63358.1,63358.2,63262.3,63266.0,43.3041
1786688100000,63266.0,63292.4,63158.0,63158.1,158.2089
1786689000000,63158.1,63219.6,63148.0,63148.1,94.8705
1786689900000,63148.1,63201.5,62908.1,62944.6,312.1626
1786690800000,62944.7,63059.6,62920.4,63045.9,150.7545
1786691700000,63045.9,63084.8,63042.4,63069.8,87.8329
1786692600000,63069.9,63070.5,62927.8,62991.2,146.6171
1786693500000,62991.2,63003.8,62883.7,62883.8,138.8371
1786694400000,62883.7,62918.5,62859.8,62882.4,165.9963
1786695300000,62885.2,62962.9,62705.6,62750.1,466.8465
1786696200000,62750.1,62854.3,62661.4,62808.4,404.6902
1786697100000,62808.4,62913.9,62785.3,62909.3,210.1447
1786698000000,62909.2,62909.3,62825.2,62849.4,129.5266
1786698900000,62849.5,62921.7,62761.4,62764.8,93.2757
1786699800000,62764.7,62809.4,62710.7,62739.5,133.2953
1786700700000,62739.4,62814.7,62739.4,62763.9,87.8619
1786701600000,62763.9,62838.4,62718.9,62830.7,90.3674
1786702500000,62830.8,62890.4,62813.0,62860.8,92.0892
1786703400000,62860.9,62920.7,62826.6,62845.1,77.7201
1786704300000,62845.2,62866.2,62777.5,62791.0,69.0175
1786705200000,62791.1,62858.5,62782.5,62830.9,67.2599
1786706100000,62830.9,62889.0,62810.0,62863.1,84.5142
1786707000000,62863.2,62909.3,62812.3,62866.9,56.4123
1786707900000,62866.8,62900.3,62824.0,62839.7,47.4252
1786708800000,62839.7,62888.0,62734.6,62799.4,125.3737
1786709700000,62799.4,62865.5,62771.9,62865.5,115.0198
1786710600000,62864.4,62886.5,62733.0,62733.6,70.9158
1786711500000,62733.7,62786.3,62696.4,62708.4,95.2107
1786712400000,62708.4,62729.8,62569.0,62656.1,365.7204
1786713300000,62656.1,62778.3,62609.4,62751.6,172.4884
1786714200000,62751.6,62796.5,62587.6,62690.6,232.4539
1786715100000,62690.7,62726.6,62578.6,62638.0,108.7969
1786716000000,62637.9,62718.8,62570.0,62582.6,120.0376
1786716900000,62582.6,62681.2,62541.9,62649.3,109.8063
1786717800000,62649.3,62780.9,62627.0,62720.0,163.4229
1786718700000,62719.9,62755.5,62512.1,62585.4,189.0235
1786719600000,62585.4,62695.4,62582.4,62678.4,70.3755
1786720500000,62678.4,62828.1,62653.3,62828.1,119.8087
1786721400000,62828.0,63004.5,62763.9,62976.7,370.0034
1786722300000,62976.8,63060.6,62919.2,62957.9,149.069
1786723200000,62957.9,63070.0,62933.4,63012.9,101.5603
1786724100000,63012.8,63128.0,63004.8,63091.2,171.2391
1786725000000,63091.1,63190.0,63066.8,63178.4,113.8003
1786725900000,63178.3,63178.4,63061.5,63107.2,106.0792
1786726800000,63107.3,63150.6,63052.0,63150.6,83.0558
1786727700000,63150.5,63215.0,63133.3,63169.8,93.3882
1786728600000,63169.8,63189.9,63043.5,63078.7,134.5751
1786729500000,63078.8,63092.7,62967.8,62986.8,130.2882
1786730400000,62986.7,63044.8,62920.0,62976.2,92.3736
1786731300000,62976.2,63047.0,62976.1,63005.5,30.7133
1786732200000,63005.6,63011.8,62920.0,62943.7,53.7538
1786733100000,62944.1,62948.2,62860.0,62900.3,83.8123
1786734000000,62900.4,62900.8,62823.0,62831.1,57.8691
1786734900000,62831.1,62909.0,62799.1,62900.3,104.093
1786735800000,62900.4,62955.6,62856.1,62955.6,68.5911
1786736700000,62955.6,62967.2,62912.3,62941.4,79.5071
1786737600000,62938.4,62997.4,62934.9,62943.0,92.0109
1786738500000,62942.9,62960.4,62899.8,62922.5,40.3294
1786739400000,62922.6,62930.3,62881.4,62888.7,35.6021
1786740300000,62888.7,62910.2,62867.6,62878.4,27.6377
1786741200000,62878.4,62913.7,62868.2,62878.7,10.4173
1786742100000,62878.8,62899.1,62857.4,62866.5,25.2585
1786743000000,62866.6,62890.0,62847.0,62859.0,23.7172
1786743900000,62858.9,62901.2,62851.0,62901.1,34.8155
1786744800000,62901.1,62989.7,62806.7,62807.5,29.7249
1786745700000,62807.5,62829.0,62768.8,62800.3,67.9544
1786746600000,62800.2,62860.4,62800.2,62860.0,16.0808
1786747500000,62860.1,62883.4,62845.0,62859.1,22.1938
1786748400000,62859.1,62914.5,62857.6,62901.9,23.8083
1786749300000,62901.9,62925.7,62835.9,62922.5,33.8172
1786750200000,62922.5,63004.9,62873.6,62981.4,39.9339
1786751100000,62981.3,63041.7,62981.3,63014.9,28.524
1786752000000,63015.0,63039.4,62978.0,62990.0,48.1539
1786752900000,62990.1,63009.9,62971.2,62989.0,15.5493
1786753800000,62988.9,63000.7,62973.4,62996.3,7.8325
1786754700000,62996.3,63011.5,62968.0,62992.8,10.7394
1786755600000,62992.8,63007.9,62966.3,62989.4,24.088
1786756500000,62989.5,63016.8,62972.0,63015.8,19.8191
1786757400000,63015.9,63017.0,62988.8,63007.9,34.905
1786758300000,63007.9,63013.8,62993.2,63013.8,11.7778
1786759200000,63013.7,63035.8,63009.5,63029.3,20.041
1786760100000,63029.2,63091.0,63029.2,63075.3,40.0472
1786761000000,63075.3,63110.3,63069.8,63088.6,31.4498
1786761900000,63088.5,63113.4,63088.0,63113.3,37.828
1786762800000,63113.4,63133.7,63102.0,63125.0,34.2149
1786763700000,63125.0,63164.3,63057.5,63065.9,66.7038
1786764600000,63065.9,63066.0,63013.2,63039.0,28.6507
1786765500000,63039.0,63051.3,63010.2,63023.3,18.9603
1786766400000,63023.2,63075.9,63023.2,63075.6,20.8774
1786767300000,63075.7,63101.9,63062.4,63100.7,29.0307
1786768200000,63100.7,63120.4,63095.7,63119.9,24.7023
1786769100000,63120.0,63124.6,63090.4,63090.4,24.24
1786770000000,63090.4,63124.3,63090.4,63124.2,34.7723
1786770900000,63124.2,63128.5,63096.0,63096.1,27.3732
1786771800000,63096.0,63096.8,63025.8,63049.8,37.343
1786772700000,63049.8,63055.0,63010.0,63054.3,20.4817
1786773600000,63054.3,63063.3,63010.0,63010.1,16.9196
1786774500000,63010.1,63041.7,62988.9,63009.9,41.626
1786775400000,63010.0,63056.0,62989.5,63041.9,15.7329
1786776300000,63041.8,63106.5,63041.8,63084.2,25.6327
1786777200000,63084.2,63100.7,63037.4,63100.6,62.3381
1786778100000,63100.7,63100.7,63047.6,63047.7,23.209
1786779000000,63047.6,63074.3,63039.7,63050.3,13.952
1786779900000,63050.3,63050.4,63012.2,63048.3,27.5271
1786780800000,63048.3,63056.6,63025.9,63025.9,15.2955
1786781700000,63025.9,63039.5,63023.6,63025.4,22.5351
1786782600000,63025.4,63025.7,62988.8,62989.9,43.2042
1786783500000,62989.9,63032.0,62902.4,62902.5,243.1455
1786784400000,62902.4,62945.7,62887.9,62933.8,58.0324
1786785300000,62933.9,62957.5,62928.3,62957.0,15.8202
1786786200000,62957.0,62996.2,62928.6,62992.1,153.6951
1786787100000,62992.0,63025.4,62992.0,62999.5,23.889
1786788000000,62999.4,63009.0,62971.2,62991.9,41.5916
1786788900000,62991.9,62994.7,62991.9,62994.7,13.8362
1786789800000,62994.6,63015.5,62983.5,63005.7,11.0804
1786790700000,63005.7,63023.9,62993.8,63012.9,36.1565
1786791600000,63012.9,63013.0,62994.3,62994.3,13.7261
1786792500000,62994.3,63016.1,62994.2,63005.2,16.0493
1786793400000,63005.3,63023.1,63001.1,63023.0,15.6235
1786794300000,63023.0,63032.6,62964.8,62991.2,28.8393
1786795200000,62991.2,62995.0,62959.7,62959.7,28.8588
1786796100000,62959.6,62963.8,62951.2,62963.4,18.2992
1786797000000,62963.4,62963.4,62928.4,62928.5,16.7256
1786797900000,62928.5,63030.0,62918.3,63027.8,54.4672
1786798800000,63027.9,63057.1,62998.1,63045.3,56.0564
1786799700000,63045.3,63055.9,63003.6,63007.0,33.2755
1786800600000,63007.0,63020.0,62999.8,63002.3,13.3541
1786801500000,63002.3,63029.0,63002.3,63028.6,13.3857
1786802400000,63028.6,63028.7,63000.0,63017.0,14.9094
1786803300000,63017.0,63017.2,62964.0,63008.7,66.7149
1786804200000,63008.7,63014.0,62947.5,63012.8,18.1788
1786805100000,63012.7,63025.2,63010.7,63010.8,19.7598
1786806000000,63010.9,63015.8,63009.2,63014.0,14.4338
1786806900000,63014.0,63055.6,63000.0,63045.0,34.4578
1786807800000,63044.9,63092.2,63044.2,63081.6,67.4544
1786808700000,63081.5,63081.6,63066.7,63066.8,28.051
1786809600000,63066.8,63086.9,63043.4,63050.1,64.234
1786810500000,63050.1,63092.7,63033.5,63092.6,41.4916
1786811400000,63092.6,63094.9,63060.6,63062.8,38.1549
1786812300000,63062.8,63082.0,63061.7,63066.1,15.8257
1786813200000,63066.1,63069.0,63066.0,63069.0,7.9717
1786814100000,63068.9,63075.7,63033.4,63039.0,39.2027
1786815000000,63039.0,63040.2,63037.4,63038.9,9.8739
1786815900000,63038.9,63039.3,63033.4,63038.8,8.3818
1786816800000,63038.8,63084.0,63033.4,63065.3,10.358
1786817700000,63065.3,63071.0,63016.3,63019.6,26.2761
1786818600000,63019.6,63036.5,63017.6,63017.6,20.2434
1786819500000,63017.7,63027.7,63015.8,63027.7,7.1672
1786820400000,63027.7,63059.0,63027.6,63056.1,21.6251
1786821300000,63056.1,63090.0,63056.1,63068.2,13.8141
1786822200000,63068.3,63091.8,63068.2,63078.9,12.8589
1786823100000,63078.8,63093.8,63078.8,63093.7,11.349
1786824000000,63093.7,63093.8,63045.0,63052.0,12.7054
1786824900000,63052.0,63052.0,63042.4,63050.7,9.8592
1786825800000,63050.6,63074.3,63046.6,63056.0,8.3567
1786826700000,63056.0,63078.0,63056.0,63078.0,10.7266
1786827600000,63078.0,63078.0,63070.6,63077.7,35.7876
1786828500000,63077.7,63117.0,63077.7,63116.8,78.4024
1786829400000,63116.9,63135.0,63108.7,63134.9,39.8427
1786830300000,63134.9,63136.6,63123.7,63125.1,21.6677
1786831200000,63125.1,63136.9,63114.4,63116.1,10.5681
1786832100000,63116.2,63117.6,63099.9,63117.5,9.2606
1786833000000,63117.5,63124.1,63117.5,63122.3,10.8811
1786833900000,63122.2,63143.3,63099.3,63100.5,10.0328
1786834800000,63100.6,63104.7,63073.7,63101.2,17.8125
1786835700000,63101.3,63101.3,63076.7,63079.5,12.9458
1786836600000,63079.5,63079.6,63065.1,63074.8,9.9267
1786837500000,63074.7,63074.8,63055.1,63056.7,15.8588
1786838400000,63056.7,63056.8,63036.1,63042.7,21.5471
1786839300000,63042.6,63043.3,63042.3,63043.2,12.761
1786840200000,63043.2,63047.6,63036.2,63045.4,15.0583
1786841100000,63045.5,63060.7,63037.4,63053.5,8.6821
1786842000000,63053.4,63066.0,63018.0,63022.2,14.7118
1786842900000,63022.2,63046.1,63017.4,63024.9,9.666
1786843800000,63023.8,63035.0,62978.3,63034.9,32.6615
1786844700000,63035.0,63051.5,63019.4,63051.5,29.8052
1786845600000,63051.5,63091.0,62990.2,62996.5,16.5916
1786846500000,62996.6,63090.0,62995.8,63085.0,28.0613
1786847400000,63084.9,63134.5,63082.0,63124.2,22.6485
1786848300000,63124.2,63124.3,63083.5,63095.7,14.8097
1786849200000,63095.6,63098.0,63088.6,63090.8,12.2942
1786850100000,63090.8,63093.9,63089.2,63092.9,8.5504
1786851000000,63092.9,63093.0,63091.1,63092.1,16.4571
1786851900000,63092.1,63098.1,63092.0,63098.0,16.3909
1786852800000,63098.0,63099.2,63090.6,63099.1,17.221
1786853700000,63099.2,63123.9,63099.1,63122.8,28.5131
1786854600000,63122.9,63122.9,63082.0,63089.9,11.4925
1786855500000,63089.8,63093.4,63050.9,63054.8,19.2072
1786856400000,63054.8,63067.7,63039.7,63065.5,15.6983
1786857300000,63065.5,63065.5,63035.6,63037.5,14.5706
1786858200000,63037.4,63050.5,63025.0,63030.1,13.2718
1786859100000,63030.2,63059.9,63007.4,63029.1,37.9042
1786860000000,63029.1,63044.4,63015.7,63016.7,34.325
1786860900000,63016.7,63041.4,63016.7,63041.3,56.8079
1786861800000,63041.3,63041.4,63018.0,63034.7,90.8258
1786862700000,63034.8,63056.2,63034.4,63034.5,48.9136
1786863600000,63034.4,63034.5,63021.8,63021.9,62.7047
1786864500000,63021.9,63034.0,63021.9,63033.2,42.3775
1786865400000,63033.2,63037.6,63030.0,63030.1,55.446
1786866300000,63030.0,63031.5,63024.9,63031.5,61.2961
1786867200000,63031.5,63040.9,63030.3,63030.4,24.8801
1786868100000,63030.4,63070.8,63026.0,63042.3,10.1163
1786869000000,63042.3,63043.8,63031.0,63036.6,7.194
1786869900000,63036.7,63036.8,63036.6,63036.8,11.6448
1786870800000,63036.7,63037.4,63036.7,63036.8,9.263
1786871700000,63036.7,63036.8,63036.7,63036.8,7.8673
1786872600000,63036.8,63036.8,62961.2,62962.5,152.8497
1786873500000,62962.4,62999.9,62936.3,62960.7,101.2337
1786874400000,62960.7,62967.9,62934.8,62958.0,21.4227
1786875300000,62958.0,62987.2,62958.0,62987.0,14.6567
1786876200000,62987.0,62990.6,62978.1,62982.4,26.8171
1786877100000,62982.5,62982.9,62982.3,62982.4,11.3129
1786878000000,62982.3,62982.7,62975.3,62976.3,16.4873
1786878900000,62976.3,62976.4,62947.1,62960.8,15.3388
1786879800000,62960.7,62971.4,62958.0,62965.6,17.1504
1786880700000,62965.6,62984.7,62950.9,62984.6,20.8596
1786881600000,62984.6,62999.4,62984.6,62993.1,18.8411
1786882500000,62993.1,62996.5,62990.2,62991.0,8.9708
1786883400000,62991.1,62991.3,62961.0,62963.7,23.9511
1786884300000,62963.6,62989.0,62963.6,62987.7,12.899
1786885200000,62987.6,63036.1,62987.6,63036.0,30.5931
1786886100000,63035.9,63042.3,63035.0,63036.9,27.0466
1786887000000,63037.0,63039.8,63032.1,63036.9,13.2851
1786887900000,63036.9,63041.0,63032.0,63032.1,11.628
1786888800000,63032.0,63032.1,63010.9,63029.3,10.1348
1786889700000,63029.3,63073.9,63029.3,63045.3,26.4052
1786890600000,63045.2,63072.5,63041.7,63071.0,27.846
1786891500000,63071.1,63071.1,63070.3,63071.0,10.6279
1786892400000,63071.0,63089.7,63070.9,63077.9,37.2347
1786893300000,63077.9,63078.8,63077.8,63078.7,13.1136
1786894200000,63078.8,63109.6,63078.7,63086.0,34.8059
1786895100000,63086.0,63112.3,63085.7,63110.8,19.4916
1786896000000,63110.8,63191.0,63101.0,63179.9,77.8569
1786896900000,63179.8,63326.9,63171.5,63291.4,512.1103
1786897800000,63291.4,63360.0,63259.2,63259.3,135.7747
1786898700000,63259.3,63270.1,63155.2,63229.1,99.2677
1786899600000,63229.1,63246.5,63183.0,63191.8,52.8553
1786900500000,63191.7,63207.0,63152.2,63163.2,90.6385
1786901400000,63163.3,63165.4,63094.9,63094.9,76.749
1786902300000,63094.8,63148.9,63091.0,63128.4,37.4909
1786903200000,63128.4,63140.3,63088.9,63112.9,26.5984
1786904100000,63112.9,63154.6,63112.6,63128.5,33.0871
1786905000000,63128.5,63128.6,63113.9,63113.9,30.7877
1786905900000,63113.9,63119.7,63113.9,63119.4,26.7073
1786906800000,63119.4,63159.7,63113.7,63147.5,47.87
1786907700000,63147.6,63193.7,63147.5,63190.0,47.0515
1786908600000,63190.1,63204.9,63123.7,63133.3,31.5912
1786909500000,63133.3,63143.7,63069.8,63079.6,82.4047
1786910400000,63079.9,63114.2,63075.0,63104.5,39.0084
1786911300000,63104.5,63104.6,63060.4,63064.7,30.1707
1786912200000,63064.7,63084.0,63014.4,63041.2,102.8129
1786913100000,63041.3,63060.0,62993.7,63040.3,70.2565
1786914000000,63040.3,63051.6,62999.3,63033.1,15.8171
1786914900000,63033.1,63056.7,63000.0,63000.5,26.5205
1786915800000,63000.5,63012.3,62733.4,62908.2,293.0423
1786916700000,62908.3,62952.9,62850.0,62896.7,88.6263
1786917600000,62896.8,62901.7,62766.0,62900.2,99.7736
1786918500000,62900.2,62931.2,62803.6,62820.9,58.3502
1786919400000,62820.9,62850.7,62682.1,62766.0,172.9637
1786920300000,62765.9,62886.1,62700.0,62886.0,97.0356
1786921200000,62886.1,62966.8,62814.6,62814.7,93.1625
1786922100000,62814.6,62889.6,62800.7,62824.2,42.8899
1786923000000,62824.1,62910.0,62800.5,62873.8,33.3336
1786923900000,62873.8,62905.0,62845.0,62876.3,23.3412
1786924800000,62876.3,62905.0,62831.1,62887.7,24.1458
1786925700000,62887.7,62887.7,62737.5,62844.0,89.2478
1786926600000,62844.1,62933.1,62721.0,62924.5,101.0412
1786927500000,62924.6,62924.6,62815.8,62886.1,47.2155
1786928400000,62886.0,63164.9,62868.1,63028.9,282.9743
1786929300000,63028.8,63137.7,63000.0,63098.3,65.9881
1786930200000,63098.3,63224.1,63067.0,63186.7,138.5688
1786931100000,63186.7,63208.5,63080.0,63080.0,53.9792
1786932000000,63080.0,63101.9,63003.2,63052.1,58.294
1786932900000,63052.1,63182.9,63015.9,63154.3,29.9032
1786933800000,63154.3,63332.0,63102.9,63231.5,101.1393
1786934700000,63231.5,63473.2,63222.8,63374.0,347.5911
1786935600000,63373.9,63420.0,63332.6,63386.4,73.1013
1786936500000,63387.0,63393.0,63314.5,63324.6,108.4001
1786937400000,63324.6,63352.6,63314.1,63319.9,35.4111
1786938300000,63319.9,63497.1,63317.0,63402.9,139.8811
1786939200000,63402.9,63497.7,63400.0,63457.9,117.7442
1786940100000,63458.0,63498.2,63421.8,63481.1,65.7249
1786941000000,63481.0,63496.0,63442.3,63465.6,55.6799
1786941900000,63465.6,63555.0,63465.5,63513.3,145.2794
1786942800000,63513.3,63547.0,63418.9,63502.9,161.4738
1786943700000,63502.9,63566.5,63452.0,63461.6,159.2801
1786944600000,63461.7,63475.8,63411.5,63437.2,59.9191
1786945500000,63437.3,63498.2,63426.7,63486.5,96.2122
1786946400000,63486.6,63587.9,63420.0,63548.8,89.5773
1786947300000,63548.7,63563.3,63514.7,63553.4,51.7517
1786948200000,63553.4,63576.8,63535.7,63573.8,57.7406
1786949100000,63573.8,63684.0,63558.6,63631.9,240.4729
1786950000000,63632.0,63632.0,63512.8,63555.2,110.6003
1786950900000,63555.3,63557.9,63500.0,63554.8,86.175
1786951800000,63554.9,63554.9,63508.5,63508.7,39.0056
1786952700000,63508.7,63546.6,63497.2,63497.2,102.9177
1786953600000,63497.2,63550.0,63392.7,63404.8,189.5258
1786954500000,63404.9,63429.1,63378.7,63398.5,132.2258
1786955400000,63398.5,63415.6,63346.8,63346.9,115.0834
1786956300000,63346.9,63384.5,63322.7,63352.1,54.1769
1786957200000,63352.1,63399.0,63352.1,63394.6,66.592
1786958100000,63394.6,63400.0,63303.9,63348.0,46.5337
1786959000000,63348.1,63348.1,63277.7,63280.3,57.4591
1786959900000,63280.4,63293.5,63263.2,63289.7,96.494
1786960800000,63289.6,63315.0,63268.2,63303.7,55.006
1786961700000,63303.7,63423.1,63271.8,63423.0,100.0316
1786962600000,63423.0,63615.0,63363.8,63606.1,273.2435
1786963500000,63607.7,63665.8,63544.6,63659.2,212.8236
1786964400000,63659.3,63682.7,63598.4,63635.2,99.1693
1786965300000,63630.9,63669.3,63610.1,63635.2,92.7785
1786966200000,63635.1,63670.0,63635.1,63666.7,72.8122
1786967100000,63666.6,63749.7,63560.0,63598.0,279.2062
1786968000000,63598.1,63650.0,63555.0,63635.3,109.4241
1786968900000,63635.3,63636.1,63499.8,63551.2,91.4136
1786969800000,63551.1,63616.3,63501.2,63537.5,53.1691
1786970700000,63537.4,63595.4,63521.5,63522.0,131.4651
1786971600000,63521.9,63550.6,63480.2,63534.1,78.6508
1786972500000,63534.1,63534.1,63410.6,63469.0,71.0631
1786973400000,63468.5,63776.6,63447.9,63625.1,424.0238
1786974300000,63625.1,63702.2,63562.1,63643.1,155.3161
1786975200000,63643.1,63720.0,63555.5,63669.8,109.1476
1786976100000,63669.8,63714.3,63558.5,63592.7,130.9504
1786977000000,63592.5,63676.1,63559.2,63589.5,75.1731
1786977900000,63589.5,63877.5,63580.0,63869.8,565.6122
1786978800000,63869.7,63966.5,63829.6,63841.8,484.4177
1786979700000,63841.9,64066.0,63780.0,64018.9,436.2801
1786980600000,64018.5,64096.9,63954.0,64056.0,357.5662
1786981500000,64055.9,64198.7,63995.8,64169.6,510.6679
1786982400000,64169.6,64183.3,64037.0,64043.1,175.4344
1786983300000,64043.1,64112.8,64024.3,64060.5,109.7885
1786984200000,64060.5,64147.2,64036.2,64051.5,63.1245
1786985100000,64051.5,64105.1,64040.6,64084.4,56.0386
1786986000000,64084.5,64100.0,63952.7,63953.2,131.2335
1786986900000,63953.2,64395.2,63942.8,64172.2,748.7328
1786987800000,64172.2,64250.0,64035.5,64189.4,256.1405
1786988700000,64189.4,64311.7,64189.4,64296.1,150.7303
1786989600000,64296.1,64354.6,64247.8,64342.5,124.0698
1786990500000,64342.4,64587.2,64337.5,64449.0,769.6141
1786991400000,64449.1,64478.0,64364.0,64424.2,220.1392
1786992300000,64424.3,64453.6,64378.4,64399.9,159.4237
1786993200000,64399.9,64400.0,64278.4,64297.3,143.707
1786994100000,64297.3,64389.4,64297.3,64369.0,53.8554
1786995000000,64368.4,64390.0,64290.4,64338.8,40.1611
1786995900000,64338.8,64338.8,64251.6,64278.1,49.2739
1786996800000,64277.9,64300.0,64232.4,64282.4,50.5754
1786997700000,64282.4,64409.6,64261.0,64383.4,69.8225
1786998600000,64383.3,64383.4,64319.0,64358.5,85.8905
1786999500000,64358.4,64380.3,64295.8,64359.5,37.6777
1787000400000,64359.5,64409.1,64333.0,64344.7,157.2404
1787001300000,64344.6,64380.3,64297.2,64303.8,54.9277
1787002200000,64303.9,64344.8,64266.1,64305.1,25.4205
1787003100000,64305.0,64362.2,64304.4,64348.1,108.3714
1787004000000,64348.0,64389.3,64275.8,64282.4,27.9767
1787004900000,64282.3,64314.5,64254.6,64262.6,30.227
1787005800000,64262.7,64309.4,64245.8,64273.4,30.6148
1787006700000,64273.5,64288.2,64255.0,64261.7,17.3027
1787007600000,64261.7,64345.4,64253.2,64332.0,69.8928
1787008500000,64332.1,64452.0,64332.0,64452.0,86.8574
1787009400000,64451.9,64531.5,64416.0,64450.0,193.4582
1787010300000,64450.0,64549.7,64442.8,64500.7,112.9415
1787011200000,64500.7,64538.0,64385.6,64412.3,79.3428
1787012100000,64412.4,64474.9,64390.0,64430.7,29.1868
1787013000000,64430.8,64430.8,64354.8,64367.2,29.4843
1787013900000,64367.2,64371.0,64329.5,64354.0,41.1656
1787014800000,64353.9,64356.6,64261.9,64315.8,228.8726
1787015700000,64315.9,64331.2,64271.8,64298.4,30.2115
1787016600000,64298.3,64319.3,64211.8,64249.9,62.4647
1787017500000,64249.9,64250.0,64120.5,64177.8,274.9909
1787018400000,64177.9,64250.0,64151.2,64151.6,134.252
1787019300000,64151.5,64179.5,64125.0,64126.1,75.4159
1787020200000,64126.1,64181.2,64091.5,64093.6,157.666
1787021100000,64093.6,64121.9,64026.2,64073.8,233.4175
1787022000000,64073.9,64108.6,64054.0,64059.1,61.2124
1787022900000,64059.2,64116.5,64051.5,64083.2,297.046
1787023800000,64083.2,64150.0,64010.8,64149.9,90.8738
1787024700000,64150.0,64157.0,64114.0,64147.3,54.8245
1787025600000,64147.4,64147.4,64056.8,64113.0,60.876
1787026500000,64112.9,64134.0,64090.2,64126.1,36.0012
1787027400000,64126.1,64213.5,64126.0,64185.9,117.1773
1787028300000,64185.9,64198.5,64155.0,64185.6,27.1203
1787029200000,64185.6,64247.0,64151.0,64206.6,85.1347
1787030100000,64206.6,64230.3,64182.9,64222.3,26.9361
1787031000000,64222.4,64226.9,64107.9,64219.6,71.6475
1787031900000,64219.7,64219.7,64169.4,64201.3,30.4701
1787032800000,64201.3,64247.0,64130.2,64204.7,43.192
1787033700000,64204.7,64329.8,64204.6,64314.5,147.8789
1787034600000,64314.6,64424.0,64314.6,64406.9,159.9295
1787035500000,64406.7,64410.5,64245.2,64290.0,158.5848
1787036400000,64289.9,64320.8,64253.0,64314.0,42.8348
1787037300000,64313.9,64328.3,64250.2,64250.3,53.122
1787038200000,64250.2,64250.3,64208.8,64220.5,70.0693
1787039100000,64220.4,64240.0,64137.5,64171.0,90.2789
1787040000000,64171.1,64199.6,64058.0,64130.8,93.9697
1787040900000,64130.8,64230.0,64130.8,64186.5,140.4609
1787041800000,64186.6,64312.9,64173.4,64260.6,107.0988
1787042700000,64260.5,64263.4,64210.7,64262.2,51.7632
1787043600000,64262.1,64262.1,64200.5,64211.8,37.5691
1787044500000,64211.9,64211.9,64121.7,64130.4,72.7049
1787045400000,64130.4,64161.6,64110.0,64129.6,58.1844
1787046300000,64129.5,64156.8,64107.1,64144.9,46.6852
1787047200000,64144.0,64199.5,64107.6,64130.3,59.2311
1787048100000,64130.3,64150.1,64100.0,64137.7,27.8817
1787049000000,64137.7,64195.7,64137.6,64160.3,28.8444
1787049900000,64160.3,64182.8,64156.2,64180.4,21.2547
1787050800000,64180.4,64301.7,64163.4,64301.7,139.6394
1787051700000,64301.7,64352.7,64301.6,64340.8,179.4977
1787052600000,64340.8,64368.7,64309.5,64357.0,56.7651
1787053500000,64357.1,64375.3,64306.3,64323.7,72.2518
1787054400000,64323.7,64325.8,64250.0,64267.9,84.4096
1787055300000,64267.8,64305.4,64251.5,64271.1,40.788
1787056200000,64271.2,64271.3,64218.1,64218.1,44.0302
1787057100000,64218.2,64225.5,64189.2,64192.0,47.8675
1787058000000,64192.1,64192.1,64128.0,64160.8,371.7229
1787058900000,64160.7,64175.6,64033.1,64043.0,178.9054
1787059800000,64043.0,64222.0,64015.8,64161.8,228.9975
1787060700000,64161.7,64258.7,64087.2,64191.8,228.5583
1787061600000,64191.8,64348.9,64190.4,64230.0,381.8557
1787062500000,64230.1,65000.0,64220.0,64962.7,1709.5932
1787063400000,64962.7,65019.7,64703.9,64754.2,787.3084
1787064300000,64754.3,64816.7,64635.7,64688.4,260.9949
1787065200000,64688.4,64781.9,64616.8,64709.7,184.2607
1787066100000,64709.7,64808.9,64687.5,64770.1,106.3693
1787067000000,64770.1,64843.7,64749.4,64785.2,99.7773
1787067900000,64785.0,64861.7,64768.4,64825.8,79.4526
1787068800000,64826.0,64863.0,64713.1,64717.8,243.3341
1787069700000,64717.8,64732.8,64660.9,64674.6,175.5511
1787070600000,64674.6,64791.5,64641.4,64759.5,137.4089
1787071500000,64759.4,64841.7,64750.1,64805.6,74.4056
1787072400000,64805.6,64806.0,64743.2,64773.8,68.9145
1787073300000,64773.7,64799.0,64707.5,64798.2,44.9511
1787074200000,64798.2,64800.0,64683.9,64693.1,59.3473
1787075100000,64693.1,64702.5,64638.7,64638.8,104.4829
1787076000000,64638.8,64710.8,64625.9,64706.5,46.7767
1787076900000,64706.6,64781.6,64696.2,64766.2,42.5715
1787077800000,64766.3,64795.0,64727.9,64732.9,46.6324
1787078700000,64732.9,64774.0,64723.5,64746.6,25.5325
1787079600000,64746.7,64746.7,64683.7,64691.6,21.7715
1787080500000,64691.6,64770.7,64674.2,64748.2,46.4344
1787081400000,64748.2,64754.0,64648.4,64648.4,53.4242
1787082300000,64648.4,64658.8,64612.5,64619.0,53.4272
1787083200000,64619.1,64645.0,64559.1,64627.8,74.0383
1787084100000,64627.8,64628.0,64582.0,64583.4,163.1971
1787085000000,64583.4,64625.5,64570.0,64577.5,28.5024
1787085900000,64577.6,64617.5,64537.0,64548.4,46.6297
1787086800000,64548.4,64649.6,64548.3,64598.3,39.5121
1787087700000,64598.3,64630.0,64575.9,64596.6,23.0583
1787088600000,64596.6,64608.0,64538.0,64554.6,66.1665
1787089500000,64554.5,64583.6,64538.1,64577.8,95.2938
1787090400000,64577.9,64588.2,64538.5,64542.6,113.9629
1787091300000,64542.6,64583.5,64534.0,64567.5,26.9354
1787092200000,64567.6,64624.9,64564.9,64609.6,50.0231
1787093100000,64609.7,64610.8,64571.8,64610.8,22.9561
1787094000000,64610.7,64686.8,64601.2,64668.3,119.5743
1787094900000,64668.3,64717.4,64658.5,64695.0,52.8408
1787095800000,64695.1,64751.5,64691.9,64743.8,50.0568
1787096700000,64743.7,64743.7,64694.9,64695.7,29.348
1787097600000,64695.7,64709.3,64552.4,64552.5,52.8117
1787098500000,64552.5,64641.0,64512.3,64573.2,74.9557
1787099400000,64573.1,64627.9,64513.4,64531.5,26.7973
1787100300000,64531.5,64555.0,64455.0,64460.2,71.4121
1787101200000,64460.2,64538.7,64408.4,64499.0,208.3844
1787102100000,64499.0,64500.0,64415.2,64458.7,32.4088
1787103000000,64458.8,64465.1,64360.9,64390.1,67.5755
1787103900000,64390.1,64416.9,64358.7,64373.4,61.9011
1787104800000,64373.3,64401.4,64316.7,64374.2,215.408
1787105700000,64374.2,64387.8,64315.7,64364.5,89.3082
1787106600000,64364.4,64386.4,64344.6,64360.9,32.7305
1787107500000,64360.8,64398.0,64318.6,64322.1,31.659
1787108400000,64322.1,64338.0,64251.1,64322.6,111.1252
1787109300000,64322.6,64392.9,64321.3,64331.1,60.7531
1787110200000,64331.2,64340.0,64303.3,64311.9,38.0665
1787111100000,64312.0,64350.0,64298.9,64298.9,97.6963
1787112000000,64299.0,64301.9,64266.2,64284.8,51.5697
1787112900000,64284.7,64367.9,64284.7,64329.7,44.7275
1787113800000,64329.6,64343.8,64301.0,64315.9,39.3875
1787114700000,64315.9,64375.5,64273.9,64288.3,53.2922
1787115600000,64288.3,64384.2,64287.9,64373.5,59.822
1787116500000,64373.6,64373.7,64281.4,64327.0,50.0077
1787117400000,64327.1,64361.1,64282.0,64288.8,27.2558
1787118300000,64288.8,64289.0,64203.5,64211.4,80.4328
1787119200000,64211.4,64224.3,64136.8,64152.0,410.7438
1787120100000,64152.0,64280.8,64151.9,64243.5,116.0768
1787121000000,64244.0,64294.0,64227.8,64242.7,59.6987
1787121900000,64242.8,64322.1,64236.0,64316.7,80.2294
1787122800000,64316.8,64350.0,64242.6,64349.7,78.7425
1787123700000,64349.8,64350.0,64282.8,64318.1,58.284
1787124600000,64318.0,64371.6,64310.6,64331.1,120.712
1787125500000,64331.2,64352.7,64267.1,64267.2,53.7617
1787126400000,64267.1,64300.3,64226.9,64226.9,72.492
1787127300000,64227.0,64304.0,64222.0,64263.5,44.1761
1787128200000,64263.6,64483.4,64260.9,64423.3,201.3074
1787129100000,64423.3,64450.0,64388.0,64388.1,76.7529
1787130000000,64388.0,64445.9,64357.3,64357.3,50.6399
1787130900000,64357.4,64391.9,64340.0,64359.2,75.8816
1787131800000,64359.1,64369.9,64328.4,64337.1,75.1773
1787132700000,64337.2,64396.0,64336.0,64393.5,48.625
1787133600000,64393.4,64394.4,64340.0,64362.6,24.466
1787134500000,64362.6,64371.2,64332.4,64371.1,49.8425
1787135400000,64371.1,64403.0,64345.9,64373.7,21.6381
1787136300000,64373.7,64438.4,64368.0,64424.1,33.1805
1787137200000,64424.2,64512.9,64418.0,64472.1,367.9668
1787138100000,64472.1,64499.5,64440.5,64473.2,63.6529
1787139000000,64473.2,64498.5,64431.8,64436.3,33.0331
1787139900000,64436.3,64499.0,64410.0,64478.4,87.4221
1787140800000,64478.5,64499.0,64438.0,64476.6,46.1985
1787141700000,64476.7,64477.3,64451.7,64457.4,23.8472
1787142600000,64459.4,64919.0,64450.2,64916.0,763.5758
1787143500000,64916.0,64965.1,64789.1,64852.8,691.9932
1787144400000,64852.7,64962.2,64757.6,64887.4,627.3204
1787145300000,64887.4,64999.0,64887.1,64976.5,314.5599
1787146200000,64976.5,65188.0,64774.0,65015.1,1316.7558
1787147100000,65015.0,65157.3,64951.3,64981.7,482.9255
1787148000000,64981.7,65400.0,64981.7,65370.0,1154.812
1787148900000,65369.9,65449.9,65280.0,65378.8,451.599
1787149800000,65377.6,65478.8,65310.0,65429.0,382.1087
1787150700000,65429.1,65944.9,65413.8,65890.9,1849.3877
1787151600000,65890.9,66759.9,65854.7,66617.5,2237.4568
1787152500000,66617.8,70385.7,66543.7,68275.7,3922.3901
1787153400000,68275.7,68834.4,67737.9,68649.6,1563.841
1787154300000,68642.5,68656.8,68206.1,68524.8,818.0459
1787155200000,68523.7,68990.0,68500.0,68535.0,614.1368
1787156100000,68535.1,68888.0,68529.1,68873.1,248.5135
1787157000000,68872.8,68873.0,68527.8,68562.1,200.3184
1787157900000,68562.1,68674.7,68386.9,68434.4,162.5558
1787158800000,68434.4,68564.6,68196.9,68218.1,403.4536
1787159700000,68218.1,68293.3,67819.2,67982.4,506.3181
1787160600000,67982.5,68021.1,67801.8,68021.1,183.0008
1787161500000,68021.1,68231.3,68013.6,68168.5,281.1491
1787162400000,68168.5,68228.0,68002.8,68160.7,234.1376
1787163300000,68160.8,68294.3,68146.3,68246.4,114.1737
1787164200000,68246.4,68401.9,68195.0,68401.8,181.8228
1787165100000,68401.8,68423.8,68289.3,68364.2,264.8112
1787166000000,68364.2,68420.3,68076.9,68088.4,168.2588
1787166900000,68088.3,68366.8,68088.3,68149.9,126.9505
1787167800000,68150.0,68375.7,68100.7,68368.9,71.271
1787168700000,68368.9,68454.4,68272.0,68400.1,55.9893
1787169600000,68399.9,68679.9,68354.0,68648.8,283.9137
1787170500000,68648.6,68782.8,68529.4,68670.7,117.2376
1787171400000,68670.6,68765.6,68613.5,68638.3,79.6374
1787172300000,68638.4,69565.2,68587.8,69028.0,692.2397
1787173200000,69028.1,69892.0,68957.7,69399.9,557.5518
1787174100000,69400.0,69739.8,69233.1,69609.5,258.905
1787175000000,69609.5,69810.0,69343.8,69648.4,309.2017
1787175900000,69648.4,70043.3,69475.6,69690.8,310.4685
1787176800000,69690.7,69812.5,69267.2,69267.2,234.1852
1787177700000,69267.2,69383.5,69119.5,69119.6,106.2721
1787178600000,69118.2,69453.9,68961.0,69318.7,232.8116
1787179500000,69318.8,69320.0,69082.4,69230.0,195.2322
1787180400000,69230.0,69384.1,69168.0,69323.9,54.916
1787181300000,69323.8,69428.9,69238.8,69349.8,38.544
1787182200000,69349.8,69400.0,69216.1,69295.3,39.0673
1787183100000,69295.3,69315.0,69101.3,69307.2,134.6299
1787184000000,69307.2,69630.0,69287.1,69541.8,211.2165
1787184900000,69544.0,69770.9,69525.8,69599.1,120.321
1787185800000,69599.2,69663.6,69452.3,69542.3,48.4245
1787186700000,69542.3,69691.6,69350.0,69393.8,83.851
1787187600000,69394.2,69486.6,69258.0,69346.1,55.0783
1787188500000,69346.7,69417.4,69248.3,69302.9,55.8222
1787189400000,69303.0,69614.9,69267.7,69609.3,81.5058
1787190300000,69609.2,69859.0,69609.2,69692.0,147.4931
1787191200000,69692.0,69798.3,69548.9,69660.5,263.8674
1787192100000,69658.9,69684.0,69461.7,69485.1,66.3433
1787193000000,69485.1,69526.7,69300.0,69300.0,88.3986
1787193900000,69300.1,69348.5,69250.0,69284.6,64.7899
1787194800000,69283.5,69290.8,68883.6,68973.7,248.0132
1787195700000,68973.7,69188.3,68928.9,68956.4,119.4575
1787196600000,68956.3,69190.0,68928.0,69179.0,87.7941
1787197500000,69179.1,69331.9,69148.9,69179.4,108.7434
1787198400000,69179.4,69371.1,69150.4,69360.6,92.9706
1787199300000,69360.5,69390.7,69278.5,69348.1,35.4376
1787200200000,69348.0,69371.2,69222.4,69331.7,33.6959
1787201100000,69334.1,69581.0,69334.1,69476.1,117.0392
1787202000000,69476.0,69546.0,69441.6,69449.1,44.634
1787202900000,69449.0,69651.7,69436.2,69565.6,68.869
1787203800000,69565.6,69615.8,69505.9,69541.9,58.2426
1787204700000,69542.0,69542.0,69344.4,69400.3,54.1435
1787205600000,69401.0,69427.9,69345.7,69363.3,52.7668
1787206500000,69363.3,69681.3,69328.7,69583.9,149.3619
1787207400000,69583.9,69777.4,69575.5,69755.9,124.1584
1787208300000,69755.9,69898.5,69746.3,69831.1,187.4491
1787209200000,69831.1,69990.0,69714.0,69770.0,196.503
1787210100000,69770.0,69770.1,69583.7,69660.2,278.8969
1787211000000,69660.1,69661.5,69481.2,69605.1,113.5928
1787211900000,69605.1,69816.5,69550.1,69816.4,83.9784
1787212800000,69816.4,71362.0,69774.2,71288.1,1857.3655
1787213700000,71288.2,71573.8,70995.1,71324.8,580.0009
1787214600000,71324.3,71644.2,71158.2,71480.4,461.7719
1787215500000,71480.3,71789.9,71412.5,71558.5,618.4347
1787216400000,71558.4,71944.2,71460.8,71909.9,527.5952
1787217300000,71909.9,72051.2,71717.0,71800.0,402.6294
1787218200000,71800.0,72030.0,71717.0,71971.7,157.7245
1787219100000,71971.8,72000.0,71666.9,71783.9,222.7549
1787220000000,71781.1,72146.8,71690.0,72121.5,256.8214
1787220900000,72121.5,72461.1,71958.0,72011.3,728.6663
1787221800000,72011.3,72016.0,71731.5,71782.3,195.3957
1787222700000,71782.4,71971.4,71782.3,71971.3,74.2317
1787223600000,71972.0,72117.8,71812.3,71960.2,201.4381
1787224500000,71960.1,72010.0,71838.2,71862.2,100.0181
1787225400000,71862.3,72296.7,71833.5,72116.8,359.8275
1787226300000,72116.8,72245.0,71780.0,71891.4,156.7783
1787227200000,71891.8,71967.7,71471.8,71764.6,325.2812
1787228100000,71764.7,71856.1,71656.0,71809.4,129.6866
1787229000000,71809.4,71973.1,71628.0,71645.9,196.977
1787229900000,71645.9,71926.5,71476.5,71921.8,237.0508
1787230800000,71921.7,72055.0,71860.7,72029.0,140.4103
1787231700000,72028.9,72028.9,71832.0,71925.1,83.2403
1787232600000,71927.1,71929.1,71150.0,71639.9,487.8094
1787233500000,71639.9,71806.3,71401.0,71649.9,164.7166
1787234400000,71649.9,71950.0,71565.8,71782.2,140.285
1787235300000,71784.0,71793.4,71326.0,71413.6,142.8572
1787236200000,71413.6,71677.5,71380.0,71511.8,75.7867
1787237100000,71511.4,71793.0,71380.0,71790.5,107.7349
1787238000000,71790.5,72530.0,71755.1,72210.6,656.1605
1787238900000,72210.9,72379.2,71944.4,72374.3,260.9939
1787239800000,72374.2,72800.9,72142.8,72206.8,506.5887
1787240700000,72206.9,72532.5,72137.0,72433.2,199.023
1787241600000,72432.2,72491.1,72204.9,72279.0,108.3526
1787242500000,72278.9,72394.3,72173.3,72377.8,78.3133
1787243400000,72377.7,72664.5,72249.6,72603.6,173.333
1787244300000,72601.7,72861.6,72488.6,72800.1,220.6019
1787245200000,72806.0,72845.7,72504.7,72654.0,200.0979
1787246100000,72654.0,72795.8,72529.5,72770.2,66.6738
1787247000000,72770.2,72831.3,72633.1,72720.1,91.4987
1787247900000,72720.2,72933.0,72610.5,72705.0,186.987
1787248800000,72701.0,72778.0,72430.7,72575.8,173.009
1787249700000,72575.9,72700.5,72460.1,72650.0,74.3446
1787250600000,72650.1,72665.0,72354.4,72465.4,91.9258
1787251500000,72467.2,72588.0,72376.7,72391.4,57.6368
1787252400000,72391.5,72470.0,72300.0,72447.3,69.1112
1787253300000,72447.4,72598.1,72440.5,72563.8,60.4862
1787254200000,72563.7,72739.6,72503.2,72676.0,57.2292
1787255100000,72676.0,72709.3,72543.5,72610.1,43.2184
1787256000000,72637.3,72750.6,72556.5,72660.0,55.3135
1787256900000,72660.1,72879.9,72589.7,72791.5,107.1536
1787257800000,72791.5,73030.4,72664.9,72730.2,252.8879
1787258700000,72731.1,72746.2,72554.9,72636.9,75.0761
1787259600000,72636.9,72698.8,72517.6,72664.1,65.0615
1787260500000,72664.1,72815.2,72610.4,72624.9,80.94
1787261400000,72624.9,72797.6,72620.8,72707.7,52.5318
1787262300000,72707.8,72740.6,72666.0,72702.9,20.0607
1787263200000,72703.0,72719.6,72456.0,72572.3,55.1941
1787264100000,72572.3,72797.4,72520.1,72757.5,63.5173
1787265000000,72757.4,72771.8,72640.0,72653.6,21.9914
1787265900000,72653.5,72843.8,72621.2,72645.1,54.3223
1787266800000,72645.2,72900.4,72623.2,72900.4,38.9057
1787267700000,72900.4,73353.1,72800.7,73176.6,429.9326
1787268600000,73179.4,73362.8,73039.1,73073.5,1456.0991
1787269500000,73073.6,73122.9,72953.6,72996.2,4190.3183
1787270400000,72996.2,73473.0,72992.1,73460.0,323.9264
1787271300000,73459.5,73864.1,73313.0,73689.3,492.8911
1787272200000,73689.3,73959.0,73474.0,73656.8,306.4377
1787273100000,73659.7,73824.5,73555.0,73674.8,129.1636
1787274000000,73674.8,73969.9,73631.2,73956.0,158.1179
1787274900000,73957.0,74828.1,73916.8,74700.0,942.3266
1787275800000,74700.1,74999.0,74507.9,74706.1,412.255
1787276700000,74706.5,75760.6,74670.0,75101.8,886.7876
1787277600000,75101.8,75172.0,74648.9,74849.6,486.4639
1787278500000,74851.6,74964.0,74625.2,74946.0,136.3436
1787279400000,74946.1,75056.4,74562.8,74689.1,187.0092
1787280300000,74699.2,74700.0,74347.3,74411.7,153.6563
1787281200000,74411.6,74495.0,74218.0,74422.4,107.3522
1787282100000,74422.6,74610.9,74281.5,74576.1,124.6529
1787283000000,74576.1,74688.0,74408.6,74642.1,116.7164
1787283900000,74641.3,74849.8,74461.3,74484.3,186.249
1787284800000,74484.4,74866.4,74484.4,74839.1,86.4025
1787285700000,74839.1,74918.7,74748.3,74784.9,105.4296
1787286600000,74784.8,74964.7,74745.6,74923.9,85.6928
1787287500000,74924.0,75014.9,74843.4,74995.4,89.8436
1787288400000,74995.8,75315.0,74879.6,75287.8,299.4118
1787289300000,75287.7,75463.7,75025.4,75170.2,191.4544
1787290200000,75169.9,75360.0,75068.4,75246.5,73.5233
1787291100000,75249.2,75438.5,75183.7,75437.9,187.4907
1787292000000,75438.0,75497.7,75235.6,75256.8,106.5566
1787292900000,75256.9,75482.1,75069.0,75306.0,210.6478
1787293800000,75306.0,75707.0,75274.4,75354.2,221.8514
1787294700000,75354.5,75614.8,75254.0,75611.5,177.8713
1787295600000,75611.5,75984.9,75578.8,75939.1,600.9301
1787296500000,75939.2,76881.8,75902.8,76373.8,1350.7948
1787297400000,76373.8,76770.3,76257.2,76574.2,486.3207
1787298300000,76574.0,76624.5,76217.1,76323.5,228.4075
1787299200000,76323.3,77189.3,76260.5,76881.2,711.3224
1787300100000,76881.2,77387.3,76800.0,77219.8,503.73
1787301000000,77219.8,77793.2,77155.2,77632.7,597.5404
1787301900000,77632.6,79542.6,77561.9,79276.5,1544.205
1787302800000,79276.1,79365.0,77264.0,77879.2,1338.3191
1787303700000,77878.9,77943.7,77462.9,77707.5,328.7958
1787304600000,77707.6,78342.9,77609.5,78177.3,312.7182
1787305500000,78179.2,78350.0,77579.1,77901.9,281.9589
1787306400000,77901.9,78099.7,77607.6,78039.9,221.1756
1787307300000,78038.6,78234.8,77656.7,77915.2,186.1553
1787308200000,77915.2,77958.9,77610.3,77832.8,130.1963
1787309100000,77832.7,77989.0,77729.1,77805.6,112.6687
1787310000000,77804.8,77844.1,77305.7,77548.7,190.6966
1787310900000,77548.7,77689.0,77238.9,77417.6,223.8406
1787311800000,77417.7,77447.1,76426.6,76846.9,731.563
1787312700000,76845.7,77052.6,76612.9,76752.3,238.086
1787313600000,76752.2,77019.8,76551.0,76941.1,199.4225
1787314500000,76941.1,76941.3,76657.4,76700.2,78.6575
1787315400000,76700.0,77454.3,76643.3,77429.4,296.5224
1787316300000,77429.6,77481.0,77109.9,77226.1,137.7703
1787317200000,77228.1,77396.7,77038.4,77198.1,116.8596
1787318100000,77198.2,77218.1,76850.0,77100.2,177.5303
1787319000000,77100.2,77326.1,76250.0,77299.8,630.0415
1787319900000,77299.8,77703.3,77125.0,77250.2,354.3688
1787320800000,77250.0,77256.7,76700.0,76760.4,347.6395
1787321700000,76760.4,77192.3,76542.3,77132.4,319.4654
1787322600000,77132.4,77229.8,76856.0,77150.6,95.4855
1787323500000,77146.2,77444.0,77119.4,77385.3,204.355
1787324400000,77385.4,77794.2,77320.0,77700.8,194.2936
1787325300000,77703.4,77864.4,77512.8,77607.3,182.1703
1787326200000,77607.3,77742.2,77469.7,77499.1,61.0319
1787327100000,77499.1,77544.4,77161.3,77222.7,165.215
1787328000000,77221.9,77312.7,76851.0,76851.2,174.4062
1787328900000,76879.9,77383.0,76789.3,77382.8,152.9508
1787329800000,77383.0,77390.0,77222.7,77344.6,75.2791
1787330700000,77344.0,77537.5,77297.0,77461.6,94.702
1787331600000,77461.6,77700.9,77444.4,77544.8,89.7594
1787332500000,77544.7,77548.3,77177.7,77548.2,123.5816
1787333400000,77548.3,77641.5,77322.8,77357.0,77.6806
1787334300000,77366.6,77500.0,77300.6,77377.9,93.468
1787335200000,77378.4,77527.2,77258.1,77303.6,51.4269
1787336100000,77303.5,77479.4,77240.0,77372.4,42.9795
1787337000000,77372.5,77431.7,76834.9,76936.4,121.6762
1787337900000,76918.9,77116.0,76617.2,77115.8,201.036
1787338800000,77116.0,77161.6,76822.6,77108.3,104.4028
1787339700000,77108.4,77305.2,76932.4,77293.4,57.9201
1787340600000,77293.4,77325.2,77057.7,77139.3,39.315
1787341500000,77139.4,77212.5,76979.9,76993.5,53.1472
1787342400000,76993.5,77266.3,76833.0,77240.9,77.9015
1787343300000,77241.0,77500.0,77240.9,77455.6,117.9023
1787344200000,77455.8,77490.0,77310.6,77436.4,54.7295
1787345100000,77436.5,77520.0,77270.5,77480.4,76.9917
1787346000000,77480.6,77784.8,77332.9,77652.3,79.4063
1787346900000,77652.2,78186.5,77555.0,78067.0,240.9946
1787347800000,78069.6,78484.3,77961.0,78220.2,327.6288
1787348700000,78220.1,78656.0,78192.4,78491.0,268.6069
1787349600000,78490.9,78744.0,78155.8,78726.0,209.3494
1787350500000,78728.2,78728.2,78322.7,78486.0,145.8155
1787351400000,78487.5,78565.5,78084.4,78495.3,148.3839
1787352300000,78492.0,78601.4,78232.0,78436.7,70.5107
1787353200000,78438.5,78600.0,78315.1,78522.2,145.2051
1787354100000,78522.2,78698.9,78334.8,78384.1,195.8123
1787355000000,78384.2,78491.6,78114.8,78355.1,113.7257
1787355900000,78355.3,78385.0,78102.3,78312.1,45.9425
1787356800000,78310.1,78480.0,77699.8,77891.5,266.3807
1787357700000,77891.5,78080.0,77834.2,77895.4,65.5229
1787358600000,77895.4,78033.6,77726.8,77813.8,150.5264
1787359500000,77813.8,77966.4,77658.9,77921.9,71.7331
1787360400000,77922.5,78159.8,77864.4,78082.0,192.9335
1787361300000,78081.9,78144.2,77863.3,77988.9,60.9504
1787362200000,77988.9,78218.8,77865.2,77891.2,81.827
1787363100000,77891.1,77989.4,77787.8,77804.7,90.439
1787364000000,77804.7,78097.6,77762.5,78028.1,33.4989
1787364900000,78027.9,78452.4,78013.3,78360.4,104.9689
1787365800000,78360.2,78493.3,78138.9,78487.8,70.7522
1787366700000,78487.9,78543.1,78287.9,78468.8,76.6903
1787367600000,78468.7,78688.2,78350.0,78377.1,107.7651
1787368500000,78377.1,78774.9,78346.8,78744.5,116.6838
1787369400000,78744.3,78810.3,78537.0,78630.3,78.7348
1787370300000,78630.4,78678.4,78371.7,78393.3,93.378
1787371200000,78393.3,78466.3,78232.7,78380.1,95.735
1787372100000,78380.0,78578.5,78183.1,78574.7,89.5547
1787373000000,78574.6,78798.7,78499.7,78644.4,131.8492
1787373900000,78644.1,78700.0,78452.8,78454.1,45.3075
1787374800000,78452.8,78575.6,76533.5,77310.9,488.972
1787375700000,77310.9,77528.4,76732.8,77297.1,255.5197
1787376600000,77297.0,77562.6,76909.6,77176.1,243.6488
1787377500000,77176.0,77497.8,77053.8,77368.1,257.5719
1787378400000,77368.3,77436.0,77137.6,77160.2,87.1945
1787379300000,77160.1,77380.0,77160.1,77234.8,54.706
1787380200000,77234.7,77551.4,76977.6,77388.1,113.8543
1787381100000,77388.2,77532.2,77370.4,77475.6,90.5496
1787382000000,77475.5,77650.0,77261.6,77365.0,116.7187
1787382900000,77365.2,77474.8,77200.9,77469.7,73.4934
1787383800000,77469.6,77492.1,77280.5,77399.6,67.9874
1787384700000,77399.6,77420.0,77260.0,77280.4,41.6651
1787385600000,77282.3,77414.3,77175.1,77410.2,76.0265
1787386500000,77411.6,77424.5,77091.7,77200.3,46.5524
1787387400000,77200.2,77306.3,77016.0,77276.2,107.5391
1787388300000,77275.6,77294.7,77096.1,77190.4,46.6818
1787389200000,77190.4,77355.3,77037.9,77355.3,90.969
1787390100000,77355.4,77374.3,77143.4,77189.1,44.3656
1787391000000,77189.1,77235.5,77130.1,77183.6,31.9348
1787391900000,77183.5,77183.5,76818.2,77048.2,175.0045
1787392800000,77048.2,77059.7,76669.0,76700.8,181.4043
1787393700000,76699.6,76950.4,76517.8,76927.8,273.1128
1787394600000,76929.1,77171.9,76860.6,77161.7,171.7627
1787395500000,77161.7,77191.6,76893.1,76975.2,82.8943
1787396400000,76974.9,77065.8,76819.0,76859.9,76.8235
1787397300000,76859.7,76992.6,76810.0,76982.2,40.8134
1787398200000,76982.5,77196.6,76944.8,77179.0,80.3662
1787399100000,77179.0,77220.6,77071.3,77131.9,48.3536
1787400000000,77131.9,77278.0,77080.0,77242.4,63.1524
1787400900000,77242.4,77339.8,77200.0,77324.6,67.1103
1787401800000,77324.6,77351.6,77204.9,77340.1,54.8081
1787402700000,77340.1,77390.0,77250.0,77289.3,38.0121
1787403600000,77289.3,77310.0,77173.1,77214.6,56.6275
1787404500000,77214.6,77250.0,77113.2,77169.5,35.7348
1787405400000,77169.5,77199.9,77104.9,77159.0,73.0083
1787406300000,77159.0,77373.3,77142.6,77287.5,66.5498
1787407200000,77287.5,77319.8,76975.0,77035.5,145.6334
1787408100000,77035.5,77102.5,76962.5,77102.5,107.8523
1787409000000,77102.5,77168.7,76956.9,76965.2,92.4087
1787409900000,76965.3,77080.9,76929.2,77013.6,36.2654
1787410800000,77013.6,77100.0,76945.8,76947.0,71.1076
1787411700000,76947.0,77027.2,76882.0,76991.3,118.6385
1787412600000,76991.2,77110.4,76988.3,77062.5,32.9241
1787413500000,77062.4,77102.8,76915.0,76987.0,57.1036
1787414400000,76987.0,77089.6,76966.5,77062.9,35.3987
1787415300000,77062.9,77248.9,77053.4,77202.3,98.9259
1787416200000,77202.2,77479.0,77187.0,77399.8,110.1744
1787417100000,77399.7,77556.8,77292.9,77292.9,141.1582
1787418000000,77292.9,77343.0,77252.4,77290.5,55.2065
1787418900000,77290.5,77353.7,77081.9,77097.9,83.6835
1787419800000,77097.8,77230.9,77097.8,77228.3,80.3683
1787420700000,77229.1,77380.8,77229.1,77283.1,46.075
1787421600000,77283.1,77363.9,77219.2,77245.3,24.4345
1787422500000,77245.4,77355.3,77245.3,77303.6,14.7197
1787423400000,77303.6,77334.5,77227.0,77227.0,32.5324
1787424300000,77227.1,77277.9,77138.2,77268.3,68.8685
1787425200000,77268.4,77345.0,77205.6,77330.3,16.7769
1787426100000,77330.3,77349.9,77254.5,77287.3,13.5922
1787427000000,77287.2,77430.0,77283.4,77430.0,17.3053
1787427900000,77429.8,77476.3,77407.3,77415.2,30.9833
1787428800000,77415.2,77460.0,77364.2,77412.1,58.6182
1787429700000,77412.0,77432.9,77299.5,77299.5,22.4368
1787430600000,77299.5,77420.8,77264.9,77366.6,18.6841
1787431500000,77366.6,77384.0,77270.4,77320.8,12.2376
1787432400000,77320.9,77320.9,77031.9,77051.2,139.7486
1787433300000,77051.2,77213.3,77051.1,77183.2,27.8827
1787434200000,77183.2,77206.2,76922.0,77037.8,55.9206
1787435100000,77037.6,77037.8,76823.5,76858.0,90.0012
1787436000000,76858.0,77160.0,76777.0,77106.1,98.2919
1787436900000,77106.0,77162.2,77043.2,77051.7,37.1177
1787437800000,77051.7,77077.0,76900.0,77048.9,57.911
1787438700000,77054.0,77148.4,76960.8,77002.1,38.5313
1787439600000,77002.0,77092.4,76944.0,76986.0,19.5669
1787440500000,76986.0,77031.4,76949.4,76953.4,25.4259
1787441400000,76953.4,77044.5,76900.8,77021.1,25.0764
1787442300000,77021.1,77141.6,77011.0,77077.9,31.4085
1787443200000,77077.6,77153.9,77062.0,77086.6,17.3927
1787444100000,77086.6,77261.8,77056.4,77234.4,29.6675
1787445000000,77232.9,77359.6,77223.2,77282.5,43.2049
1787445900000,77282.5,77357.6,77255.4,77303.6,30.0846
1787446800000,77303.6,77400.0,77177.0,77399.8,28.0014
1787447700000,77400.0,77400.0,77261.0,77275.7,22.9743
1787448600000,77275.6,77325.9,77174.9,77259.2,29.2052
1787449500000,77259.1,77333.0,77162.0,77192.4,17.636
1787450400000,77192.5,77226.0,77060.9,77060.9,21.0683
1787451300000,77061.1,77135.0,77018.5,77119.8,49.8381
1787452200000,77119.7,77211.8,77112.7,77180.6,24.0857
1787453100000,77180.6,77215.5,77049.0,77076.7,17.4438
1787454000000,77076.7,77122.1,77014.0,77087.7,38.0221
1787454900000,77087.8,77154.2,76988.9,76988.9,30.4454
1787455800000,76988.9,77001.6,76838.2,76858.7,66.9832
1787456700000,76858.8,76999.2,76858.8,76945.8,52.625
1787457600000,76946.0,77038.1,76728.6,77008.4,104.5087
1787458500000,77008.3,77044.2,76800.0,76968.5,99.6353
1787459400000,76968.6,76978.7,76815.4,76827.3,60.7751
1787460300000,76827.2,76830.2,76496.3,76610.4,290.1469
1787461200000,76610.3,76742.8,75853.2,75876.0,513.9065
1787462100000,75895.8,76331.3,75588.0,76236.8,468.3785
1787463000000,76236.9,76345.0,76103.9,76173.9,100.6945
1787463900000,76173.9,76259.2,76027.2,76061.9,79.6575
1787464800000,76062.0,76166.6,75888.0,76089.4,107.0281
1787465700000,76089.6,76312.5,76079.2,76239.8,80.82
1787466600000,76239.9,76363.3,76180.0,76266.6,94.6329
1787467500000,76266.6,76284.0,76032.1,76105.5,52.2066
1787468400000,76105.5,76333.2,76030.3,76304.9,49.6073
1787469300000,76304.9,76354.9,76227.5,76227.5,29.8819
1787470200000,76227.5,76235.7,76052.7,76059.4,36.0758
1787471100000,76059.2,76159.8,75919.3,76020.5,76.1945
1787472000000,76020.6,76299.7,75968.1,76209.2,90.9498
1787472900000,76209.2,76305.2,76201.4,76239.3,52.589
1787473800000,76242.6,76648.7,76226.0,76526.2,136.2589
1787474700000,76526.1,76624.3,76417.2,76487.1,70.189
1787475600000,76487.3,76642.2,76470.9,76586.0,49.4676
1787476500000,76585.9,76610.0,76474.9,76554.4,49.9451
1787477400000,76554.4,76579.8,76470.6,76565.5,25.0802
1787478300000,76565.5,76647.9,76506.7,76541.3,35.5698
1787479200000,76541.2,76733.1,76534.7,76650.6,83.374
1787480100000,76650.6,76922.0,76637.8,76756.1,92.829
1787481000000,76756.1,76930.9,76740.0,76850.2,114.3988
1787481900000,76850.1,76900.0,76769.3,76778.8,109.5286
1787482800000,76778.8,76878.0,76730.0,76875.0,28.7453
1787483700000,76875.2,77317.9,76811.3,77153.9,346.0377
1787484600000,77154.0,77374.8,77116.9,77265.3,98.8626
1787485500000,77265.5,77371.3,77163.0,77293.4,73.6763
1787486400000,77293.4,77299.5,77001.0,77071.1,94.8157
1787487300000,77071.1,77150.0,77010.0,77034.5,52.122
1787488200000,77034.4,77243.7,77010.0,77227.8,45.2938
1787489100000,77228.0,77254.4,77147.8,77196.4,55.1755
1787490000000,77196.4,77328.3,77181.4,77320.2,46.5883
1787490900000,77320.2,77767.8,77320.2,77416.2,378.1703
1787491800000,77422.1,77601.9,77333.1,77504.9,107.2086
1787492700000,77504.9,77551.6,77358.6,77463.9,78.9699
1787493600000,77463.9,77598.0,77305.2,77534.2,134.3588
1787494500000,77534.3,77628.7,77398.5,77431.8,69.7934
1787495400000,77431.9,77473.3,76793.9,76997.0,305.0612
1787496300000,76997.0,77294.5,76996.9,77171.4,183.5452
1787497200000,77171.5,77310.0,77051.0,77139.2,107.9494
1787498100000,77139.2,77220.1,76906.8,77177.0,146.1059
1787499000000,77177.0,77291.0,77108.0,77247.3,124.3827
1787499900000,77247.3,77247.3,77107.6,77126.8,90.7844
1787500800000,77126.9,77265.6,77126.8,77248.9,61.6716
1787501700000,77248.9,77306.7,77185.9,77300.0,128.6874
1787502600000,77300.0,77421.6,77287.3,77358.2,127.6282
1787503500000,77358.1,77448.9,77319.9,77392.8,77.2766
1787504400000,77392.8,77421.0,77124.2,77262.0,98.7336
1787505300000,77262.1,77366.9,77162.2,77235.7,78.328
1787506200000,77235.8,77289.6,77126.6,77216.7,59.5445
1787507100000,77216.7,77303.7,77163.3,77163.3,98.055
1787508000000,77163.3,77383.6,77080.0,77317.3,90.4551
1787508900000,77317.1,77381.0,77240.0,77322.5,71.0343
1787509800000,77322.5,77342.2,77260.1,77312.3,46.0009
1787510700000,77312.4,77314.8,77237.1,77313.9,40.6206
1787511600000,77313.7,77388.0,77218.9,77293.5,45.7964
1787512500000,77293.3,77368.8,77265.2,77331.3,31.7024
1787513400000,77331.2,77423.0,77223.5,77416.2,27.7484
1787514300000,77416.0,77450.0,77300.8,77310.5,61.1579
1787515200000,77310.5,77311.3,77168.7,77251.4,77.3974
1787516100000,77251.5,77388.9,77244.1,77349.4,44.6108
1787517000000,77351.3,77435.8,77349.1,77400.4,15.0149
1787517900000,77400.6,77444.5,77363.8,77377.4,38.84
1787518800000,77377.4,77680.2,77377.3,77673.1,170.4309
1787519700000,77673.3,78023.0,77655.1,78004.6,287.0744
1787520600000,78004.7,78020.7,77542.8,77614.3,180.9809
1787521500000,77614.3,77850.0,77614.3,77815.2,106.271
1787522400000,77815.2,77965.0,77558.0,77671.7,123.0837
1787523300000,77671.8,77793.4,77610.9,77640.8,42.1883
1787524200000,77640.8,77709.2,77575.0,77626.9,56.0591
1787525100000,77626.9,77690.0,77539.4,77582.1,54.1747
1787526000000,77582.1,77602.5,77270.3,77454.1,184.2343
1787526900000,77454.2,77652.5,77426.8,77643.6,36.7625
1787527800000,77643.7,77799.0,77369.7,77462.0,76.4441
1787528700000,77462.0,77773.3,77459.0,77717.6,124.088
1787529600000,77717.5,77774.1,77482.9,77606.2,62.8906
1787530500000,77606.3,77628.3,77250.0,77414.6,99.3252
1787531400000,77414.6,77575.3,77192.5,77213.1,88.5621
1787532300000,77212.9,77665.2,77135.0,77665.2,134.2523
1787533200000,77665.4,77709.7,77422.8,77423.0,80.2969
1787534100000,77423.0,77450.0,77203.9,77222.2,61.0919
1787535000000,77222.0,77354.2,77150.0,77194.7,80.4616
1787535900000,77194.8,77249.1,76879.9,76893.2,261.4518
1787536800000,76893.0,77400.0,76856.5,77349.4,151.5943
1787537700000,77349.5,77493.1,77349.5,77428.7,128.651
1787538600000,77428.7,77529.6,77380.1,77424.2,56.8546
1787539500000,77424.2,77520.0,77220.6,77459.7,42.5194
1787540400000,77459.5,77512.5,77195.3,77196.8,32.0871
1787541300000,77196.6,77286.8,77107.8,77107.8,52.0072
1787542200000,77108.0,77161.1,76951.6,76972.0,69.3231
1787543100000,76972.0,77146.9,76917.9,76926.8,98.89
1787544000000,76926.8,77088.7,76926.8,77016.7,77.1956
1787544900000,77016.8,77243.4,77016.3,77215.0,38.2074
1787545800000,77215.0,77228.0,77058.5,77106.5,49.9938
1787546700000,77106.5,77127.2,76666.0,76893.7,177.2917
1787547600000,76893.9,77202.4,76835.6,77202.4,96.4574
1787548500000,77202.4,77223.9,76937.5,77048.6,119.2982
1787549400000,77048.6,77169.7,76840.6,77077.7,87.5168
1787550300000,77077.8,77178.7,76982.2,77137.7,60.4326
1787551200000,77137.8,77423.9,77051.7,77381.4,130.7516
1787552100000,77381.4,77452.5,77282.6,77343.3,100.2367
1787553000000,77343.3,77374.5,77212.0,77339.4,52.7432
1787553900000,77339.4,77517.2,77329.0,77454.0,105.9481
1787554800000,77454.1,77779.9,77448.7,77737.4,141.0421
1787555700000,77737.4,77737.6,77497.6,77577.2,126.4333
1787556600000,77577.3,77597.4,77329.1,77329.1,83.1286
1787557500000,77329.1,77461.7,77268.5,77303.2,117.1654
1787558400000,77303.2,77398.9,77197.8,77240.2,115.613
1787559300000,77240.2,77286.3,76813.9,76909.8,281.0901
1787560200000,76908.3,77119.1,76890.0,77119.0,113.9861
1787561100000,77119.0,77137.0,77000.0,77030.8,50.0217
1787562000000,77030.7,77289.8,77010.3,77274.2,124.0166
1787562900000,77274.4,77406.0,77202.4,77405.8,244.905
1787563800000,77406.0,77497.6,77373.7,77458.8,90.7943
1787564700000,77458.7,77587.3,77424.0,77532.0,116.5306
1787565600000,77532.0,77866.0,77517.0,77826.7,352.3097
1787566500000,77826.6,77929.9,77724.9,77838.9,229.7284
1787567400000,77839.6,78006.0,77683.8,77714.6,238.3141
1787568300000,77714.7,77817.1,77514.7,77606.2,195.4289
1787569200000,77606.3,77842.0,77428.6,77806.4,194.2405
1787570100000,77806.4,77877.1,77705.1,77817.2,155.8123
1787571000000,77817.2,78551.0,77802.5,78549.4,531.9063
1787571900000,78549.6,78589.1,78065.6,78419.9,390.4821
1787572800000,78420.0,78420.6,78077.3,78118.2,224.1643
1787573700000,78117.7,78479.8,77954.4,78425.7,387.0696
1787574600000,78425.6,78861.7,78352.3,78703.8,406.4814
1787575500000,78703.8,79295.4,78690.5,79138.2,777.3922
1787576400000,79138.0,79384.3,78930.7,79196.6,347.6765
1787577300000,79196.6,79205.1,78853.1,78983.4,244.2972
1787578200000,78983.4,79000.0,78174.9,78267.1,657.5705
1787579100000,78259.9,78645.5,77850.0,78559.1,695.3449
1787580000000,78559.3,79200.0,78553.6,79165.3,458.0297
1787580900000,79164.9,79606.4,78831.8,79357.1,878.4445
1787581800000,79357.2,79800.0,79300.0,79621.0,541.9347
1787582700000,79620.9,79733.9,79239.9,79474.0,332.5316
1787583600000,79474.0,79681.8,79329.6,79505.1,160.926
1787584500000,79504.9,79950.0,79485.8,79855.2,439.3127
1787585400000,79849.9,79953.0,78966.0,79257.1,584.1083
1787586300000,79251.7,79516.3,78777.0,79060.1,352.3099
1787587200000,79060.7,79484.7,79056.5,79453.9,309.2674
1787588100000,79454.0,79825.5,79441.0,79621.2,301.2073
1787589000000,79621.1,79737.2,79333.7,79334.0,222.902
1787589900000,79333.9,79357.5,78868.2,79017.3,391.5524
1787590800000,79018.9,79160.6,78564.1,79060.4,347.782
1787591700000,79060.0,79139.1,78421.0,78489.1,425.3064
1787592600000,78500.2,78816.5,78449.6,78600.0,121.1986
1787593500000,78600.2,78784.8,78525.2,78721.5,113.8205
1787594400000,78721.6,78986.3,78700.4,78971.9,103.9927
1787595300000,78971.8,79033.4,78888.5,78975.9,95.3041
1787596200000,78975.9,79044.0,78681.2,78935.0,111.8967
1787597100000,78935.0,79043.7,78816.1,78895.9,71.5452
1787598000000,78896.0,79077.2,78736.0,78990.2,92.1281
1787598900000,78990.2,79003.6,78565.8,78838.1,173.017
1787599800000,78838.1,78921.3,78715.4,78840.2,25.3839
1787600700000,78840.2,78854.1,78555.1,78713.0,67.5752
1787601600000,78712.5,78779.8,78517.2,78645.8,47.155
1787602500000,78645.8,78757.4,78576.9,78658.8,41.2225
1787603400000,78657.6,78958.3,78602.0,78873.6,72.8471
1787604300000,78873.7,78900.0,78781.4,78896.6,28.1411
1787605200000,78898.1,79013.1,78898.1,78998.1,62.7184
1787606100000,78998.0,79009.3,78816.8,78891.5,41.7889
1787607000000,78892.0,78988.0,78884.4,78951.7,18.4397
1787607900000,78951.8,79010.8,78889.4,78946.6,21.8063
1787608800000,78946.6,78957.0,78789.1,78839.6,24.5372
1787609700000,78839.6,78896.8,78721.0,78744.5,27.5295
1787610600000,78744.4,78893.9,78700.0,78724.4,62.5803
1787611500000,78724.4,78805.6,78680.0,78699.8,28.9565
1787612400000,78700.0,78784.8,78583.8,78712.9,52.2761
1787613300000,78712.0,78939.6,78701.5,78860.2,60.5479
1787614200000,78860.1,78948.1,78828.0,78919.1,26.893
1787615100000,78919.0,78972.4,78796.3,78952.7,32.7448
1787616000000,78952.8,79020.2,78862.1,78921.6,79.8928
1787616900000,78921.3,78921.4,78680.0,78761.7,59.2954
1787617800000,78761.8,79338.0,78707.1,79336.2,171.5907
1787618700000,79338.0,79850.0,79299.0,79704.5,429.6614
1787619600000,79704.6,79955.5,79569.8,79622.1,270.0633
1787620500000,79622.1,79935.6,79443.1,79798.6,228.266
1787621400000,79798.6,79892.4,79638.9,79670.2,100.9472
1787622300000,79667.1,79817.8,79485.8,79797.7,172.1388
1787623200000,79797.9,79888.8,79707.0,79832.0,134.0912
1787624100000,79832.0,81200.0,79750.0,80981.6,933.8748
1787625000000,80981.7,81263.0,80750.2,80807.8,321.0414
1787625900000,80807.8,80825.3,80399.4,80630.5,209.4685
1787626800000,80630.4,80932.0,80566.2,80770.1,109.8704
1787627700000,80770.1,80785.7,80482.0,80610.7,95.4718
1787628600000,80610.9,80844.4,80516.1,80562.0,66.927
1787629500000,80562.1,80649.8,80291.0,80453.5,139.8593
1787630400000,80453.6,80580.0,80243.0,80470.2,84.3862
1787631300000,80470.2,80471.8,80209.9,80235.2,79.3972
1787632200000,80235.2,80369.7,80127.0,80213.3,87.2367
1787633100000,80213.3,80350.1,80200.0,80350.1,49.7346
1787634000000,80350.8,80562.2,80300.5,80521.7,234.9972
1787634900000,80521.3,80726.0,80460.0,80622.2,104.9214
1787635800000,80622.2,80789.6,80570.3,80682.7,77.5368
1787636700000,80682.7,80781.0,80589.9,80707.0,101.4157
1787637600000,80707.0,80835.0,80654.6,80814.2,53.4331
1787638500000,80814.3,80891.2,80714.5,80720.8,74.5974
1787639400000,80720.8,80720.8,80486.0,80504.8,158.0299
1787640300000,80504.9,80550.0,80380.4,80546.4,148.1383
1787641200000,80546.3,80787.4,80517.8,80695.0,172.7978
1787642100000,80695.0,80717.6,80576.2,80633.8,53.0144
1787643000000,80633.8,80666.0,80449.9,80482.1,47.9087
1787643900000,80482.1,80499.5,79315.2,79670.2,682.0382
1787644800000,79670.0,79941.1,79575.3,79886.2,150.4262
1787645700000,79886.3,80210.0,79823.2,80154.5,145.0613
1787646600000,80154.5,80191.6,79867.8,80077.8,206.8841
1787647500000,80077.6,80088.7,79800.0,79899.7,96.9714
1787648400000,79898.0,79924.0,79681.7,79814.7,102.8131
1787649300000,79814.7,79931.1,79739.0,79787.5,47.2826
1787650200000,79787.5,79915.5,79711.0,79712.6,33.1677
1787651100000,79712.6,79752.5,78850.0,79158.3,578.9663
1787652000000,79158.3,79309.2,78961.2,79285.7,185.4962
1787652900000,79286.3,79397.8,79202.2,79243.7,93.2549
1787653800000,79243.6,79297.1,79205.1,79289.4,75.617
1787654700000,79289.4,79447.3,79266.2,79275.2,117.0145
1787655600000,79275.1,79367.6,79057.3,79066.2,218.534
1787656500000,79066.5,79269.5,79040.7,79225.9,84.578
1787657400000,79225.8,79420.8,79123.3,79126.0,69.7243
1787658300000,79125.6,79193.1,79004.7,79094.5,136.2
1787659200000,79094.5,79147.0,78656.0,79052.3,439.1523
1787660100000,79052.3,79054.8,78614.0,78857.2,283.0903
1787661000000,78857.1,78999.1,78738.8,78902.6,144.618
1787661900000,78903.0,79060.9,78862.8,78946.3,90.7147
1787662800000,78946.4,79053.6,78683.0,78776.6,243.2792
1787663700000,78777.3,78793.1,78542.0,78613.5,283.4351
1787664600000,78613.4,79192.4,78570.9,78608.6,433.3855
1787665500000,78608.9,78632.4,78094.3,78621.0,747.289
1787666400000,78621.4,79025.2,78506.0,78966.4,319.2437
1787667300000,78966.4,79270.8,78867.6,79171.0,402.0791
1787668200000,79171.4,79340.0,79018.8,79136.5,269.6328
1787669100000,79136.5,79340.7,79125.3,79196.0,106.8562
1787670000000,79199.7,79311.0,79000.0,79066.9,227.9655
1787670900000,79067.3,79273.3,78977.8,79197.1,208.3848
1787671800000,79196.4,79439.7,79144.0,79363.7,274.0833
1787672700000,79363.8,79490.8,79203.1,79463.3,143.3889
1787673600000,79463.4,79533.2,79115.5,79128.2,276.9061
1787674500000,79128.1,79246.7,79029.9,79104.3,186.0462
1787675400000,79104.2,79325.6,79099.7,79186.2,73.2448
1787676300000,79186.3,79320.0,79049.3,79116.5,59.6103
1787677200000,79116.6,79116.6,78822.6,78936.4,267.4091
1787678100000,78936.5,79000.0,78729.0,78769.0,184.4203
1787679000000,78769.1,79144.5,78769.0,79100.8,139.8888
1787679900000,79100.8,79219.4,79100.8,79198.6,63.6387
1787680800000,79198.7,79300.1,79175.4,79277.3,99.7775
1787681700000,79277.5,79309.3,79200.2,79230.3,33.4595
1787682600000,79230.3,79230.3,79061.4,79129.4,82.0985
1787683500000,79129.4,79199.8,79005.7,79084.3,85.9869
1787684400000,79084.3,79152.0,78978.0,79121.2,73.4201
1787685300000,79121.2,79194.4,78865.4,78890.2,104.2485
1787686200000,78890.2,78912.3,78685.5,78708.1,223.0985
1787687100000,78708.0,78906.8,78700.8,78889.4,129.7853
1787688000000,78889.4,78939.3,78639.2,78844.0,181.2584
1787688900000,78843.8,78926.5,78725.1,78732.4,71.3973
1787689800000,78732.5,78752.8,78319.2,78430.4,306.8811
1787690700000,78430.3,78531.6,78137.8,78162.6,314.0418
1787691600000,78162.6,78272.3,77831.0,78251.9,556.4679
1787692500000,78251.6,78448.8,78166.6,78424.1,341.3424
1787693400000,78424.0,78616.9,78340.0,78550.9,122.9498
1787694300000,78550.9,78631.5,78501.8,78531.3,66.4223
1787695200000,78531.3,78917.8,78531.1,78897.0,122.8532
1787696100000,78897.0,78974.5,78571.9,78615.8,115.6106
1787697000000,78615.8,78838.0,78562.5,78749.4,62.8337
1787697900000,78747.8,78920.8,78744.6,78851.1,60.0485
1787698800000,78851.0,78943.0,78766.9,78917.8,39.555
1787699700000,78917.9,78929.0,78594.5,78697.1,77.4065
1787700600000,78697.2,78766.1,78470.6,78557.2,82.9595
1787701500000,78557.3,78557.4,78355.5,78503.2,126.6496
1787702400000,78503.2,78587.7,78270.0,78323.1,118.6111
1787703300000,78323.1,78571.5,78299.4,78558.0,76.2609
1787704200000,78558.1,78638.0,78328.1,78353.0,135.3251
1787705100000,78352.7,78677.6,78332.3,78596.4,81.9745
1787706000000,78594.7,78871.0,78568.5,78710.8,103.3035
1787706900000,78711.6,78845.3,78655.4,78676.9,38.1333
1787707800000,78676.8,78925.9,78676.8,78836.1,81.9711
1787708700000,78836.2,78836.3,78718.7,78783.4,33.2782
1787709600000,78783.3,78844.0,78712.2,78744.1,29.5823
1787710500000,78744.1,79207.8,78733.9,79191.5,152.7513
1787711400000,79191.5,79200.0,79085.2,79110.4,74.9255
1787712300000,79110.4,79143.0,79005.9,79071.9,75.4657
1787713200000,79071.9,79145.4,79007.3,79010.0,75.6034
1787714100000,79010.0,79079.4,78953.1,79010.0,50.3349
1787715000000,79010.0,79087.2,78855.6,79022.5,161.1617
1787715900000,79022.5,79082.3,78908.7,79052.8,137.9304
1787716800000,79052.8,79157.5,78929.7,79008.9,43.9653
1787717700000,79008.9,79100.0,78941.0,78977.5,30.2956
1787718600000,78977.5,79021.6,78854.7,78935.2,43.8181
1787719500000,78935.2,78935.2,78750.0,78793.0,102.4216
1787720400000,78793.0,78923.6,78601.0,78863.9,149.9852
1787721300000,78863.9,79040.6,78715.0,78988.1,97.672
1787722200000,78988.1,79100.0,78945.0,79075.2,62.3177
1787723100000,79075.2,79075.2,78913.8,79051.6,26.3156
1787724000000,79051.6,79185.0,78928.1,78969.5,72.8408
1787724900000,78969.5,79018.4,78787.6,78868.0,67.3756
1787725800000,78868.0,78926.0,78776.5,78901.1,42.8411
1787726700000,78901.1,78933.6,78826.0,78907.1,30.0673
1787727600000,78907.1,79061.8,78825.0,78953.4,97.1169
1787728500000,78953.4,78987.5,78862.1,78903.0,29.5147
1787729400000,78903.0,79022.4,78847.9,78955.5,53.9323
1787730300000,78955.5,79019.8,78877.0,78884.5,81.5489
1787731200000,78884.5,79091.3,78788.0,79000.0,124.575
1787732100000,79000.0,79075.9,78866.6,78945.3,74.7272
1787733000000,78945.3,78990.0,78862.1,78977.4,33.7768
1787733900000,78977.4,78983.0,78576.6,78674.1,175.8432
1787734800000,78674.1,78860.5,78633.5,78737.8,90.8424
1787735700000,78737.8,78737.8,78362.2,78499.8,147.1093
1787736600000,78499.8,78561.2,78296.3,78296.5,107.7748
1787737500000,78296.5,78466.7,78203.7,78410.3,175.7092
1787738400000,78410.3,78446.9,78243.0,78395.5,93.2498
1787739300000,78395.5,78606.0,78393.7,78594.7,112.0562
1787740200000,78594.7,78777.0,78530.5,78692.2,112.015
1787741100000,78692.2,78841.5,78660.0,78685.7,72.4132
1787742000000,78685.7,78748.9,78617.8,78670.7,72.732
1787742900000,78670.7,78701.9,78576.7,78585.5,41.8899
1787743800000,78585.5,78589.2,78272.2,78437.8,180.8872
1787744700000,78437.8,78586.7,78346.4,78442.1,66.9337
1787745600000,78442.1,78528.7,78316.0,78358.8,75.9453
1787746500000,78358.8,78662.5,78240.2,78662.5,212.7801
1787747400000,78662.5,78662.5,77959.8,78228.6,470.5393
1787748300000,78228.6,78400.0,78159.8,78279.2,160.0681
1787749200000,78279.2,78412.2,77952.1,78090.9,279.5211
1787750100000,78090.9,78141.4,77880.0,78013.0,297.7014
1787751000000,78013.0,78464.9,78010.0,78449.8,325.29
1787751900000,78449.8,78519.3,78079.8,78408.3,185.255
1787752800000,78408.3,78564.5,78264.0,78418.2,228.2792
1787753700000,78418.2,78534.1,78160.2,78202.4,190.4203
1787754600000,78202.4,78247.4,77903.5,77942.5,222.7721
1787755500000,77942.5,78032.7,77705.8,77753.3,470.3596
1787756400000,77753.3,77921.1,77602.5,77810.8,473.5115
1787757300000,77810.8,78130.5,77690.8,78122.9,232.723
1787758200000,78122.9,78137.3,77896.0,78005.0,146.6864
1787759100000,78005.0,78112.3,77934.2,77979.3,60.5112
1787760000000,77979.3,78128.3,77933.5,78042.5,226.0783
1787760900000,78042.5,78094.6,77948.8,78022.7,46.5733
1787761800000,78022.7,78118.0,77804.9,77836.5,196.9673
1787762700000,77836.5,78130.1,77836.5,77959.5,108.2483
1787763600000,77959.5,78099.6,77946.0,78097.3,44.1173
1787764500000,78097.3,78483.6,78097.3,78482.4,166.7579
1787765400000,78482.4,78580.4,78454.7,78476.9,101.1497
1787766300000,78476.9,78482.7,78327.1,78403.4,60.138
1787767200000,78403.4,78616.9,78359.5,78530.8,50.6922
1787768100000,78530.8,78568.4,78400.0,78433.6,72.1602
1787769000000,78433.6,78456.6,78242.9,78266.8,65.117
1787769900000,78266.8,78468.0,78252.8,78437.5,118.8758
1787770800000,78437.5,78474.4,78324.5,78339.9,52.2273
1787771700000,78339.9,78534.2,78246.1,78490.1,71.1804
1787772600000,78490.1,78511.0,78334.7,78395.1,33.089
1787773500000,78395.1,78490.0,78340.8,78427.4,33.1153
1787774400000,78427.4,78503.5,78350.0,78371.3,20.8487
1787775300000,78371.3,78414.8,78153.7,78360.4,94.6283
1787776200000,78360.4,78390.5,78244.7,78358.2,19.5428
1787777100000,78358.2,78417.8,78338.6,78415.1,21.5794
1787778000000,78415.1,78768.1,78343.9,78744.6,117.9449
1787778900000,78744.6,78804.0,78667.9,78719.8,117.7341
1787779800000,78719.8,78797.7,78611.4,78677.2,47.378
1787780700000,78677.2,78768.0,78640.0,78686.8,31.0992
1787781600000,78686.8,78832.9,78640.4,78746.4,92.6454
1787782500000,78746.4,78950.0,78699.6,78787.9,141.5183
1787783400000,78787.9,78787.9,78555.6,78659.6,109.4936
1787784300000,78659.6,78718.2,78516.6,78656.0,84.9825
1787785200000,78656.0,78715.0,78609.3,78668.8,35.7408
1787786100000,78668.8,78850.0,78635.0,78823.1,40.1231
1787787000000,78823.1,79024.0,78822.8,79011.8,104.0784
1787787900000,79011.8,79135.0,78964.3,78990.2,162.6713
1787788800000,78990.2,78991.5,78783.1,78805.5,103.3329
1787789700000,78805.5,78911.0,78750.0,78873.4,54.2922
1787790600000,78873.4,78874.9,78751.9,78845.0,22.0664
1787791500000,78845.0,78857.6,78653.7,78653.8,38.1056
1787792400000,78653.8,78747.6,78600.0,78624.8,117.372
1787793300000,78624.8,78926.6,78529.0,78900.5,65.2312
1787794200000,78900.5,78943.0,78679.2,78679.2,62.7434
1787795100000,78679.2,78987.2,78670.0,78865.8,44.1434
1787796000000,78865.8,78948.3,78815.6,78844.0,75.4516
1787796900000,78844.0,78844.7,78685.6,78725.1,86.1349
1787797800000,78725.1,78774.4,78671.8,78701.8,134.0033
1787798700000,78701.8,78757.8,78674.2,78692.4,62.3154
1787799600000,78692.4,78762.4,78632.1,78640.5,19.8798
1787800500000,78640.5,78958.6,78604.6,78860.9,100.8017
1787801400000,78860.9,78889.9,78794.1,78839.2,28.4726
1787802300000,78839.2,78892.4,78736.2,78797.4,35.8458
1787803200000,78797.4,78857.3,78760.9,78824.0,33.09
1787804100000,78824.0,78865.0,78746.1,78746.1,19.64
1787805000000,78746.1,78782.5,78650.1,78775.4,35.6338
1787805900000,78775.4,78782.8,78669.2,78741.0,32.0616
1787806800000,78741.0,78742.9,78613.4,78613.6,41.9743
1787807700000,78613.6,78767.1,78592.7,78629.7,50.697
1787808600000,78629.7,78768.1,78562.4,78676.1,43.7639
1787809500000,78676.1,78899.0,78672.9,78880.0,52.4466
1787810400000,78880.0,78880.0,78617.9,78652.8,44.1359
1787811300000,78652.8,78762.2,78586.0,78626.2,32.2924
1787812200000,78626.2,78761.6,78626.2,78724.4,16.2766
1787813100000,78724.4,78814.8,78719.5,78803.1,31.614
1787814000000,78803.1,78836.0,78729.1,78796.1,23.9377
1787814900000,78796.1,78810.0,78715.5,78763.4,43.0196
1787815800000,78763.4,78850.0,78758.2,78810.0,40.6492
1787816700000,78810.0,79068.0,78810.0,79045.7,172.4546
1787817600000,79045.7,79840.0,79009.6,79597.6,810.8917
1787818500000,79597.6,79710.7,79410.6,79700.0,278.0304
1787819400000,79700.0,79975.7,79680.0,79879.8,537.7302
1787820300000,79879.8,79990.0,79653.2,79720.0,201.5375
1787821200000,79720.0,79855.2,79637.7,79843.3,98.0627
1787822100000,79843.3,80463.6,79758.0,80460.5,899.653
1787823000000,80460.5,80490.0,80165.5,80218.1,358.3884
1787823900000,80218.1,80248.1,79875.7,79959.0,231.8706
1787824800000,79959.0,80127.9,79769.0,79902.3,262.8316
1787825700000,79902.3,79989.6,79307.1,79632.8,266.3061
1787826600000,79632.8,79647.0,79318.5,79575.8,314.9011
1787827500000,79575.8,79595.2,79459.0,79595.0,67.566
1787828400000,79595.0,79727.1,79529.2,79723.6,89.4632
1787829300000,79723.6,79736.0,79455.0,79488.9,149.0795
1787830200000,79488.9,79540.7,79348.1,79398.2,244.2132
1787831100000,79398.2,79471.0,79154.7,79443.3,211.1566
1787832000000,79443.3,79525.8,79336.5,79460.1,101.4789
1787832900000,79460.1,79566.0,79355.9,79513.3,72.1967
1787833800000,79513.3,79520.1,79219.7,79229.5,126.8837
1787834700000,79229.5,79351.6,79229.5,79243.5,101.5565
1787835600000,79243.5,79360.0,79237.8,79330.8,86.3008
1787836500000,79330.8,79458.0,79275.2,79314.4,110.3508
1787837400000,79314.4,79323.9,79061.5,79205.1,488.543
1787838300000,79205.1,79530.1,78888.0,79500.0,899.2279
1787839200000,79500.0,79757.5,79312.2,79418.6,445.1837
1787840100000,79418.6,79879.3,79352.8,79875.5,296.6341
1787841000000,79875.5,80350.0,79754.7,80323.0,525.0679
1787841900000,80323.0,80323.1,79967.0,80160.9,437.6663
1787842800000,80160.9,80755.0,80047.0,80632.1,592.0861
1787843700000,80632.1,80696.4,80376.8,80562.6,478.653
1787844600000,80562.6,80600.0,80311.0,80453.7,185.5509
1787845500000,80453.7,80473.5,80254.8,80264.4,110.7705
1787846400000,80264.4,80497.5,80150.0,80374.2,146.0155
1787847300000,80374.2,80498.8,80351.4,80369.5,84.9176
1787848200000,80369.5,80590.0,80224.7,80533.8,90.5111
1787849100000,80533.8,80561.3,80309.4,80328.4,111.8858
1787850000000,80328.4,80623.4,80189.7,80588.0,228.324
1787850900000,80588.0,80803.8,80554.0,80682.0,338.0547
1787851800000,80682.0,80770.4,80425.0,80453.4,384.6539
1787852700000,80453.4,80521.1,80390.0,80405.0,241.8873
1787853600000,80405.0,80413.1,79975.0,80044.4,174.9068
1787854500000,80044.4,80165.3,79708.3,79874.5,328.7173
1787855400000,79874.5,79990.7,79788.0,79929.3,98.6265
1787856300000,79929.3,80120.3,79863.0,80120.3,136.9169
1787857200000,80120.3,80253.0,80076.6,80120.0,121.7023
1787858100000,80120.0,80198.2,79997.1,80141.4,64.4848
1787859000000,80141.4,80182.4,79942.5,79967.5,57.1491
1787859900000,79967.5,80011.2,79858.4,79873.4,27.233
1787860800000,79873.4,80008.3,79839.4,79915.8,74.7366
1787861700000,79915.8,80089.7,79910.0,79954.7,38.6491
1787862600000,79954.7,80017.8,79939.3,79982.1,11.2171
1787863500000,79982.1,80065.3,79923.1,80065.3,29.4054
1787864400000,80065.3,80126.2,79980.9,80058.4,40.2426
1787865300000,80058.4,80096.0,79948.7,79998.6,38.6237
1787866200000,79998.6,80097.1,79936.0,79995.5,69.4412
1787867100000,79995.5,80152.3,79971.5,80146.6,35.4782
1787868000000,80146.6,80279.4,80146.6,80208.1,71.2603
1787868900000,80208.1,80398.0,80163.3,80200.3,85.4171
1787869800000,80200.3,80266.5,80106.9,80246.1,43.0898
1787870700000,80246.1,80266.4,80178.5,80264.3,12.8013
1787871600000,80264.3,80265.0,80107.3,80131.9,24.0539
1787872500000,80131.9,80357.1,80094.1,80280.3,54.753
1787873400000,80280.3,80288.9,80204.8,80224.6,24.0102
1787874300000,80224.6,80300.0,80150.0,80209.5,22.801
1787875200000,80209.5,80236.2,80110.2,80177.4,25.8241
1787876100000,80177.4,80428.8,80177.3,80388.2,79.4784
1787877000000,80388.2,80464.3,80319.7,80385.5,54.3688
1787877900000,80385.5,80674.2,80315.0,80537.0,134.6965
1787878800000,80537.0,80850.0,80537.0,80715.1,179.3853
1787879700000,80715.1,81146.4,80648.4,81097.4,280.9878
1787880600000,81097.4,81429.8,80769.0,80804.2,299.8857
1787881500000,80804.2,80856.7,80405.0,80471.2,199.7189
1787882400000,80471.2,80481.9,80200.0,80200.0,171.6075
1787883300000,80200.0,80267.6,79877.6,79881.7,220.9122
1787884200000,79881.7,80125.0,79800.0,80000.5,146.8063
1787885100000,80000.5,80000.5,79700.0,79886.7,122.4313
1787886000000,79886.7,79945.8,79735.1,79842.0,210.4038
1787886900000,79842.0,80012.6,79813.6,79868.6,117.8691
1787887800000,79868.6,79957.3,79780.0,79781.9,86.6419
1787888700000,79781.9,79875.0,79747.5,79779.5,86.586
1787889600000,79779.5,79829.0,79568.0,79824.1,204.3908
1787890500000,79824.1,79938.2,79779.5,79779.6,141.4994
1787891400000,79779.6,79850.0,79605.3,79679.8,260.2462
1787892300000,79679.8,79714.1,79590.9,79610.2,65.9795
1787893200000,79610.2,79693.3,79533.0,79610.0,62.6923
1787894100000,79610.0,79698.9,79537.6,79698.9,49.5907
1787895000000,79698.9,79831.4,79670.5,79777.0,303.224
1787895900000,79777.0,79844.5,79605.1,79656.0,152.3814
1787896800000,79656.0,79880.0,79655.9,79872.8,72.5852
1787897700000,79872.8,79880.0,79779.0,79796.6,34.0605
1787898600000,79796.6,79845.3,79760.1,79831.7,38.7094
1787899500000,79831.7,79966.0,79831.7,79862.6,119.4675
1787900400000,79862.6,79862.8,79625.5,79656.4,197.3903
1787901300000,79656.4,79783.2,79639.0,79767.2,29.9992
1787902200000,79767.2,79792.0,79552.8,79555.6,65.1124
1787903100000,79555.6,79646.0,79555.0,79643.9,107.6762
1787904000000,79643.9,79809.8,79643.9,79706.5,93.0842
1787904900000,79706.5,79809.0,79706.3,79750.1,22.4371
1787905800000,79750.1,79805.3,79680.1,79680.7,37.5517
1787906700000,79680.7,79698.7,79442.3,79484.4,512.5363
1787907600000,79484.4,79484.8,79250.0,79353.1,556.7756
1787908500000,79353.1,79431.3,79338.0,79353.0,44.9919
1787909400000,79353.0,79399.7,79240.0,79240.1,77.7348
1787910300000,79240.1,79350.6,79239.2,79260.0,74.4111
1787911200000,79260.0,79286.0,78990.0,79187.0,532.4698
1787912100000,79187.0,79272.0,79114.3,79269.3,82.1612
1787913000000,79269.3,79348.0,79258.9,79302.2,58.7992
1787913900000,79302.2,79533.5,79281.1,79533.3,179.1782
1787914800000,79533.3,79678.0,79496.7,79663.2,168.324
1787915700000,79663.2,79739.0,79614.9,79636.5,113.4587
1787916600000,79636.5,79709.4,79546.3,79585.3,158.7703
1787917500000,79585.3,79613.9,79519.4,79563.9,83.442
1787918400000,79563.9,79641.7,79474.0,79497.6,110.4609
1787919300000,79497.6,79689.3,79483.8,79484.0,60.0621
1787920200000,79484.0,79493.9,79269.8,79380.2,397.9505
1787921100000,79380.2,79412.5,79314.0,79384.3,85.5377
1787922000000,79384.3,79491.6,79249.2,79345.6,162.5548
1787922900000,79345.6,79347.5,78978.4,79160.1,240.9307
1787923800000,79160.1,79332.0,78991.4,79052.2,293.4302
1787924700000,79052.2,79509.1,79037.1,79311.4,280.8057
1787925600000,79311.4,79673.2,78400.0,78600.0,1032.1965
1787926500000,78600.0,78988.8,78487.0,78907.6,372.2056
1787927400000,78907.6,79667.8,78805.5,79382.6,650.7615
1787928300000,79382.6,79575.3,79065.4,79499.8,344.2287
1787929200000,79499.8,79800.0,79238.6,79271.4,437.1035
1787930100000,79271.4,79487.7,79210.4,79308.2,76.3954
1787931000000,79308.2,79319.6,78739.0,78764.2,272.3775
1787931900000,78764.2,78880.8,78277.5,78297.4,540.9936
1787932800000,78297.4,78371.7,77800.0,77800.2,717.2339
1787933700000,77800.2,77840.0,76851.3,77505.3,1066.5979
1787934600000,77505.3,77934.9,77494.3,77764.4,445.2954
1787935500000,77764.4,77969.7,77739.3,77759.9,171.8362
1787936400000,77759.9,77981.0,77632.0,77972.0,118.1564
1787937300000,77972.0,78088.5,77800.0,77913.7,175.2921
1787938200000,77913.7,77973.7,77666.7,77756.9,110.3775
1787939100000,77756.9,77955.7,77756.8,77876.1,56.5509
1787940000000,77876.1,77913.3,77707.7,77708.7,56.1254
1787940900000,77708.7,77792.4,77480.0,77558.5,146.8655
1787941800000,77558.5,77663.5,77315.1,77388.2,178.6486
1787942700000,77388.2,77550.5,77237.3,77526.9,135.5641
1787943600000,77526.9,77717.4,77489.3,77641.3,81.2169
1787944500000,77641.3,77769.5,77599.1,77671.3,38.5012
1787945400000,77671.3,77675.8,77507.1,77507.1,30.4229
1787946300000,77507.1,77571.7,77355.9,77542.9,59.9665
1787947200000,77542.9,77582.8,77400.0,77539.4,64.8982
1787948100000,77539.4,77539.5,77382.8,77484.7,22.4128
1787949000000,77484.7,77484.7,77280.0,77377.5,45.909
1787949900000,77377.5,77440.4,77308.7,77382.5,68.821
1787950800000,77382.5,77413.1,77303.6,77377.8,35.1824
1787951700000,77377.8,77427.6,77292.5,77377.5,24.262
1787952600000,77377.5,77509.8,77377.5,77453.7,99.8427
1787953500000,77453.7,77453.7,77221.1,77344.4,50.5932
1787954400000,77344.4,77429.3,77309.3,77422.4,33.5091
1787955300000,77422.4,77559.6,77367.8,77547.0,40.4493
1787956200000,77547.0,77714.4,77531.6,77709.0,36.4071
1787957100000,77709.0,77740.6,77637.7,77732.2,59.3158
1787958000000,77732.2,77745.2,77646.0,77731.8,33.7991
1787958900000,77731.8,77732.3,77630.6,77651.0,25.6001
1787959800000,77651.0,77684.7,77640.2,77661.1,36.8593
1787960700000,77661.1,77808.0,77605.0,77802.4,60.9976
1787961600000,77802.4,77846.5,77755.2,77781.6,64.3463
1787962500000,77781.6,77917.4,77777.0,77869.3,81.2145
1787963400000,77869.3,77869.3,77735.8,77754.5,44.4365
1787964300000,77754.5,77784.1,77691.9,77700.9,22.3475
1787965200000,77700.9,77701.0,77603.5,77605.7,34.6951
1787966100000,77605.7,77761.1,77605.6,77760.3,18.6996
1787967000000,77760.3,77796.5,77725.0,77794.8,28.9536
1787967900000,77794.8,77814.6,77720.3,77762.0,21.3895
1787968800000,77762.0,77795.3,77704.3,77704.3,18.0558
1787969700000,77704.3,77714.6,77543.6,77601.8,47.0329
1787970600000,77601.8,77645.4,77556.4,77582.9,18.0023
1787971500000,77582.9,77687.7,77582.9,77637.8,25.795
1787972400000,77637.8,77698.5,77637.6,77648.4,8.8489
1787973300000,77648.4,77684.1,77600.4,77657.5,17.6266
1787974200000,77657.5,77675.0,77548.1,77587.7,23.7821
1787975100000,77587.7,77587.7,77470.6,77475.7,90.9804
1787976000000,77475.7,77570.6,77475.7,77555.6,48.6657
1787976900000,77555.6,77586.7,77551.2,77576.5,18.0256
1787977800000,77576.5,77609.4,77553.6,77584.1,17.8251
1787978700000,77584.1,77648.3,77579.0,77615.8,30.4615
1787979600000,77615.8,77677.0,77600.0,77667.2,44.5016
1787980500000,77667.2,77673.3,77600.0,77625.5,12.3794
1787981400000,77625.5,77686.0,77602.2,77654.7,14.8119
1787982300000,77654.7,77666.3,77571.3,77600.9,31.5173
1787983200000,77600.9,77601.1,77441.6,77452.3,58.6281
1787984100000,77452.3,77497.7,77349.1,77382.2,82.9583
1787985000000,77382.2,77462.9,77382.0,77414.2,40.6653
1787985900000,77414.2,77446.1,77400.0,77432.9,19.6523
1787986800000,77432.9,77500.1,77406.0,77431.6,82.9755
1787987700000,77431.6,77497.4,77415.4,77489.3,14.0573
1787988600000,77489.3,77618.9,77474.1,77618.2,43.4605
1787989500000,77618.2,77634.7,77582.8,77582.9,28.2262
1787990400000,77582.9,77583.1,77440.0,77489.7,36.3867
1787991300000,77489.7,77560.0,77473.2,77559.8,17.5006
1787992200000,77559.8,77611.1,77476.3,77549.1,18.7493
1787993100000,77549.1,77600.2,77500.6,77600.0,20.6969
1787994000000,77600.0,77645.5,77530.2,77611.4,21.8263
1787994900000,77611.4,77630.0,77571.4,77596.5,13.0333
1787995800000,77596.5,77723.2,77595.4,77622.7,32.5042
1787996700000,77622.7,77659.6,77594.5,77615.1,21.7671
1787997600000,77615.1,77631.0,77480.9,77550.4,70.6888
1787998500000,77550.4,77687.6,77550.2,77638.8,34.609
1787999400000,77638.8,77693.1,77630.0,77648.7,18.9005
1788000300000,77648.7,77700.0,77600.3,77600.8,52.8596
1788001200000,77600.8,77693.9,77587.1,77688.9,74.2001
1788002100000,77688.9,77695.9,77643.0,77662.4,27.6518
1788003000000,77662.4,77673.0,77603.4,77607.2,19.5739
1788003900000,77607.2,77712.0,77535.4,77557.4,27.7763
1788004800000,77557.4,77590.5,77533.9,77572.3,98.1091
1788005700000,77572.3,77628.4,77502.3,77558.9,35.9281
1788006600000,77558.9,77601.2,77476.1,77549.7,21.1253
1788007500000,77549.7,77577.5,77510.0,77557.5,13.9183
1788008400000,77557.5,77638.5,77534.2,77623.5,21.3487
1788009300000,77623.5,77693.6,77608.0,77622.0,43.8719
1788010200000,77622.0,77685.3,77604.1,77631.9,39.3529
1788011100000,77631.9,77693.2,77621.8,77667.7,116.7257
1788012000000,77667.7,77700.0,77623.6,77658.4,24.1431
1788012900000,77658.4,77720.0,77624.4,77665.2,93.328
1788013800000,77665.2,77992.5,77653.1,77887.3,135.6231
1788014700000,77887.3,78124.7,77887.3,77976.5,265.9472
1788015600000,77976.5,77984.0,77823.3,77908.7,76.7049
1788016500000,77908.7,77963.8,77831.7,77864.8,36.2583
1788017400000,77864.8,77865.0,77778.3,77798.2,41.9335
1788018300000,77798.2,77900.0,77767.2,77823.0,43.2554
1788019200000,77823.0,77954.4,77817.0,77954.4,34.4658
1788020100000,77954.4,78073.8,77867.1,77911.0,55.9865
1788021000000,77911.0,77995.3,77851.1,77978.4,38.9266
1788021900000,77978.4,78069.9,77956.2,77986.4,58.6842
1788022800000,77986.4,78049.5,77959.0,78014.5,28.7397
1788023700000,78014.5,78070.0,77948.8,77948.9,120.6111
1788024600000,77948.9,77998.0,77857.0,77978.8,92.9171
1788025500000,77978.8,78069.3,77952.4,78069.2,25.6438
1788026400000,78069.2,78109.7,77989.3,78032.1,47.5534
1788027300000,78032.1,78066.8,77987.9,78020.2,21.6058
1788028200000,78020.2,78177.0,77979.0,78109.8,84.7306
1788029100000,78109.8,78219.2,78103.9,78120.3,83.3763
1788030000000,78120.3,78270.0,78120.1,78270.0,39.636
1788030900000,78270.0,78303.1,78199.8,78210.3,54.6768
1788031800000,78210.3,78234.0,78153.3,78225.2,56.8255
1788032700000,78225.2,78234.0,78100.9,78152.4,24.9141
1788033600000,78152.4,78263.1,78130.1,78195.3,20.2124
1788034500000,78195.3,78231.1,78127.0,78140.1,20.0058
1788035400000,78140.1,78140.1,78075.4,78095.9,25.7316
1788036300000,78095.9,78120.5,78073.4,78089.2,17.7225
1788037200000,78089.2,78157.5,78018.8,78113.0,49.8299
1788038100000,78113.0,78142.8,78059.7,78069.1,25.1113
1788039000000,78069.1,78093.1,78031.2,78064.9,28.034
1788039900000,78064.9,78167.1,78060.9,78128.7,43.0582
1788040800000,78128.7,78187.7,78078.0,78104.5,29.1538
1788041700000,78104.5,78142.3,78049.5,78113.8,81.3158
1788042600000,78113.8,78140.0,78105.2,78139.8,15.9181
1788043500000,78139.8,78204.5,78139.8,78191.3,25.5466
1788044400000,78191.3,78218.3,78149.6,78203.4,59.7743
1788045300000,78203.4,78228.7,78156.4,78223.9,29.8489
1788046200000,78223.9,78235.0,78187.5,78187.6,24.9549
1788047100000,78187.6,78246.5,78170.7,78204.4,19.6276
1788048000000,78204.4,78204.4,78116.7,78141.7,36.6672
1788048900000,78141.7,78291.2,78141.6,78182.1,34.537
1788049800000,78182.1,78270.6,78151.7,78169.1,23.6438
1788050700000,78169.1,78220.5,78141.0,78141.0,15.0135
1788051600000,78141.0,78155.8,78032.7,78042.1,24.8138
1788052500000,78042.1,78042.5,77964.3,77979.8,60.5681
1788053400000,77979.8,78040.0,77951.7,78023.6,90.6231
1788054300000,78023.6,78102.9,78007.8,78047.0,24.0371
1788055200000,78047.0,78100.0,78030.1,78052.5,15.2331
1788056100000,78052.5,78056.9,77978.8,78007.3,17.1411
1788057000000,78007.3,78093.0,77974.7,78063.7,14.0899
1788057900000,78063.7,78148.2,78044.9,78067.6,16.6646
1788058800000,78067.6,78096.3,78030.6,78050.0,14.2393
1788059700000,78050.0,78134.5,78029.9,78134.5,16.1124
1788060600000,78134.5,78201.9,78105.9,78155.7,48.4623
1788061500000,78155.7,78155.8,78101.9,78101.9,18.0449
1788062400000,78101.9,78188.4,78101.8,78126.8,25.611
1788063300000,78126.8,78147.0,78055.1,78083.7,17.3689
1788064200000,78083.7,78083.8,77980.7,77980.8,22.4685
1788065100000,77980.8,78081.8,77951.5,78081.8,32.3492
1788066000000,78081.8,78187.1,78081.7,78122.0,43.1134
1788066900000,78122.0,78127.0,78103.4,78114.8,25.1744
1788067800000,78114.8,78114.8,78083.5,78095.3,8.369
1788068700000,78095.3,78103.9,78087.2,78103.7,10.0706
1788069600000,78103.7,78118.3,78083.7,78097.4,17.7846
1788070500000,78097.4,78167.3,78097.3,78152.8,13.1366
1788071400000,78152.8,78267.0,78151.8,78211.1,225.7497
1788072300000,78211.1,78274.9,78196.5,78250.0,38.882
1788073200000,78250.0,78264.9,78216.8,78229.4,28.6794
1788074100000,78229.4,78229.4,78191.1,78191.1,15.4494
1788075000000,78191.1,78197.0,78111.0,78111.0,20.3976
1788075900000,78111.0,78129.5,78075.7,78080.3,28.4175
1788076800000,78080.3,78168.7,78066.0,78118.8,22.6681
1788077700000,78118.8,78174.7,78117.5,78127.7,18.9539
1788078600000,78127.7,78127.9,78003.3,78036.3,27.7198
1788079500000,78036.3,78078.0,78000.0,78045.3,28.2219
1788080400000,78045.3,78115.9,78034.7,78074.1,12.4968
1788081300000,78074.1,78091.2,77960.8,77962.1,54.6536
1788082200000,77962.1,78028.1,77962.1,78005.6,34.3269
1788083100000,78005.6,78031.9,77970.0,77970.5,24.4609
1788084000000,77970.5,78039.3,77932.2,77981.7,89.2392
1788084900000,77981.7,78094.3,77958.8,78013.0,30.0573
1788085800000,78013.0,78088.1,78012.0,78077.3,24.7677
1788086700000,78077.3,78120.5,78033.9,78116.1,54.7425
1788087600000,78116.1,78166.8,78110.0,78135.3,33.1924
1788088500000,78135.3,78192.3,78115.4,78192.1,17.1024
1788089400000,78192.1,78207.9,78113.4,78150.7,30.7861
1788090300000,78150.7,78155.9,78083.9,78138.5,18.9021
1788091200000,78138.5,78681.7,78128.8,78624.7,375.6127
1788092100000,78624.7,78624.8,78453.2,78594.7,138.34
1788093000000,78594.7,78818.1,78509.1,78616.7,255.1826
1788093900000,78616.7,78751.8,78547.5,78751.8,116.4147
1788094800000,78751.8,78788.0,78591.1,78595.5,123.8055
1788095700000,78595.5,78693.7,78550.0,78689.1,109.9475
1788096600000,78689.1,78786.2,78640.4,78754.8,44.3744
1788097500000,78754.8,78933.7,78754.7,78817.4,193.8803
1788098400000,78817.4,78909.9,78734.2,78884.6,190.5693
1788099300000,78884.6,78899.0,78755.3,78822.5,98.4191
1788100200000,78822.5,78897.7,78684.7,78725.0,101.8912
1788101100000,78725.0,78790.5,78686.0,78746.0,33.3553
1788102000000,78746.0,78840.0,78608.9,78633.9,79.5798
1788102900000,78633.9,78804.4,78586.8,78747.1,47.9249
1788103800000,78747.1,78823.0,78743.3,78822.0,34.9497
1788104700000,78822.0,78868.2,78747.9,78789.4,42.5623
1788105600000,78789.4,79136.0,78706.7,79086.3,372.2474
1788106500000,79086.3,79210.0,78957.8,79002.7,315.6966
1788107400000,79002.7,79230.4,78979.6,79168.9,317.1834
1788108300000,79168.9,79368.8,79100.3,79305.1,235.8357
1788109200000,79305.1,79305.2,79099.7,79142.2,229.7372
1788110100000,79142.2,79142.2,78737.9,78903.0,264.9908
1788111000000,78903.0,79026.8,78841.5,79009.1,104.3804
1788111900000,79009.1,79045.0,78922.0,78980.5,51.0984
1788112800000,78980.5,79040.0,78737.9,78807.9,153.4707
1788113700000,78807.9,78976.7,78807.8,78976.4,118.6477
1788114600000,78976.4,79143.4,78976.4,79058.2,182.7596
1788115500000,79058.2,79073.6,78956.8,79005.5,50.6014
1788116400000,79005.5,79051.9,78905.0,78999.4,27.5041
1788117300000,78999.4,79006.0,78875.0,78883.6,30.6225
1788118200000,78883.6,78938.4,78735.0,78752.6,75.2294
1788119100000,78752.6,78838.3,78685.2,78829.9,133.2435
1788120000000,78829.9,78900.0,78801.6,78826.5,49.0267
1788120900000,78826.5,78901.3,78799.4,78804.4,40.588
1788121800000,78804.4,78858.0,78388.7,78446.5,338.8041
1788122700000,78446.5,78713.6,78445.2,78559.1,139.4475
1788123600000,78559.1,78562.8,78216.0,78472.3,271.4385
1788124500000,78472.3,78635.5,78440.0,78604.6,94.0568
1788125400000,78604.6,78706.7,78565.7,78610.5,37.0793
1788126300000,78610.5,78662.6,78511.2,78623.3,39.5149
1788127200000,78623.3,78775.5,78497.2,78532.4,124.8136
1788128100000,78532.4,78532.5,78260.0,78350.5,137.6708
1788129000000,78350.5,78513.3,78255.0,78422.8,76.3668
1788129900000,78422.8,78478.4,78340.2,78393.4,40.6443
1788130800000,78393.4,78417.3,78275.0,78333.9,31.1202
1788131700000,78333.9,78374.7,77617.1,77648.9,485.3541
1788132600000,77648.9,77847.1,77312.6,77441.6,310.5435
1788133500000,77441.6,77687.4,76951.7,77638.2,379.05
1788134400000,77638.2,77781.2,77400.0,77728.8,160.4958
1788135300000,77728.8,77944.0,77686.9,77871.5,101.8057
1788136200000,77871.5,78142.6,77853.8,77998.9,205.8083
1788137100000,77998.9,78002.4,77878.9,77901.5,54.4469
1788138000000,77901.5,77966.2,77521.8,77620.2,133.6688
1788138900000,77620.2,77821.0,77539.2,77744.4,77.2452
1788139800000,77744.4,77920.4,77614.5,77711.0,68.2144
1788140700000,77711.0,77823.2,77585.5,77609.5,53.4562
1788141600000,77609.5,77972.8,77486.1,77914.8,113.4662
1788142500000,77914.8,77922.7,77783.2,77839.9,61.1436
1788143400000,77839.9,77899.8,77681.8,77682.0,51.2004
1788144300000,77682.0,77731.9,77351.0,77438.9,98.8964
1788145200000,77438.9,77650.0,77362.5,77616.3,51.1105
1788146100000,77616.3,77720.9,77552.0,77687.9,28.0543
1788147000000,77687.9,77800.0,77632.4,77787.7,139.5904
1788147900000,77787.7,77835.7,77708.2,77720.9,101.6585
1788148800000,77720.9,77738.2,77534.7,77555.9,28.4773
1788149700000,77555.9,77572.4,77456.3,77480.1,59.2147
1788150600000,77480.1,77560.0,77428.6,77541.6,49.705
1788151500000,77541.6,77630.7,77446.1,77586.4,59.7207
1788152400000,77586.4,77774.9,77476.0,77725.8,62.597
1788153300000,77725.8,78128.2,77655.7,77976.4,174.9708
1788154200000,77976.4,78056.5,77836.8,77935.6,56.7918
1788155100000,77935.6,78022.5,77918.3,77990.2,27.2531
1788156000000,77990.2,78050.0,77828.0,77997.3,70.3709
1788156900000,77997.3,78092.2,77940.7,77988.6,50.7184
1788157800000,77988.6,78112.5,77893.2,78051.0,58.1442
1788158700000,78051.0,78092.4,77978.7,78051.3,70.3911
1788159600000,78051.3,78139.0,78001.6,78099.6,43.672
1788160500000,78099.6,78284.0,78099.3,78187.9,199.1393
1788161400000,78187.9,78260.1,78095.5,78242.0,66.7909
1788162300000,78242.0,78255.6,78161.0,78167.5,28.437
1788163200000,78167.5,78311.7,78013.5,78126.9,97.6709
1788164100000,78126.9,78127.0,77951.6,78061.8,118.3378
1788165000000,78061.8,78434.1,78040.0,78292.3,73.9738
1788165900000,78292.3,78480.7,78228.0,78438.9,147.5898
1788166800000,78438.9,78765.7,78356.0,78616.4,183.7326
1788167700000,78616.4,78764.2,78556.8,78619.9,126.4587
1788168600000,78619.9,78683.5,78526.0,78663.9,81.5945
1788169500000,78663.9,78766.3,78480.8,78482.4,120.4139
1788170400000,78482.4,78498.2,78282.1,78494.7,175.7201
1788171300000,78494.7,78494.8,78364.9,78409.8,42.5851
1788172200000,78409.8,78513.4,78344.4,78494.8,47.6177
1788173100000,78494.8,78684.0,78470.1,78672.3,127.653
1788174000000,78672.3,78672.3,78534.8,78594.3,78.2597
1788174900000,78594.3,78610.9,78432.7,78447.2,203.4566
1788175800000,78447.2,78447.4,78326.5,78362.4,76.7616
1788176700000,78362.4,78424.5,78266.5,78283.8,81.7219
1788177600000,78283.8,78513.8,78244.5,78380.7,128.9518
1788178500000,78380.7,78448.2,78021.2,78060.0,166.2309
1788179400000,78060.0,78131.3,77689.1,77852.8,438.9648
1788180300000,77852.8,77900.6,77742.2,77900.6,164.7357
1788181200000,77900.6,78176.2,77900.5,78050.0,226.6527
1788182100000,78050.0,78057.3,77855.0,78019.5,162.6017
1788183000000,78019.5,78252.9,77801.0,77965.2,396.8894
1788183900000,77965.2,78027.2,77701.0,77831.1,231.5408
1788184800000,77831.1,78035.0,77764.7,77860.2,138.9983
1788185700000,77860.2,78031.0,77712.2,77992.0,145.2797
1788186600000,77992.0,78655.4,77938.7,78483.2,427.3376
1788187500000,78483.2,78615.0,78332.4,78545.1,410.1192
1788188400000,78545.1,78650.0,78243.2,78285.6,152.5266
1788189300000,78285.6,78511.7,78178.6,78426.7,226.7393
1788190200000,78426.7,78752.2,78370.0,78681.8,241.6242
1788191100000,78681.8,78705.3,78517.5,78544.6,150.7366
1788192000000,78544.6,78766.7,78495.4,78634.8,147.0998
1788192900000,78634.8,78719.4,78482.9,78616.8,78.7442
1788193800000,78616.8,78736.9,78526.9,78685.8,79.5077
1788194700000,78685.8,78843.5,78596.4,78599.6,197.1816
1788195600000,78599.6,78777.0,78576.1,78701.6,118.0435
1788196500000,78701.6,78706.2,78452.4,78500.0,277.7421
1788197400000,78500.0,78973.5,78499.5,78876.1,263.074
1788198300000,78876.1,78932.6,78800.0,78863.6,108.9409
1788199200000,78863.6,78931.0,78739.9,78930.9,143.944
1788200100000,78930.9,79061.2,78803.9,78869.0,277.8933
1788201000000,78869.0,79178.0,78848.0,79148.6,116.7317
1788201900000,79148.6,79148.6,78952.3,78980.3,79.9398
1788202800000,78980.3,79223.3,78980.3,79150.2,96.6228
1788203700000,79150.2,79150.2,78959.9,79056.2,83.6204
1788204600000,79056.2,79110.7,78852.8,78943.0,76.2354
1788205500000,78943.0,79067.8,78820.8,78864.6,45.2251
1788206400000,78864.6,78938.0,78825.2,78936.3,39.2128
1788207300000,78936.3,79133.3,78885.0,78885.0,52.7997
1788208200000,78885.0,78923.0,78742.4,78842.8,51.2248
1788209100000,78842.8,78890.4,78797.4,78827.6,16.9135
1788210000000,78827.6,78861.0,78693.3,78804.8,34.5735
1788210900000,78804.8,78931.8,78777.0,78921.7,34.3357
1788211800000,78921.7,79035.5,78921.7,79020.0,130.8018
1788212700000,79020.0,79039.1,78911.3,78924.0,22.5815
1788213600000,78924.0,79000.0,78850.6,78852.2,25.8774
1788214500000,78852.2,78852.3,78705.0,78723.9,40.4857
1788215400000,78723.9,78741.9,78609.5,78620.6,35.0509
1788216300000,78620.6,78620.6,78542.5,78553.8,193.638
1788217200000,78553.8,78553.8,78357.6,78418.5,179.9582
1788218100000,78418.5,78554.0,78418.4,78542.8,38.289
1788219000000,78542.8,78554.0,78464.0,78526.4,25.8911
1788219900000,78526.4,78554.0,78500.0,78545.0,11.4484
1788220800000,78545.0,78741.7,78519.5,78712.4,82.357
1788221700000,78712.4,78865.6,78701.0,78823.9,52.224
1788222600000,78823.9,78851.6,78633.7,78665.6,29.5897
1788223500000,78665.6,78769.5,78540.3,78614.2,25.8759
1788224400000,78614.2,78764.0,78488.9,78513.7,110.9163
1788225300000,78513.7,78606.0,78376.5,78377.5,53.0462
1788226200000,78377.5,78557.7,78330.8,78539.4,46.3401
1788227100000,78539.4,78540.9,78346.4,78371.9,30.6257
1788228000000,78371.9,78371.9,78155.0,78265.0,211.19
1788228900000,78265.0,78300.0,78168.0,78187.4,63.5054
1788229800000,78187.4,78373.7,78187.4,78331.7,29.5225
1788230700000,78331.7,78434.0,78303.6,78420.2,37.6147
1788231600000,78420.2,78474.1,78371.1,78405.0,37.314
1788232500000,78405.0,78474.3,78367.1,78449.9,32.2203
1788233400000,78449.9,78845.2,78432.5,78769.0,220.416
1788234300000,78769.0,78769.4,78635.0,78653.8,88.0719
1788235200000,78653.8,78777.6,78622.3,78640.7,57.5542
1788236100000,78640.7,78902.8,78640.5,78800.0,82.266
1788237000000,78800.0,78829.6,78682.9,78688.2,37.6402
1788237900000,78688.2,78750.9,78655.6,78700.0,19.9415
1788238800000,78700.0,78943.6,78699.8,78827.4,95.7012
1788239700000,78827.4,78978.0,78753.9,78962.0,26.3003
1788240600000,78962.0,79147.5,78933.1,79131.7,188.6808
1788241500000,79131.7,79200.0,79055.9,79148.7,118.9138
1788242400000,79148.7,79148.7,78949.5,79001.4,46.05
1788243300000,79001.4,79001.4,78782.3,78862.5,81.1213
1788244200000,78862.5,78913.7,78823.2,78845.4,37.6761
1788245100000,78845.4,78846.0,78705.0,78705.2,92.2783
1788246000000,78705.2,78848.9,78685.0,78691.4,102.3054
1788246900000,78691.4,78800.0,78668.8,78749.5,32.0222
1788247800000,78749.5,78764.7,78465.4,78591.2,159.7012
1788248700000,78591.2,78654.5,78560.0,78602.3,40.2138
1788249600000,78602.3,78624.3,78240.0,78281.2,164.6907
1788250500000,78281.2,78309.0,77846.2,77860.1,404.6219
1788251400000,77860.1,78020.0,77811.0,77940.2,418.3613
1788252300000,77940.2,78000.0,77782.9,77847.3,213.1508
1788253200000,77847.3,77913.4,77753.9,77790.4,253.9902
1788254100000,77790.4,77941.2,77773.2,77891.7,103.514
1788255000000,77891.7,78014.3,77816.1,78014.2,103.6136
1788255900000,78014.2,78018.6,77869.6,77875.5,62.627
1788256800000,77875.5,77959.8,77767.5,77844.4,78.322
1788257700000,77844.4,78014.3,77722.0,77976.1,129.9026
1788258600000,77976.1,78159.0,77976.0,78104.3,276.3167
1788259500000,78104.3,78127.6,77950.7,77990.3,166.2737
1788260400000,77990.3,78018.9,77883.9,77946.8,80.2335
1788261300000,77946.8,78008.8,77845.3,77969.3,65.2117
1788262200000,77969.3,78169.4,77914.3,78066.8,100.3415
1788263100000,78066.8,78159.5,78015.2,78055.5,64.7488
1788264000000,78055.5,78121.7,77911.6,77997.7,70.931
1788264900000,77997.7,78070.0,77884.7,77953.5,107.487
1788265800000,77953.5,77953.6,77700.7,77936.3,197.6767
1788266700000,77936.3,78046.2,77887.2,77963.8,104.2085
1788267600000,77963.8,77997.3,77435.7,77782.1,310.8419
1788268500000,77782.1,77870.7,77697.0,77852.5,85.276
1788269400000,77852.5,77992.2,77471.8,77882.4,263.9284
1788270300000,77882.4,78174.8,77815.2,78038.4,205.1595
1788271200000,78038.4,78387.8,78012.5,78231.4,462.5325
1788272100000,78231.4,78376.0,78101.5,78212.6,179.4446
1788273000000,78212.6,78376.4,78131.3,78362.3,80.6939
1788273900000,78362.3,78389.3,78094.8,78136.8,91.6319
1788274800000,78136.8,78136.8,77686.0,77787.6,354.1191
1788275700000,77787.6,77876.4,77712.9,77832.4,126.8808
1788276600000,77832.4,77956.0,77768.1,77956.0,105.4534
1788277500000,77956.0,78068.4,77874.5,77877.5,92.7208
1788278400000,77877.5,77940.0,77609.7,77629.8,192.0118
1788279300000,77629.8,77711.5,77426.6,77584.9,219.5245
1788280200000,77584.9,77663.6,77282.0,77406.1,324.9441
1788281100000,77406.1,77620.7,77391.8,77558.5,131.0523
1788282000000,77558.5,77611.7,77465.2,77486.1,130.5356
1788282900000,77486.1,77592.3,77373.0,77482.8,95.9081
1788283800000,77482.8,77684.8,77469.1,77484.2,74.3954
1788284700000,77484.2,77491.7,77213.3,77234.8,154.1266
1788285600000,77234.8,77336.2,77104.3,77190.9,314.7728
1788286500000,77190.9,77216.7,76700.5,77016.3,619.1329
1788287400000,77016.3,77087.6,76540.8,76542.5,431.7258
1788288300000,76542.5,77120.4,76372.5,77119.6,621.5009
1788289200000,77119.6,77273.9,77055.3,77174.0,244.6309
1788290100000,77174.0,77429.0,77100.3,77321.7,136.9242
1788291000000,77321.7,77350.0,77252.1,77275.2,48.4695
1788291900000,77275.2,77303.2,77161.2,77279.6,58.8832
1788292800000,77279.6,77390.0,77197.0,77390.0,69.6156
1788293700000,77390.0,77435.0,77288.0,77368.7,41.1466
1788294600000,77368.7,77435.5,77300.8,77357.4,50.8172
1788295500000,77357.4,77432.2,77315.5,77414.3,31.9968
1788296400000,77414.3,77490.2,77035.3,77079.4,137.5382
1788297300000,77079.4,77236.8,76877.7,77160.9,195.2525
1788298200000,77160.9,77195.1,77000.0,77115.8,36.0421
1788299100000,77115.8,77243.9,77096.9,77176.0,55.3212
1788300000000,77176.0,77283.0,77148.7,77265.2,38.9123
1788300900000,77265.2,77265.3,77030.0,77034.5,53.4492
1788301800000,77034.5,77157.6,76999.8,77122.3,35.4813
1788302700000,77122.3,77341.9,77122.3,77237.9,79.223
1788303600000,77237.9,77292.3,77178.1,77225.6,14.4603
1788304500000,77225.6,77361.9,77222.3,77360.0,15.9173
1788305400000,77360.0,77560.9,77340.4,77504.8,177.0725
1788306300000,77504.8,77607.7,77375.2,77396.9,74.4297
1788307200000,77396.9,77483.2,77319.3,77361.7,33.168
1788308100000,77361.7,77435.3,77226.1,77226.2,38.4132
1788309000000,77226.2,77305.8,77100.0,77201.2,70.6432
1788309900000,77201.2,77244.3,77148.5,77184.2,28.8751
1788310800000,77184.2,77346.2,77118.3,77313.2,74.2662
1788311700000,77313.2,77318.4,77112.1,77119.7,24.1983
1788312600000,77119.7,77157.3,76808.9,76854.9,129.4513
1788313500000,76854.9,77008.7,76682.3,76983.0,187.2145
1788314400000,76983.0,77177.0,76915.0,77050.5,207.3237
1788315300000,77050.5,77317.9,77045.3,77288.5,53.0587
1788316200000,77288.5,77288.6,77134.9,77189.4,72.7478
1788317100000,77189.4,77299.0,77166.7,77298.9,26.4128
1788318000000,77298.9,77574.7,77274.6,77476.4,155.055
1788318900000,77476.4,77766.9,77445.0,77616.2,252.9873
1788319800000,77616.2,77623.2,77476.3,77512.9,102.8134
1788320700000,77512.9,77612.5,77475.0,77530.7,26.8249
1788321600000,77530.7,77531.4,77326.4,77337.8,42.9451
1788322500000,77337.8,77419.3,77258.6,77399.6,47.1681
1788323400000,77399.6,77561.6,77395.7,77561.6,42.4505
1788324300000,77561.6,77572.0,77498.1,77525.2,14.611
1788325200000,77525.2,77574.7,77399.4,77572.1,30.1859
1788326100000,77572.1,77730.0,77572.1,77709.2,91.4749
1788327000000,77709.2,77730.0,77632.9,77668.9,32.4237
1788327900000,77668.9,77727.2,77546.1,77619.9,61.0223
1788328800000,77619.9,77690.4,77533.7,77550.2,40.4656
1788329700000,77550.2,77628.2,77508.9,77509.7,74.3338
1788330600000,77519.6,77651.0,77421.0,77583.2,57.9295
1788331500000,77583.2,77591.7,77461.0,77580.0,50.2547
1788332400000,77580.0,77731.5,77558.1,77642.9,41.0402
1788333300000,77642.9,77665.0,77556.2,77561.3,60.1685
1788334200000,77561.3,77601.3,77519.9,77522.2,27.4165
1788335100000,77522.2,77564.3,77440.0,77442.8,38.2551
1788336000000,77442.8,77518.4,77350.0,77389.8,64.862
1788336900000,77389.8,77448.7,77226.0,77226.2,106.2869
1788337800000,77226.2,77226.2,76915.2,76943.5,220.6243
1788338700000,76943.5,77008.0,76709.0,76828.2,325.1713
1788339600000,76828.2,77026.6,76827.2,76919.3,153.2154
1788340500000,76919.3,76949.9,76608.1,76866.3,230.3707
1788341400000,76866.3,76870.3,76484.5,76531.0,230.2981
1788342300000,76531.0,76722.8,76455.2,76720.0,141.2963
1788343200000,76720.0,76730.0,76534.2,76610.4,129.5348
1788344100000,76610.4,76669.8,76539.5,76542.8,77.9587
1788345000000,76542.8,76600.0,76440.9,76578.2,121.0376
1788345900000,76578.2,76662.4,76239.4,76647.1,344.7018
1788346800000,76647.1,76689.8,76480.0,76689.8,118.3274
1788347700000,76689.8,76721.0,76322.7,76471.6,206.7051
1788348600000,76471.6,76706.2,76449.2,76607.7,216.273
1788349500000,76607.7,76809.4,76561.1,76795.4,139.9417
1788350400000,76795.4,76811.9,76650.0,76796.0,108.3359
1788351300000,76796.0,77024.5,76728.2,76952.5,233.3886
1788352200000,76952.5,76958.5,76750.0,76789.0,159.6815
1788353100000,76789.0,76793.2,76574.2,76574.2,112.1514
1788354000000,76574.2,76850.5,76574.1,76703.1,119.9278
1788354900000,76703.1,76923.3,76671.3,76838.5,84.6076
1788355800000,76838.5,77365.0,76582.3,77348.3,337.9697
1788356700000,77348.3,77413.4,76961.4,77111.5,374.3922
1788357600000,77111.5,77308.4,76973.6,77303.3,137.8755
1788358500000,77303.3,77458.1,77192.4,77302.4,276.2656
1788359400000,77302.4,77370.0,77068.6,77290.3,161.0386
1788360300000,77290.3,77299.7,77024.5,77025.9,200.7831
1788361200000,77025.9,77145.7,76715.0,76782.0,413.3522
1788362100000,76782.0,77105.8,76782.0,76999.8,271.2834
1788363000000,76999.8,77352.0,76948.2,77329.8,326.9988
1788363900000,77329.8,77330.0,77100.0,77255.7,56.2445
1788364800000,77255.7,77362.1,77167.9,77318.8,118.046
1788365700000,77318.8,77546.4,77285.5,77425.7,171.0248
1788366600000,77425.7,77528.5,77223.1,77224.9,92.4181
1788367500000,77224.9,77321.9,77140.1,77140.1,147.693
1788368400000,77140.1,77213.6,77026.2,77091.4,93.8989
1788369300000,77091.4,77131.3,76917.0,77066.8,83.6002
1788370200000,77066.8,77274.7,77044.9,77274.7,76.8783
1788371100000,77274.7,77372.7,77270.0,77351.1,68.7837
1788372000000,77351.1,77411.5,77290.4,77379.6,48.2845
1788372900000,77379.6,77475.9,77350.4,77410.4,63.7259
1788373800000,77410.4,77417.8,77258.2,77277.5,54.6977
1788374700000,77277.5,77383.0,77254.4,77341.7,26.1627
1788375600000,77341.7,77371.2,77290.0,77350.1,23.5445
1788376500000,77350.1,77402.0,77123.4,77123.4,66.6961
1788377400000,77123.4,77217.0,77083.2,77196.1,75.1746
1788378300000,77196.1,77312.5,77111.1,77302.2,52.9407
1788379200000,77302.2,77489.7,77249.6,77327.3,99.7129
1788380100000,77327.3,77429.4,77170.5,77342.1,43.9637
1788381000000,77342.1,77446.9,77277.4,77333.7,22.1595
1788381900000,77333.7,77459.4,77264.6,77365.2,23.2499
1788382800000,77365.2,77365.3,77270.1,77286.6,12.3458
1788383700000,77286.6,77304.7,77205.3,77247.0,15.9899
1788384600000,77247.0,77396.8,77204.2,77394.5,55.1347
1788385500000,77394.5,77394.5,77238.3,77250.4,50.9722
1788386400000,77250.4,77250.5,77040.0,77116.7,76.1976
1788387300000,77116.7,77179.2,76983.0,76984.2,62.9185
1788388200000,76984.2,77130.2,76984.2,77089.4,53.5192
1788389100000,77089.4,77089.4,76991.8,76998.1,27.8709
1788390000000,76998.1,77188.3,76971.0,77188.2,53.2899
1788390900000,77188.2,77188.2,77099.6,77162.1,17.7749
1788391800000,77162.1,77221.4,77078.7,77115.3,24.3211
1788392700000,77115.3,77333.0,77115.3,77300.2,33.2078
1788393600000,77300.2,77359.1,77132.5,77132.7,48.0896
1788394500000,77132.7,77136.4,77000.0,77000.0,71.5729
1788395400000,77000.0,77095.8,76946.9,77078.5,70.1444
1788396300000,77078.5,77109.1,76991.2,77028.3,27.5892
1788397200000,77028.3,77397.2,76931.4,77378.1,94.6381
1788398100000,77378.1,77400.0,77250.0,77397.8,43.1185
1788399000000,77397.8,77516.2,77285.2,77308.7,237.1064
1788399900000,77308.7,77439.0,77255.5,77320.0,50.795
1788400800000,77320.0,77451.7,77206.4,77451.5,45.5268
1788401700000,77451.5,77585.9,77392.5,77564.8,203.6953
1788402600000,77564.8,77876.6,77519.2,77743.1,618.9119
1788403500000,77743.1,77839.9,77700.0,77778.3,73.8032
1788404400000,77778.3,77847.4,77664.3,77794.8,135.2857
1788405300000,77794.8,77851.6,77676.1,77705.8,54.648
1788406200000,77705.8,77748.0,77603.6,77630.5,188.785
1788407100000,77630.5,77711.5,77599.2,77667.5,56.3418
1788408000000,77667.5,77790.0,77595.4,77605.1,43.5045
1788408900000,77605.1,77626.1,77513.4,77544.0,121.1273
1788409800000,77544.0,77590.2,77520.1,77528.9,119.9173
1788410700000,77528.9,77762.4,77524.2,77746.0,78.6158
1788411600000,77746.0,77795.8,77568.5,77598.9,92.5051
1788412500000,77598.9,77618.0,77068.3,77163.5,619.7721
1788413400000,77163.5,77482.7,77134.6,77457.6,193.5329
1788414300000,77457.6,77800.0,77373.1,77777.0,174.5247
1788415200000,77777.0,77800.0,77656.3,77674.6,136.1281
1788416100000,77674.6,77748.4,77674.4,77713.2,34.2594
1788417000000,77713.2,77783.3,77652.9,77783.1,40.2117
1788417900000,77783.1,77816.6,77736.6,77790.0,46.1765
1788418800000,77790.0,78145.3,77768.3,78026.1,386.2835
1788419700000,78026.1,78027.8,77852.0,77910.9,158.8769
1788420600000,77910.9,78037.6,77823.9,77862.5,89.6564
1788421500000,77862.5,77902.4,77559.8,77628.0,205.0827
1788422400000,77628.0,78033.4,77628.0,77897.6,222.9387
1788423300000,77897.6,77949.7,77786.8,77949.2,45.4831
1788424200000,77949.2,77956.6,77834.0,77849.9,74.6844
1788425100000,77849.9,77878.8,77726.5,77805.2,100.2205
1788426000000,77805.2,77939.0,77770.0,77834.8,49.8154
1788426900000,77834.8,77883.2,77704.6,77704.7,62.2495
1788427800000,77704.7,77788.7,77627.0,77693.6,224.7368
1788428700000,77693.6,77750.0,77580.0,77580.2,145.815
1788429600000,77580.2,77650.0,77501.4,77535.8,197.9864
1788430500000,77535.8,77675.1,77490.1,77600.2,101.9308
1788431400000,77600.2,77623.9,77441.6,77477.8,126.7987
1788432300000,77477.8,77741.8,77467.2,77706.7,100.7412
1788433200000,77706.7,77790.3,77674.3,77789.5,129.7105
1788434100000,77789.5,77923.4,77789.5,77890.7,204.5973
1788435000000,77890.7,77954.0,77828.0,77898.3,229.4302
1788435900000,77898.3,77971.7,77843.4,77903.8,58.5168
1788436800000,77903.8,78065.2,77851.3,78044.4,126.2568
1788437700000,78044.4,78112.0,77902.1,77931.3,322.4496
1788438600000,77931.3,78408.0,77931.3,78276.4,823.9445
1788439500000,78276.4,78750.6,78210.2,78610.7,656.4615
1788440400000,78610.7,78735.6,78460.0,78516.2,286.1981
1788441300000,78516.2,78567.4,78413.9,78455.8,125.4939
1788442200000,78455.8,78886.0,78413.5,78878.4,457.5628
1788443100000,78878.4,78950.0,78694.9,78799.4,451.4883
1788444000000,78799.4,78963.0,78661.1,78952.8,349.5919
1788444900000,78952.8,79637.2,78949.0,79624.8,1034.7096
1788445800000,79624.8,79846.6,79550.0,79730.6,720.7375
1788446700000,79730.6,80541.8,79726.8,80519.8,1081.7089
1788447600000,80519.8,80934.0,80322.1,80532.3,852.1752
1788448500000,80532.3,80750.0,80439.7,80713.2,204.5293
1788449400000,80713.2,80982.0,80625.0,80828.2,395.757
1788450300000,80828.2,81337.8,80617.6,81318.9,649.0186
1788451200000,81318.9,81330.2,80756.3,80926.0,558.8107
1788452100000,80926.0,80926.0,80586.0,80727.7,364.6806
1788453000000,80727.7,80917.6,80727.5,80764.7,170.1456
1788453900000,80764.7,81008.8,80743.0,80933.9,131.0827
1788454800000,80933.9,81075.8,80849.4,81069.8,109.1995
1788455700000,81069.8,81105.2,80880.8,80965.6,131.323
1788456600000,80965.6,81135.8,80960.2,81034.7,153.2893
1788457500000,81034.7,81151.1,80967.2,81009.8,66.2296
1788458400000,81009.8,81298.6,80980.3,81216.7,219.9586
1788459300000,81216.7,81249.1,80908.0,80912.8,138.8645
1788460200000,80912.8,81017.3,80863.9,80948.4,76.1133
1788461100000,80948.4,81234.2,80920.4,81223.9,84.333
1788462000000,81223.9,81599.0,81131.0,81168.8,592.0357
1788462900000,81168.8,81575.7,81132.9,81506.2,363.124
1788463800000,81506.2,81568.4,81328.0,81498.4,136.4185
1788464700000,81498.4,81750.0,81405.0,81715.7,307.9051
1788465600000,81715.7,81733.0,81336.5,81375.7,367.3256
1788466500000,81375.7,81562.7,81348.4,81495.4,131.8733
1788467400000,81495.4,81600.0,81368.1,81432.4,78.5043
1788468300000,81432.4,81567.0,81371.3,81421.2,35.7321
1788469200000,81421.2,81592.7,81252.4,81555.1,154.0723
1788470100000,81555.1,81747.3,81469.6,81731.9,124.8407
1788471000000,81731.9,82264.7,81481.7,81481.7,916.7971
1788471900000,81481.7,81718.2,81387.0,81548.4,253.8758
1788472800000,81548.4,81574.4,81236.7,81345.6,224.6592
1788473700000,81345.6,81370.0,81076.8,81091.5,277.3256
1788474600000,81091.5,81209.0,80865.8,81160.3,210.4529
1788475500000,81160.3,81244.7,81024.8,81105.2,132.5729
1788476400000,81105.2,81180.9,81036.2,81133.3,39.1604
1788477300000,81133.3,81253.2,81118.4,81252.9,34.6379
1788478200000,81252.9,81307.6,81086.5,81198.8,76.4304
1788479100000,81198.8,81299.4,81145.4,81227.7,36.0729
1788480000000,81227.7,81268.8,81050.0,81222.6,37.105
1788480900000,81222.6,81315.0,81112.3,81115.6,42.4675
1788481800000,81115.6,81398.0,81095.6,81196.7,254.0271
1788482700000,81196.7,81230.0,80922.2,80932.5,94.5047
1788483600000,80932.5,81069.1,80880.7,80904.6,121.9525
1788484500000,80904.6,81008.0,80749.4,80793.2,164.4726
1788485400000,80793.2,80900.7,80734.0,80751.7,189.2212
1788486300000,80751.7,80991.0,80743.1,80934.0,91.9127
1788487200000,80934.0,80934.0,80740.6,80765.3,43.979
1788488100000,80765.3,80840.0,80650.0,80687.0,112.7672
1788489000000,80687.0,80813.9,80645.8,80703.9,61.2429
1788489900000,80703.9,80802.0,80639.1,80801.2,48.7219
1788490800000,80801.2,80975.0,80800.1,80900.0,102.1586
1788491700000,80900.0,80914.6,80799.3,80800.4,24.1695
1788492600000,80800.4,80861.2,80765.2,80841.8,39.6517
1788493500000,80841.8,80938.7,80804.0,80804.1,35.4975
1788494400000,80804.1,80931.6,80775.7,80931.6,35.8944
1788495300000,80931.6,81250.1,80917.8,81226.9,195.2624
1788496200000,81226.9,81236.8,80986.1,81000.0,69.0531
1788497100000,81000.0,81100.0,80980.9,81036.7,69.5836
1788498000000,81036.7,81043.3,80936.2,80950.2,38.1654
1788498900000,80950.2,81118.4,80903.2,80982.5,134.6238
1788499800000,80982.5,80982.5,80863.1,80951.8,109.6751
1788500700000,80951.8,81025.4,80816.7,80949.9,63.0862
1788501600000,80949.9,81056.2,80866.3,80976.9,93.084
1788502500000,80976.9,80998.4,80657.9,80689.0,188.1157
1788503400000,80689.0,80818.6,80541.9,80810.0,235.7198
1788504300000,80810.0,80828.6,80664.0,80769.9,61.9247
1788505200000,80769.9,80932.1,80752.7,80894.5,85.2646
1788506100000,80894.5,80937.0,80808.5,80823.1,37.0382
1788507000000,80823.1,80877.5,80714.4,80736.9,87.1961
1788507900000,80736.9,80753.2,80613.4,80628.1,135.001
1788508800000,80628.1,80744.4,80479.8,80744.4,322.0457
1788509700000,80744.4,80968.8,80736.8,80947.2,192.8269
1788510600000,80947.2,81120.0,80939.3,81016.7,179.7532
1788511500000,81016.7,81200.0,80966.0,81112.1,189.5209
1788512400000,81112.1,81199.5,81040.1,81050.6,158.8672
1788513300000,81050.6,81272.4,80891.2,81000.1,497.7398
1788514200000,81000.1,81188.1,80950.8,81131.1,226.6961
1788515100000,81131.1,81181.8,80987.6,81013.7,64.4136
1788516000000,81013.7,81091.1,80860.0,80931.2,284.3393
1788516900000,80931.2,80941.6,80790.3,80921.0,200.7737
1788517800000,80921.0,81077.1,80873.6,81038.2,74.2775
1788518700000,81038.2,81153.2,80986.8,81150.2,68.7227
1788519600000,81150.2,81180.0,81041.1,81153.8,132.4311
1788520500000,81153.8,81375.0,81099.8,81293.0,200.5693
1788521400000,81293.0,81309.2,81150.3,81212.8,133.3261
1788522300000,81212.8,81304.0,81166.5,81186.7,95.5358
1788523200000,81186.7,81234.1,81098.0,81210.6,55.7756
1788524100000,81210.6,81318.5,81085.8,81312.8,114.451
1788525000000,81312.8,81312.8,79379.7,79658.0,1733.1303
1788525900000,79658.0,79671.4,79146.5,79423.9,774.1148
1788526800000,79423.9,79546.2,79160.0,79200.0,352.0776
1788527700000,79200.0,79457.3,79172.4,79278.4,224.7147
1788528600000,79278.4,79512.3,78949.9,79375.0,360.6423
1788529500000,79375.0,79675.0,79203.5,79345.5,645.8539
1788530400000,79345.5,79536.7,79221.0,79387.8,195.6896
1788531300000,79387.8,79476.1,79059.6,79335.4,162.9741
1788532200000,79335.4,79435.0,78863.4,78997.4,188.4564
1788533100000,78997.4,79113.8,78620.3,78872.3,576.1052
1788534000000,78872.3,79170.9,78755.3,79166.1,319.2963
1788534900000,79166.1,79388.7,79130.4,79370.7,167.8242
1788535800000,79370.7,79500.3,79314.7,79480.1,198.1245
1788536700000,79480.1,79509.5,79349.2,79382.4,84.1343
1788537600000,79382.4,79486.3,79322.0,79407.2,53.996
1788538500000,79407.2,79521.0,79394.1,79510.5,43.7882
1788539400000,79510.5,79831.0,79494.2,79805.8,240.0398
1788540300000,79805.8,79829.1,79680.9,79705.5,72.0644
1788541200000,79705.5,79715.3,79584.0,79584.0,77.7925
1788542100000,79584.0,79606.9,79465.0,79469.8,245.4565
1788543000000,79469.8,79544.4,79390.0,79436.3,52.9204
1788543900000,79436.3,79480.9,79341.0,79427.2,67.6284
1788544800000,79427.2,79555.5,79427.1,79481.5,47.3563
1788545700000,79481.5,79581.4,79481.4,79498.6,57.3133
1788546600000,79498.6,79616.0,79494.3,79600.0,22.0575
1788547500000,79600.0,79621.0,79551.1,79575.1,30.5214
1788548400000,79575.1,79689.3,79575.0,79661.4,49.524
1788549300000,79661.4,79766.6,79635.7,79760.0,49.362
1788550200000,79760.0,79760.0,79587.9,79642.6,412.7796
1788551100000,79642.6,79768.2,79590.9,79748.0,135.9618
1788552000000,79748.0,79824.3,79705.6,79769.4,345.0411
1788552900000,79769.4,79793.4,79695.5,79718.1,452.385
1788553800000,79718.1,79733.6,79636.7,79675.5,24.1893
1788554700000,79675.5,79736.7,79623.3,79659.6,17.773
1788555600000,79659.6,79751.4,79652.7,79726.3,18.724
1788556500000,79726.3,79765.3,79691.4,79731.4,10.1605
1788557400000,79731.4,79780.3,79702.7,79739.3,20.3857
1788558300000,79739.3,79767.2,79475.0,79585.3,154.9612
1788559200000,79585.3,79721.1,79584.1,79649.7,23.116
1788560100000,79649.7,79666.1,79603.2,79662.0,15.6635
1788561000000,79662.0,79676.4,79615.1,79615.5,9.3621
1788561900000,79615.5,79643.3,79581.0,79596.4,15.393
1788562800000,79596.4,79607.9,79551.5,79569.4,32.4282
1788563700000,79569.4,79720.8,79569.4,79690.0,61.4533
1788564600000,79690.0,79690.0,79625.7,79625.7,24.8369
1788565500000,79625.7,79626.3,79577.2,79622.3,26.1669
1788566400000,79622.3,79681.1,79573.4,79629.9,13.3004
1788567300000,79629.9,79629.9,79557.6,79613.9,16.3347
1788568200000,79613.9,79659.7,79585.5,79588.2,9.5086
1788569100000,79588.2,79610.6,79517.6,79538.6,23.5597
1788570000000,79538.6,79644.0,79517.0,79588.0,37.9098
1788570900000,79588.0,79661.4,79563.3,79652.5,22.6866
1788571800000,79652.5,79673.8,79566.5,79599.0,23.498
1788572700000,79599.0,79630.0,79500.0,79500.0,39.9688
1788573600000,79500.0,79563.4,79435.0,79525.2,39.9485
1788574500000,79525.2,79559.4,79480.0,79486.2,13.18
1788575400000,79486.2,79583.1,79486.2,79575.3,15.7043
1788576300000,79575.3,79575.5,79500.0,79529.8,10.8437
1788577200000,79529.8,79529.8,79473.4,79515.7,20.8468
1788578100000,79515.7,79567.0,79515.6,79540.7,17.7679
1788579000000,79540.7,79590.7,79540.5,79587.8,10.2101
1788579900000,79587.8,79600.0,79540.0,79545.6,7.1068
1788580800000,79545.6,79554.4,79477.0,79500.9,9.7331
1788581700000,79500.9,79538.3,79500.8,79515.1,9.4265
1788582600000,79515.1,79545.6,79487.0,79500.4,7.4046
1788583500000,79500.4,79514.0,79459.6,79459.6,10.9467
1788584400000,79459.6,79526.9,79407.2,79522.7,45.144
1788585300000,79522.7,79552.7,79479.0,79552.5,10.9891
1788586200000,79552.5,79570.0,79477.1,79480.9,38.3671
1788587100000,79480.9,79565.1,79456.0,79539.2,29.8939
1788588000000,79539.2,79601.4,79535.4,79588.4,126.2678
1788588900000,79588.4,79612.6,79573.1,79606.9,35.1858
1788589800000,79606.9,79673.0,79586.2,79622.9,16.1804
1788590700000,79622.9,79647.0,79602.0,79602.0,21.7635
1788591600000,79602.0,79657.6,79598.3,79646.2,116.1601
1788592500000,79646.2,79683.7,79630.4,79680.8,27.5208
1788593400000,79680.8,79713.2,79663.4,79684.1,23.0542
1788594300000,79684.1,79722.7,79650.7,79670.9,19.6984
1788595200000,79670.9,79671.4,79589.9,79615.8,35.0188
1788596100000,79615.8,79684.6,79566.3,79603.7,22.4493
1788597000000,79603.7,79603.7,79525.0,79577.6,25.853
1788597900000,79577.6,79630.0,79555.6,79611.9,15.0805
1788598800000,79611.9,79695.7,79606.5,79684.6,17.0793
1788599700000,79684.6,79684.7,79654.6,79657.2,11.5594
1788600600000,79657.2,79680.9,79619.8,79646.0,15.3874
1788601500000,79646.0,79646.5,79567.9,79592.4,12.0228
1788602400000,79592.4,79605.1,79575.9,79580.0,12.9892
1788603300000,79580.0,79627.1,79566.5,79579.3,21.4192
1788604200000,79579.3,79631.1,79563.7,79567.6,13.7077
1788605100000,79567.6,79630.8,79550.6,79576.3,8.96
1788606000000,79576.3,79635.3,79576.3,79614.0,37.0602
1788606900000,79614.0,79614.0,79576.9,79586.6,11.7163
1788607800000,79586.6,79600.1,79565.7,79565.7,8.4569
1788608700000,79565.7,79645.1,79564.7,79573.2,12.3666
1788609600000,79573.2,79634.1,79571.0,79619.4,15.1374
1788610500000,79619.4,79639.6,79610.7,79611.6,8.5717
1788611400000,79611.6,79731.6,79569.4,79683.5,40.9725
1788612300000,79683.5,79723.0,79632.8,79664.0,33.0442
1788613200000,79664.0,79680.3,79624.7,79680.2,29.0817
1788614100000,79680.2,79720.8,79633.3,79708.4,37.1024
1788615000000,79708.4,79710.0,79601.5,79618.4,34.3847
1788615900000,79618.4,79650.5,79505.8,79571.6,59.6611
1788616800000,79571.6,79650.0,79571.6,79628.5,21.1467
1788617700000,79628.5,79697.9,79628.5,79685.3,15.8445
1788618600000,79685.3,79706.3,79652.5,79671.8,29.8853
1788619500000,79671.8,79715.4,79671.1,79671.9,18.1895
1788620400000,79671.9,79721.5,79671.4,79685.4,32.6683
1788621300000,79685.4,79743.0,79640.0,79650.7,48.5177
1788622200000,79650.7,79728.3,79650.7,79706.1,67.1415
1788623100000,79706.1,79768.6,79660.0,79758.9,35.2102
1788624000000,79758.9,79806.3,79683.7,79737.9,72.5203
1788624900000,79737.9,79859.8,79736.6,79856.0,110.3324
1788625800000,79856.0,79954.9,79839.1,79896.0,81.8327
1788626700000,79896.0,80171.6,79886.6,80002.3,271.8219
1788627600000,80002.3,80116.2,79971.8,80091.9,77.1029
1788628500000,80091.9,80116.0,79939.0,79992.8,47.4666
1788629400000,79992.8,80096.2,79950.0,80010.3,98.4661
1788630300000,80010.3,80063.4,79987.2,80028.7,46.4595
1788631200000,80028.7,80049.2,79939.2,79963.9,38.7772
1788632100000,79963.9,80014.6,79916.7,79917.8,21.3684
1788633000000,79917.8,80012.4,79890.4,79933.5,93.0819
1788633900000,79933.5,79967.1,79890.7,79960.6,28.2522
1788634800000,79960.6,79960.7,79872.2,79900.6,20.3487
1788635700000,79900.6,79950.1,79861.5,79925.7,11.3812
1788636600000,79925.7,79935.8,79719.0,79818.9,136.5066
1788637500000,79818.9,79820.7,79671.4,79712.3,58.0487
1788638400000,79712.3,79800.0,79676.5,79702.2,51.8404
1788639300000,79702.2,79791.9,79651.3,79683.5,60.4877
1788640200000,79683.5,79747.5,79647.0,79747.4,14.3549
1788641100000,79747.4,79762.1,79690.0,79701.6,14.7617
1788642000000,79701.6,79760.0,79685.2,79748.7,38.3334
1788642900000,79748.7,79840.3,79733.6,79819.4,15.4539
1788643800000,79819.4,79890.2,79768.9,79879.1,14.9499
1788644700000,79879.1,79899.5,79817.8,79869.2,31.9738
1788645600000,79869.2,79896.8,79810.4,79880.2,24.6148
1788646500000,79880.2,79899.0,79724.7,79770.8,22.2099
1788647400000,79770.8,79818.5,79721.0,79734.2,13.8907
1788648300000,79734.2,79780.3,79710.9,79753.5,18.7631
1788649200000,79753.5,79753.5,79678.1,79717.2,9.1079
1788650100000,79717.2,79791.4,79708.1,79766.1,26.4137
1788651000000,79766.1,79802.8,79676.9,79773.7,19.2901
1788651900000,79773.7,79857.9,79740.2,79795.2,7.8705
1788652800000,79795.2,79878.3,79785.8,79869.6,21.0956
1788653700000,79869.6,79895.7,79831.7,79888.6,12.7097
1788654600000,79888.6,79906.7,79835.6,79836.5,49.3794
1788655500000,79836.5,79902.7,79823.0,79834.1,12.3029
1788656400000,79834.1,79966.6,79834.1,79917.9,39.9426
1788657300000,79917.9,79970.9,79846.5,79880.5,23.9303
1788658200000,79880.5,80030.1,79880.2,79937.3,119.8029
1788659100000,79937.3,79979.2,79900.0,79907.8,22.3789
1788660000000,79907.8,80000.0,79855.6,79957.7,28.5596
1788660900000,79957.7,79964.8,79862.9,79872.6,18.2796
1788661800000,79872.6,79913.1,79840.0,79844.6,42.0182
1788662700000,79844.6,79877.8,79840.0,79871.0,26.1982
1788663600000,79871.0,79898.8,79840.0,79898.8,15.2586
1788664500000,79898.8,79960.0,79855.9,79865.9,15.2819
1788665400000,79865.9,80074.8,79865.9,80074.0,84.2243
1788666300000,80074.0,80077.3,79967.7,79993.6,41.9265
1788667200000,79993.6,79994.0,79916.8,79935.6,17.0996
1788668100000,79935.6,79952.6,79841.5,79890.0,31.3737
1788669000000,79890.0,79903.1,79863.4,79885.5,32.984
1788669900000,79885.5,79916.6,79822.4,79824.6,36.0838
1788670800000,79824.6,79869.4,79758.7,79776.5,40.9608
1788671700000,79776.5,79848.6,79760.1,79815.9,20.7512
1788672600000,79815.9,80074.0,79815.9,79981.8,62.0341
1788673500000,79981.8,80005.1,79912.8,79959.0,16.6863
1788674400000,79959.0,79959.1,79883.2,79889.7,23.9758
1788675300000,79889.7,79901.6,79779.1,79796.3,41.4757
1788676200000,79796.3,79840.4,79744.0,79781.2,42.1576
1788677100000,79781.2,79781.2,79665.0,79737.2,62.8104
1788678000000,79737.2,79800.0,79535.1,79640.0,155.349
1788678900000,79640.0,79828.6,79638.7,79784.6,50.6455
1788679800000,79784.6,79850.0,79743.0,79807.5,20.3191
1788680700000,79807.5,79815.6,79724.2,79780.0,51.9336
1788681600000,79780.0,79860.9,79766.3,79832.7,53.0102
1788682500000,79832.7,79834.7,79759.4,79766.5,17.1125
1788683400000,79766.5,79779.0,79720.8,79750.4,53.8133
1788684300000,79750.4,79840.0,79722.7,79808.4,15.1453
1788685200000,79808.4,79894.9,79748.0,79894.8,35.3303
1788686100000,79894.8,79950.0,79882.0,79936.4,66.3355
1788687000000,79936.4,79955.4,79810.4,79828.7,47.4162
1788687900000,79828.7,79869.3,79812.0,79848.0,83.0375
1788688800000,79848.0,79909.9,79848.0,79887.3,30.0344
1788689700000,79887.3,79947.5,79881.3,79938.4,81.2045
1788690600000,79938.4,79981.2,79926.9,79981.1,21.3134
1788691500000,79981.1,79984.8,79939.5,79960.4,17.8362
1788692400000,79960.4,79960.4,79881.1,79944.4,84.6848
1788693300000,79944.4,79953.6,79871.0,79871.2,20.1761
1788694200000,79871.2,79936.7,79852.9,79920.2,69.2789
1788695100000,79920.2,79925.5,79869.4,79877.1,11.5343
1788696000000,79877.1,79907.0,79820.4,79896.6,15.7306
1788696900000,79896.6,79970.4,79896.5,79933.3,69.2862
1788697800000,79933.3,79978.0,79898.6,79899.4,16.7915
1788698700000,79899.4,79965.7,79878.1,79882.8,17.9437
1788699600000,79882.8,79936.0,79834.4,79848.8,32.0653
1788700500000,79848.8,79848.8,79748.8,79757.7,75.5448
1788701400000,79757.7,79825.5,79700.0,79764.0,77.2314
1788702300000,79764.0,79834.3,79741.3,79795.0,29.9725
1788703200000,79795.0,79811.3,79704.7,79710.0,24.0893
1788704100000,79710.0,79767.1,79560.0,79630.4,157.8039
1788705000000,79630.4,79715.9,79200.0,79684.4,375.0428
1788705900000,79684.4,79684.6,79485.1,79504.2,132.7929
1788706800000,79504.2,79544.0,79336.8,79508.9,131.868
1788707700000,79508.9,79630.1,79504.2,79601.8,35.0397
1788708600000,79601.8,79676.3,79554.1,79655.3,43.9416
1788709500000,79655.3,79692.0,79622.1,79676.0,36.8419
1788710400000,79676.0,79702.7,79564.3,79657.8,48.6345
1788711300000,79657.8,79695.6,79600.0,79683.1,46.1489
1788712200000,79683.1,79748.7,79650.3,79689.7,46.2288
1788713100000,79689.7,79695.6,79600.0,79650.0,18.1773
1788714000000,79650.0,79650.1,79543.9,79597.4,28.2871
1788714900000,79597.4,79737.8,79597.3,79659.7,24.2237
1788715800000,79659.7,79733.3,79641.4,79707.2,35.9127
1788716700000,79707.2,79759.1,79689.4,79704.6,21.2704
1788717600000,79704.6,79838.5,79704.5,79804.7,134.5169
1788718500000,79804.7,79883.0,79791.4,79881.4,37.4821
1788719400000,79881.4,79933.1,79881.4,79909.8,53.1035
1788720300000,79909.8,79922.5,79859.5,79910.6,23.5188
1788721200000,79910.6,79910.9,79822.4,79830.9,41.6011
1788722100000,79830.9,79855.8,79786.5,79811.1,15.4251
1788723000000,79811.1,79811.3,79765.1,79772.2,57.9108
1788723900000,79772.2,79800.1,79762.1,79794.7,33.5088
1788724800000,79794.7,79794.7,79741.9,79779.9,24.6523
1788725700000,79779.9,79917.7,79779.0,79891.3,81.1063
1788726600000,79891.3,79934.2,79866.9,79912.9,32.0422
1788727500000,79912.9,79936.4,79854.9,79875.0,19.2553
1788728400000,79875.0,79976.3,79875.0,79974.3,59.7429
1788729300000,79974.3,79996.0,79854.5,79860.2,72.5482
1788730200000,79860.2,79943.7,79831.6,79873.2,17.1943
1788731100000,79873.2,79966.6,79828.9,79905.2,12.348
1788732000000,79905.2,79906.1,79638.4,79713.9,81.409
1788732900000,79713.9,79796.3,79603.8,79784.1,42.3741
1788733800000,79784.1,79975.0,79772.8,79928.2,53.526
1788734700000,79928.2,80060.0,79903.9,80008.6,103.857
1788735600000,80008.6,80313.9,79965.1,80146.6,223.4463
1788736500000,80146.6,80244.0,80057.4,80086.8,61.1042
1788737400000,80086.8,80449.8,80074.0,80344.4,176.9975
1788738300000,80344.4,80515.7,80260.0,80299.8,106.4773
1788739200000,80299.8,80422.0,80199.0,80288.4,78.9957
1788740100000,80288.4,80301.4,80016.0,80163.8,94.2998
1788741000000,80163.8,80239.1,80065.4,80102.0,84.1037
1788741900000,80102.0,80160.1,80034.1,80119.4,41.7396
1788742800000,80119.4,80200.9,79906.5,79921.1,95.2796
1788743700000,79921.1,79980.3,79819.6,79881.0,130.6445
1788744600000,79881.0,79953.5,79791.1,79817.2,60.838
1788745500000,79817.2,79938.8,79792.2,79886.9,52.062
1788746400000,79886.9,79905.8,79756.1,79799.3,75.3972
1788747300000,79799.3,80013.8,79799.2,79994.8,33.3273
1788748200000,79994.8,80394.7,79964.3,80220.2,115.5052
1788749100000,80220.2,80250.0,79792.1,79837.1,113.5636
1788750000000,79837.1,79951.2,79730.4,79759.1,173.1803
1788750900000,79759.1,79804.1,79685.4,79690.1,74.5971
1788751800000,79690.1,79736.7,79552.4,79601.6,79.3394
1788752700000,79601.6,79652.1,79534.0,79558.6,81.6831
1788753600000,79558.6,79654.5,79520.3,79654.5,102.8288
1788754500000,79654.5,79680.1,79575.4,79575.4,79.1624
1788755400000,79575.4,79662.9,79503.1,79646.9,76.9233
1788756300000,79646.9,79695.1,79609.2,79690.0,43.9722
1788757200000,79690.0,79745.2,79628.9,79732.2,42.1601
1788758100000,79732.2,79886.3,79726.4,79815.3,142.0232
1788759000000,79815.3,79827.0,79761.6,79824.1,24.2041
1788759900000,79824.1,79826.1,79713.4,79713.4,42.6157
1788760800000,79713.4,79787.9,79705.7,79773.5,62.211
1788761700000,79773.5,79773.5,79656.9,79671.5,20.9218
1788762600000,79671.5,79700.0,79614.3,79634.4,14.7075
1788763500000,79634.4,79646.3,79602.2,79628.9,19.4723
1788764400000,79628.9,79650.0,79548.4,79577.9,97.3837
1788765300000,79577.9,79594.9,79370.3,79389.0,212.8753
1788766200000,79389.0,79484.7,78960.0,79244.1,482.807
1788767100000,79244.1,79366.3,79243.9,79356.0,68.8611
1788768000000,79356.0,79462.5,79347.8,79421.2,153.5414
1788768900000,79421.2,79484.5,79412.4,79430.3,72.0605
1788769800000,79430.3,79496.5,79391.6,79443.8,40.9684
1788770700000,79443.8,79466.7,79379.5,79395.3,35.6716
1788771600000,79395.3,79514.2,79376.7,79491.2,42.5393
1788772500000,79491.2,79503.9,79380.0,79445.8,49.9892
1788773400000,79445.8,79446.0,79286.5,79352.5,41.3021
1788774300000,79352.5,79418.4,79254.9,79276.6,138.8831
1788775200000,79276.6,79368.4,79276.6,79339.4,27.4824
1788776100000,79339.4,79396.2,79333.0,79382.0,28.9179
1788777000000,79382.0,79408.0,79347.9,79407.8,38.951
1788777900000,79407.8,79416.8,79308.0,79325.3,21.6515
1788778800000,79325.3,79372.9,79239.0,79372.8,73.8725
1788779700000,79372.8,79435.0,79359.0,79402.0,69.7333
1788780600000,79402.0,79447.7,79368.8,79372.2,56.6105
1788781500000,79372.2,79396.7,79326.9,79377.3,164.0053
1788782400000,79377.3,79461.5,79362.3,79383.9,49.4437
1788783300000,79383.9,79496.5,79371.7,79490.0,42.6025
1788784200000,79490.0,79492.0,79421.6,79440.8,77.0035
1788785100000,79440.8,79595.0,79440.4,79564.1,104.5536
1788786000000,79564.1,79610.2,79489.9,79579.8,104.4791
1788786900000,79579.8,79607.3,79537.3,79605.4,53.8088
1788787800000,79605.4,79605.5,79271.1,79339.3,327.1237
1788788700000,79339.3,79384.3,79281.9,79315.1,92.2444
1788789600000,79315.1,79360.1,79079.9,79144.2,294.3124
1788790500000,79144.2,79194.8,79006.5,79016.9,197.2982
1788791400000,79016.9,79070.4,78920.8,78997.0,203.3105
1788792300000,78997.0,79245.9,78995.7,79157.4,154.7503
1788793200000,79157.4,79157.5,78999.0,79006.2,115.2976
1788794100000,79006.2,79109.5,78812.5,78996.4,310.4694
1788795000000,78996.4,79026.6,78652.1,78738.3,281.0644
1788795900000,78738.3,78900.0,78661.5,78787.2,179.3474
1788796800000,78787.2,78885.8,78713.2,78873.9,71.4574
1788797700000,78873.9,78873.9,78768.4,78799.8,100.638
1788798600000,78799.8,79000.2,78799.3,78967.8,121.4262
1788799500000,78967.8,78988.4,78933.4,78987.8,41.6123
1788800400000,78987.8,79123.0,78970.8,79120.1,68.3013
1788801300000,79120.1,79123.0,79058.3,79088.2,71.6669
1788802200000,79088.2,79139.5,79035.3,79121.7,32.3237
1788803100000,79121.7,79188.4,79100.2,79154.9,57.42
1788804000000,79154.9,79180.0,79111.3,79138.9,34.2104
1788804900000,79138.9,79160.3,79093.3,79109.3,63.3446
1788805800000,79109.3,79119.0,79053.7,79117.1,30.2277
1788806700000,79117.1,79211.3,79048.3,79160.8,54.8562
1788807600000,79160.8,79160.9,79117.9,79130.0,23.1803
1788808500000,79130.0,79210.3,79126.3,79191.8,17.0377
1788809400000,79191.8,79372.0,79191.8,79302.7,149.2825
1788810300000,79302.7,79345.6,79265.4,79325.8,19.1271
1788811200000,79325.8,79361.7,79180.0,79204.0,35.4683
1788812100000,79204.0,79229.4,79151.3,79180.7,26.0381
1788813000000,79180.7,79230.0,79153.7,79155.0,45.2663
1788813900000,79155.0,79226.4,79132.7,79202.6,29.3192
1788814800000,79202.6,79230.0,79170.5,79230.0,12.7292
1788815700000,79230.0,79244.1,79175.5,79194.0,13.0791
1788816600000,79194.0,79200.9,79137.5,79154.3,10.8336
1788817500000,79154.3,79182.3,79130.0,79130.2,14.9454
1788818400000,79130.2,79179.5,79036.2,79117.3,32.6116
1788819300000,79117.3,79168.0,78984.8,79064.9,57.0939
1788820200000,79064.9,79065.0,78750.3,78786.7,99.5689
1788821100000,78786.7,78935.6,78786.7,78913.5,57.0846
1788822000000,78913.5,79138.9,78891.8,79096.8,115.3465
1788822900000,79096.8,79100.0,78926.2,78973.0,17.3991
1788823800000,78973.0,79085.5,78948.5,79085.5,14.8201
1788824700000,79085.5,79178.6,79068.1,79074.5,67.2678
1788825600000,79074.5,79082.9,78953.0,79021.2,31.1447
1788826500000,79021.2,79119.5,78932.3,78967.5,23.7448
1788827400000,78967.5,79248.7,78947.7,79184.5,46.3457
1788828300000,79184.5,79277.6,79164.6,79276.8,47.8079
1788829200000,79276.8,79340.1,79227.6,79258.8,87.8072
1788830100000,79258.8,79432.2,79230.8,79362.0,107.4155
1788831000000,79362.0,79362.1,79274.7,79289.5,27.396
1788831900000,79289.5,79424.2,79270.4,79405.7,44.9526
1788832800000,79405.7,79408.5,79218.4,79300.7,37.5262
1788833700000,79300.7,79453.3,79212.1,79231.3,61.8422
1788834600000,79231.3,79250.0,79063.5,79097.2,88.998
1788835500000,79097.2,79119.6,78900.8,78900.8,86.4466
1788836400000,78900.8,78975.0,78848.0,78880.2,58.6262
1788837300000,78880.2,78910.0,78695.6,78745.7,124.5389
1788838200000,78745.7,78959.0,78724.8,78917.8,57.5672
1788839100000,78917.8,78960.0,78836.4,78876.4,39.7172
1788840000000,78876.4,78900.0,78751.1,78784.4,29.2327
1788840900000,78784.4,78830.1,78722.6,78786.6,72.25
1788841800000,78786.6,78850.0,78706.7,78754.5,51.8121
1788842700000,78754.5,78788.5,78645.0,78646.8,69.901
1788843600000,78646.8,78778.4,78516.6,78668.9,237.7756
1788844500000,78668.9,78848.0,78625.3,78789.8,66.7062
1788845400000,78789.8,78794.2,78590.5,78590.8,63.8271
1788846300000,78590.8,78687.9,78534.1,78548.3,57.5558
1788847200000,78548.3,78596.3,78421.5,78557.6,189.8866
1788848100000,78557.6,78600.0,78328.4,78345.9,242.1185
1788849000000,78345.9,78414.9,78321.2,78386.3,102.2378
1788849900000,78386.3,78465.8,78224.3,78288.2,184.519
1788850800000,78288.2,78412.5,78259.5,78376.3,77.8397
1788851700000,78376.3,78483.0,78346.8,78436.0,82.8788
1788852600000,78436.0,78566.5,78402.9,78403.5,80.6361
1788853500000,78403.5,78439.5,78157.3,78439.5,498.1899
1788854400000,78439.5,78439.5,78249.9,78358.8,62.3903
1788855300000,78358.8,78476.9,78270.7,78443.2,58.8266
1788856200000,78443.2,78532.0,78415.5,78497.5,50.8073
1788857100000,78497.5,78545.6,78348.7,78392.9,29.6201
1788858000000,78392.9,78464.4,78305.5,78452.7,119.6108
1788858900000,78452.7,78477.3,78310.5,78439.4,404.9039
1788859800000,78439.4,78740.6,78412.5,78730.3,305.7787
1788860700000,78730.3,78768.9,78693.1,78722.8,62.9318
1788861600000,78722.8,78730.0,78633.1,78706.5,46.9008
1788862500000,78706.5,78966.6,78697.1,78814.5,121.7298
1788863400000,78814.5,78837.8,78618.7,78635.7,102.8727
1788864300000,78635.7,78655.0,78528.1,78528.1,149.861
1788865200000,78528.1,78543.1,78255.8,78278.3,208.3012
1788866100000,78278.3,78449.1,78274.4,78410.9,121.9724
1788867000000,78410.9,78462.7,78377.0,78406.1,29.4637
1788867900000,78406.1,78430.3,78332.8,78393.9,32.6367
1788868800000,78393.9,78394.1,78183.1,78185.9,284.1202
1788869700000,78185.9,78367.5,78185.9,78344.7,99.3164
1788870600000,78344.7,78418.8,78269.4,78304.0,85.1605
1788871500000,78304.0,78449.2,78268.3,78419.8,73.7778
1788872400000,78419.8,78514.1,78374.4,78440.4,97.0651
1788873300000,78440.4,78457.4,78283.8,78310.3,110.6593
1788874200000,78310.3,78343.9,77659.1,77813.0,1162.1101
1788875100000,77813.0,78062.1,77611.7,77936.4,531.5253
1788876000000,77936.4,78160.0,77826.1,78122.9,292.0203
1788876900000,78122.9,78340.4,78122.9,78307.4,221.2084
1788877800000,78307.4,78402.0,78211.1,78379.2,285.6195
1788878700000,78379.2,78587.3,78349.0,78526.0,236.0342
1788879600000,78526.0,78630.3,78440.6,78608.6,210.4135
1788880500000,78608.6,78677.5,78419.8,78423.5,240.7193
1788881400000,78423.5,78738.6,78416.2,78680.6,114.1306
1788882300000,78680.6,78874.4,78635.0,78868.7,200.0304
1788883200000,78868.7,78872.4,78594.8,78616.3,310.9551
1788884100000,78616.3,78648.0,78545.7,78601.0,114.6843
1788885000000,78601.0,78931.0,78584.1,78758.4,339.0527
1788885900000,78758.4,78844.5,78620.5,78701.9,230.3004
1788886800000,78701.9,78854.2,78626.9,78671.1,175.7521
1788887700000,78671.1,78681.9,78504.9,78560.7,105.8843
1788888600000,78560.7,78630.6,78492.0,78492.1,57.5568
1788889500000,78492.1,78612.5,78462.4,78468.5,88.3004
1788890400000,78468.5,78688.8,78457.6,78638.4,89.9594
1788891300000,78638.4,78782.7,78632.9,78699.4,103.3941
1788892200000,78699.4,78742.0,78545.6,78572.3,70.4252
1788893100000,78572.3,78620.8,78242.8,78402.6,237.1322
1788894000000,78402.6,78488.6,78358.6,78434.3,79.9246
1788894900000,78434.3,78492.5,78307.8,78438.9,108.8624
1788895800000,78438.9,78486.4,78301.9,78375.8,24.1729
1788896700000,78375.8,78411.4,78280.2,78408.1,65.6254
1788897600000,78408.1,78587.6,78369.8,78571.9,124.0664
1788898500000,78571.9,78582.3,78414.8,78550.6,42.3761
1788899400000,78550.6,78550.6,78379.3,78495.2,68.504
1788900300000,78495.2,78527.5,78431.0,78449.4,17.6825
1788901200000,78449.4,78540.7,78432.8,78520.5,10.2486
1788902100000,78520.5,78586.4,78467.6,78500.0,10.7213
1788903000000,78500.0,78529.8,78409.0,78489.4,20.1607
1788903900000,78489.4,78498.3,78367.5,78459.1,43.3924
1788904800000,78459.1,78616.6,78420.0,78471.5,27.9079
1788905700000,78471.5,78541.1,78435.6,78469.9,8.3041
1788906600000,78469.9,78502.5,78416.2,78457.4,9.2752
1788907500000,78457.4,78548.6,78455.6,78525.7,18.682
1788908400000,78525.7,78555.5,78429.9,78466.3,18.1685
1788909300000,78466.3,78476.0,78402.0,78432.6,26.5773
1788910200000,78432.6,78437.9,78411.2,78415.6,19.1001
1788911100000,78415.6,78434.9,78370.8,78424.5,24.1778
1788912000000,78424.5,78699.8,78420.4,78686.1,142.361
1788912900000,78686.1,78715.8,78565.7,78595.4,48.2162
1788913800000,78595.4,78664.6,78533.0,78664.4,26.4924
1788914700000,78664.4,78760.0,78664.0,78743.5,64.4436
1788915600000,78743.5,78834.1,78666.9,78703.9,68.4391
1788916500000,78703.9,78744.0,78600.0,78701.9,25.3155
1788917400000,78701.9,78840.8,78666.0,78804.1,50.7383
1788918300000,78804.1,78852.4,78778.1,78849.6,30.1814
1788919200000,78849.6,78888.0,78757.8,78760.3,90.9637
1788920100000,78760.3,78807.2,78647.0,78789.2,144.7632
1788921000000,78789.2,78805.0,78718.4,78757.8,16.5312
1788921900000,78757.8,78770.0,78687.5,78687.5,17.6458
1788922800000,78687.5,78687.6,78557.3,78557.6,35.2805
1788923700000,78557.6,78586.9,78514.2,78545.3,69.861
1788924600000,78545.3,78632.4,78532.2,78612.1,16.199
1788925500000,78612.1,78645.0,78564.8,78596.2,14.4696
1788926400000,78596.2,78914.2,78596.1,78807.6,124.18
1788927300000,78807.6,78912.4,78743.1,78856.0,34.6473
1788928200000,78856.0,79170.1,78836.1,79160.9,150.3847
1788929100000,79160.9,79186.9,79041.3,79136.1,108.3408
1788930000000,79136.1,79316.0,79022.5,79245.4,141.2933
1788930900000,79245.4,79341.9,79092.1,79092.4,132.235
1788931800000,79092.4,79103.4,78863.1,78893.7,115.2586
1788932700000,78893.7,78930.6,78802.5,78900.9,54.9415
1788933600000,78900.9,79106.8,78824.3,79086.1,48.2413
1788934500000,79086.1,79257.5,79064.7,79127.1,77.3354
1788935400000,79127.1,79200.0,79102.6,79156.4,89.0981
1788936300000,79156.4,79168.7,79078.5,79124.2,28.3404
1788937200000,79124.2,79355.0,79116.4,79218.9,110.0934
1788938100000,79218.9,79267.0,79196.2,79245.3,57.2614
1788939000000,79245.3,79262.7,79145.0,79167.8,28.4931
1788939900000,79167.8,79250.0,79159.7,79245.2,33.9604
1788940800000,79245.2,79511.3,79230.2,79376.3,186.6119
1788941700000,79376.3,79681.1,79357.6,79657.0,180.8779
1788942600000,79657.0,79737.7,79489.9,79611.3,129.0551
1788943500000,79611.3,79669.0,79554.5,79661.1,45.8266
1788944400000,79661.1,79680.0,79419.4,79502.9,89.7476
1788945300000,79502.9,79564.1,79400.0,79400.2,47.6433
1788946200000,79400.2,79410.8,79032.1,79040.3,268.2997
1788947100000,79040.3,79104.0,78860.0,78916.8,195.0577
1788948000000,78916.8,79016.4,78902.3,78966.4,169.9516
1788948900000,78966.4,79091.1,78891.2,79048.8,124.3811
1788949800000,79048.8,79150.3,79026.2,79044.1,74.6823
1788950700000,79044.1,79044.2,78839.0,78880.9,142.5567
1788951600000,78880.9,78950.0,78707.0,78837.0,326.8295
1788952500000,78837.0,78970.9,78712.0,78963.7,123.8148
1788953400000,78963.7,79070.2,78930.5,78990.1,94.9999
1788954300000,78990.1,79342.6,78990.0,79286.5,332.2203
1788955200000,79286.5,79411.7,79254.0,79345.5,211.9914
1788956100000,79345.5,79410.5,79279.7,79367.4,117.3246
1788957000000,79367.4,79573.4,79367.4,79479.0,186.4591
1788957900000,79479.0,79624.9,79474.4,79569.1,89.2868
1788958800000,79569.1,79583.0,79458.3,79482.7,87.9784
1788959700000,79482.7,79607.9,79424.3,79583.2,111.0684
1788960600000,79583.2,79650.3,79067.9,79207.6,406.7121
1788961500000,79207.6,79371.3,79078.0,79113.6,229.4352
1788962400000,79113.6,79176.6,78866.7,79050.6,392.3712
1788963300000,79050.6,79240.0,78842.7,79240.0,362.2406
1788964200000,79240.0,79393.3,78927.7,78971.0,250.6356
1788965100000,78971.0,79120.0,78870.8,78933.5,135.4404
1788966000000,78933.5,79360.7,78245.0,78445.9,1290.6146
1788966900000,78445.9,78601.8,78025.0,78343.1,829.4916
1788967800000,78343.1,78716.0,78306.4,78615.8,358.2569
1788968700000,78615.8,78677.6,78516.9,78570.4,85.627
1788969600000,78570.4,78769.1,78461.2,78634.1,256.2342
1788970500000,78634.1,78634.2,78426.8,78607.1,47.3221
1788971400000,78607.1,78897.5,78607.1,78773.1,145.8177
1788972300000,78773.1,78777.7,78699.5,78768.1,37.4697
1788973200000,78768.1,78886.1,78685.0,78836.3,191.6479
1788974100000,78836.3,78897.6,78752.5,78820.3,71.5479
1788975000000,78820.3,78835.5,78649.8,78663.9,75.1028
1788975900000,78663.9,78787.4,78635.1,78736.9,113.806
1788976800000,78736.9,78758.1,78559.1,78574.0,55.5486
1788977700000,78574.0,78614.5,78532.1,78589.6,75.2251
1788978600000,78589.6,78653.2,78470.0,78505.8,43.0853
1788979500000,78505.8,78524.8,78381.4,78388.0,79.618
1788980400000,78388.0,78459.1,78307.3,78449.4,124.2533
1788981300000,78449.4,78555.8,78437.5,78498.7,90.2408
1788982200000,78498.7,78518.0,78260.7,78264.5,70.6975
1788983100000,78264.5,78302.0,78112.6,78197.2,226.0571
1788984000000,78197.2,78258.3,78151.4,78215.4,80.1094
1788984900000,78215.4,78304.5,77915.7,78072.8,311.2243
1788985800000,78072.8,78285.4,78072.7,78243.8,197.2124
1788986700000,78243.8,78297.2,78060.0,78281.8,157.7559
1788987600000,78281.8,78305.3,78134.4,78206.0,44.2156
1788988500000,78206.0,78262.7,78099.0,78245.9,90.7524
1788989400000,78245.9,78246.0,78104.1,78206.2,34.4587
1788990300000,78206.2,78206.3,77952.7,78109.5,188.318
1788991200000,78109.5,78162.8,77750.0,77825.5,413.0522
1788992100000,77825.5,78025.7,77735.0,77997.0,243.6424
1788993000000,77997.0,78022.7,77900.9,77998.4,151.2645
1788993900000,77998.4,78012.9,77873.5,77884.7,90.8115
1788994800000,77884.7,78160.0,77879.9,78111.3,110.0127
1788995700000,78111.3,78150.7,78061.7,78150.5,31.6639
1788996600000,78150.5,78233.3,78135.2,78189.9,25.5535
1788997500000,78189.9,78276.7,78180.0,78264.2,43.8094
1788998400000,78264.2,78340.8,78228.5,78235.5,120.1219
1788999300000,78235.5,78299.9,78176.7,78291.1,33.919
1789000200000,78291.1,78291.2,78130.0,78130.1,67.6418
1789001100000,78130.1,78218.5,78065.8,78134.3,28.1975
1789002000000,78134.3,78475.0,78126.0,78301.6,74.3738
1789002900000,78301.6,78307.1,78125.7,78133.0,71.4573
1789003800000,78133.0,78214.8,77910.8,78136.9,388.4466
1789004700000,78136.9,78136.9,77952.4,78060.0,192.8674
1789005600000,78060.0,78069.8,77960.7,78009.6,133.4952
1789006500000,78009.6,78039.5,77948.0,77988.8,29.0541
1789007400000,77988.8,78251.7,77970.2,78232.3,295.4883
1789008300000,78232.3,78340.0,78221.7,78323.4,162.5808
1789009200000,78323.4,78515.7,78300.0,78349.6,147.971
1789010100000,78349.6,78368.2,78272.2,78360.4,71.4272
1789011000000,78360.4,78427.3,78293.6,78336.6,51.3472
1789011900000,78336.6,78423.2,78245.0,78294.7,81.8979
1789012800000,78294.7,78372.5,78269.3,78311.2,16.3636
1789013700000,78311.2,78399.6,78311.1,78348.9,26.2628
1789014600000,78348.9,78385.0,78302.1,78302.2,19.5542
1789015500000,78302.2,78410.6,78266.1,78372.0,30.0125
1789016400000,78372.0,78449.0,78244.0,78444.6,41.3197
1789017300000,78444.6,78486.0,78327.5,78440.5,56.3975
1789018200000,78440.5,78488.2,78370.2,78385.7,58.3994
1789019100000,78385.7,78522.7,78380.7,78495.2,52.4245
1789020000000,78495.2,78499.8,78268.0,78272.2,120.6305
1789020900000,78272.2,78272.4,78103.3,78181.3,174.8097
1789021800000,78181.3,78237.8,78125.0,78168.4,42.8698
1789022700000,78168.4,78499.4,78167.4,78390.9,102.7824
1789023600000,78390.9,78393.2,78118.2,78182.6,64.4849
1789024500000,78182.6,78188.8,77990.0,77991.0,223.7453
1789025400000,77991.0,78027.5,77870.4,77982.0,243.2491
1789026300000,77982.0,78122.2,77974.4,78068.9,84.6922
1789027200000,78068.9,78128.0,78022.0,78042.2,72.2167
1789028100000,78042.2,78138.8,78004.6,78132.4,44.8027
1789029000000,78132.4,78133.7,77996.4,78072.2,68.5539
1789029900000,78072.2,78140.0,78053.6,78074.3,14.5836
1789030800000,78074.3,78180.0,78073.0,78123.3,31.8375
1789031700000,78123.3,78193.6,78106.6,78173.6,45.3151
1789032600000,78173.6,78173.6,77891.4,77934.0,206.5322
1789033500000,77934.0,77997.4,77919.7,77964.0,31.0325
1789034400000,77964.0,78010.4,77925.0,77961.2,37.0844
1789035300000,77961.2,77995.0,77900.0,77951.8,23.5634
1789036200000,77951.8,78020.4,77788.9,77961.3,245.144
1789037100000,77961.3,78008.0,77832.3,77833.0,83.5584
1789038000000,77833.0,77893.7,77681.2,77893.6,241.9058
1789038900000,77893.6,78025.5,77892.2,77979.5,101.1171
1789039800000,77979.5,78027.0,77950.6,77973.0,44.7548
1789040700000,77973.0,77994.7,77800.7,77812.6,63.5529
1789041600000,77812.6,77879.4,77692.2,77802.8,356.918
1789042500000,77802.8,77812.9,77645.3,77789.4,248.3121
1789043400000,77789.4,77926.4,77012.2,77111.2,1558.7306
1789044300000,77111.2,77138.0,76636.0,76859.9,1147.0963
1789045200000,76859.9,77056.5,76740.8,76799.9,230.013
1789046100000,76799.9,76940.3,76700.0,76900.2,220.3731
1789047000000,76900.2,77065.8,76739.1,76902.6,208.3945
1789047900000,76902.6,77211.0,76881.9,77139.3,230.7451
1789048800000,77139.3,77309.7,76927.1,77055.4,319.8413
1789049700000,77055.4,77350.4,76923.9,77248.3,257.9286
1789050600000,77248.3,77334.0,77205.5,77251.8,111.5097
1789051500000,77251.8,77396.0,77230.5,77379.8,93.4207
1789052400000,77379.8,77381.7,77205.4,77306.0,69.8628
1789053300000,77306.0,77319.8,77063.9,77078.2,169.0798
1789054200000,77078.2,77300.0,77056.4,77186.5,208.4624
1789055100000,77186.5,77220.9,77069.6,77220.9,104.9184
1789056000000,77220.9,77281.9,76873.8,76951.8,235.1458
1789056900000,76951.8,77050.0,76845.4,76895.8,227.1288
1789057800000,76895.8,77031.5,76769.8,77011.0,212.4
1789058700000,77011.0,77206.7,77010.1,77171.4,135.773
1789059600000,77171.4,77216.4,77067.4,77151.2,62.7526
1789060500000,77151.2,77313.3,77100.4,77297.6,64.4544
1789061400000,77297.6,77514.9,77282.1,77337.2,253.4994
1789062300000,77337.2,77400.0,77276.8,77297.6,39.686
1789063200000,77297.6,77316.5,76954.4,76982.9,111.6732
1789064100000,76982.9,77128.9,76966.3,77043.3,84.5397
1789065000000,77043.3,77160.0,77020.5,77132.0,27.2535
1789065900000,77132.0,77272.1,77063.7,77222.7,53.379
1789066800000,77222.7,77222.8,77090.7,77140.9,34.8281
1789067700000,77140.9,77223.8,77076.6,77166.2,34.5531
1789068600000,77166.2,77274.7,77064.1,77229.8,33.6689
1789069500000,77229.8,77233.6,77046.0,77133.3,31.955
1789070400000,77133.3,77296.4,77078.0,77294.6,49.6335
1789071300000,77294.6,77319.5,77222.0,77249.7,45.5344
1789072200000,77249.7,77269.3,77202.4,77264.0,38.7886
1789073100000,77264.0,77272.9,77183.6,77236.3,44.9266
1789074000000,77236.3,77268.5,77187.0,77218.6,21.816
1789074900000,77218.6,77220.1,77160.4,77200.6,20.3309
1789075800000,77200.6,77206.1,77079.9,77118.8,77.1317
1789076700000,77118.8,77165.0,77095.5,77118.6,28.0429
1789077600000,77118.6,77160.0,77041.5,77111.4,107.6376
1789078500000,77111.4,77185.4,77031.9,77032.1,48.1683
1789079400000,77032.1,77050.7,76800.4,76820.9,94.0963
1789080300000,76820.9,76939.4,76786.0,76795.0,65.4956
1789081200000,76795.0,76844.4,76475.1,76479.6,400.753
1789082100000,76479.6,76751.7,76437.1,76696.5,187.0762
1789083000000,76696.5,76781.1,76680.4,76735.8,56.4461
1789083900000,76735.8,76776.2,76504.1,76536.9,68.086
1789084800000,76536.9,76822.9,76526.5,76786.4,69.6036
1789085700000,76786.4,76841.5,76738.0,76817.4,54.0823
1789086600000,76817.4,76817.5,76660.0,76731.4,41.4336
1789087500000,76731.4,76900.3,76709.8,76880.7,49.6036
1789088400000,76880.7,76978.8,76858.7,76868.6,99.8601
1789089300000,76868.6,76926.6,76759.8,76780.0,54.7846
1789090200000,76780.0,76886.5,76635.4,76864.8,57.6045
1789091100000,76864.8,76946.7,76763.4,76946.7,60.7987
1789092000000,76946.7,76987.2,76865.8,76955.8,52.8443
1789092900000,76955.8,76955.8,76733.2,76776.5,56.385
1789093800000,76776.5,76897.8,76743.6,76834.9,35.5725
1789094700000,76834.9,76901.7,76774.6,76813.4,20.7563
1789095600000,76813.4,76860.2,76670.0,76860.2,67.4471
1789096500000,76860.2,76860.2,76720.7,76785.3,73.0694
1789097400000,76785.3,76864.2,76670.5,76846.5,46.1321
1789098300000,76846.5,76859.8,76735.8,76859.5,32.0811
1789099200000,76859.5,76962.4,76846.5,76938.2,41.4457
1789100100000,76938.2,77154.2,76917.8,77140.1,93.4518
1789101000000,77140.1,77161.7,77053.7,77065.2,50.2058
1789101900000,77065.2,77110.0,77057.8,77073.1,24.1976
1789102800000,77073.1,77121.5,77029.3,77105.1,35.7814
1789103700000,77105.1,77117.0,77048.8,77066.0,40.0521
1789104600000,77066.0,77161.3,77043.4,77161.1,23.5847
1789105500000,77161.1,77221.2,77124.5,77219.4,91.4465
1789106400000,77219.4,77401.9,77177.8,77366.7,199.9361
1789107300000,77366.7,77367.6,77215.6,77238.0,79.0832
1789108200000,77238.0,77246.8,77140.0,77205.7,98.628
1789109100000,77205.7,77266.7,77186.6,77265.3,17.8881
1789110000000,77265.3,77351.0,77228.1,77276.9,39.022
1789110900000,77276.9,77374.0,77260.7,77296.2,60.0675
1789111800000,77296.2,77296.4,77216.7,77225.4,101.4672
1789112700000,77225.4,77225.4,77157.3,77184.5,50.177
1789113600000,77184.5,77228.8,77103.6,77148.7,56.5662
1789114500000,77148.7,77417.3,77148.6,77352.3,83.9433
1789115400000,77352.3,77464.8,77318.3,77379.2,105.9826
1789116300000,77379.2,77386.6,77295.0,77324.6,55.7915
1789117200000,77324.6,77326.3,77222.5,77236.9,134.1204
1789118100000,77236.9,77275.0,77105.0,77105.2,74.8176
1789119000000,77105.2,77160.0,76820.6,76934.7,431.5888
1789119900000,76934.7,77032.8,76900.0,77002.1,104.4133
1789120800000,77002.1,77131.3,76955.0,77049.8,111.4214
1789121700000,77049.8,77104.1,77000.7,77001.6,43.9686
1789122600000,77001.6,77024.3,76935.5,76980.7,34.3001
1789123500000,76980.7,77013.0,76962.1,76962.3,38.2273
1789124400000,76962.3,76964.7,76727.9,76755.0,136.6225
1789125300000,76755.0,76884.4,76722.0,76814.0,73.7336
1789126200000,76814.0,76878.0,76758.2,76876.9,47.6623
1789127100000,76876.9,77015.5,76864.3,77001.8,67.8064
1789128000000,77001.8,77096.1,76865.6,76886.7,138.3443
1789128900000,76886.7,77377.0,76873.6,77067.2,218.7317
1789129800000,77067.2,77674.4,76022.6,77558.2,1406.0946
1789130700000,77558.2,78104.5,77532.0,77990.0,623.3028
1789131600000,77990.0,77990.0,77530.4,77692.6,364.1712
1789132500000,77692.6,77800.0,77464.6,77486.6,215.9924
1789133400000,77486.6,77887.1,77224.0,77841.6,594.6322
1789134300000,77841.6,79300.0,77729.0,79211.1,1111.8588
1789135200000,79211.1,79868.4,78792.3,79022.9,1170.3233
1789136100000,79022.9,79154.8,78901.9,79005.5,200.1895
1789137000000,79005.5,79010.5,78525.2,78622.8,199.5976
1789137900000,78622.8,78845.6,78472.8,78760.6,175.4792
1789138800000,78760.6,78796.2,78468.3,78473.7,113.4385
1789139700000,78473.7,78750.1,78444.6,78678.5,80.0668
1789140600000,78678.5,78802.1,78611.2,78612.3,61.0611
1789141500000,78612.3,78624.8,77282.8,77689.0,753.3488
1789142400000,77689.0,78030.0,77629.9,77757.1,232.8344
1789143300000,77757.1,77812.7,77353.6,77637.5,263.3038
1789144200000,77637.5,77766.2,77502.1,77766.1,104.1792
1789145100000,77766.1,77966.1,77760.3,77876.1,102.705
1789146000000,77876.1,77928.3,77703.3,77715.5,87.4694
1789146900000,77715.5,77873.8,77658.6,77802.7,87.692
1789147800000,77802.7,77839.8,77535.7,77572.2,106.5559
1789148700000,77572.2,77595.8,77455.0,77494.7,72.6394
1789149600000,77494.7,77508.1,76846.7,77045.0,312.8615
1789150500000,77045.0,77214.2,77016.7,77174.3,101.776
1789151400000,77174.3,77256.6,77063.2,77076.0,108.3501
1789152300000,77076.0,77177.7,76911.8,77018.9,91.8207
1789153200000,77018.9,77200.0,76965.5,77176.7,114.2886
1789154100000,77176.7,77260.5,77048.5,77191.0,67.5073
1789155000000,77191.0,77293.6,77152.2,77270.1,52.1661
1789155900000,77270.1,77335.9,77205.1,77245.5,63.4147
1789156800000,77245.5,77440.7,77197.2,77420.3,47.5378
1789157700000,77420.3,77420.3,77328.1,77353.5,48.7127
1789158600000,77353.5,77420.3,77246.2,77374.8,32.9933
1789159500000,77374.8,77383.2,77158.9,77298.5,22.875
1789160400000,77298.5,77393.1,77263.4,77336.3,12.8103
1789161300000,77336.3,77392.5,77317.0,77328.4,14.633
1789162200000,77328.4,77360.2,77299.4,77310.0,17.0587
1789163100000,77310.0,77320.4,77045.0,77079.4,77.4357
1789164000000,77079.4,77148.9,76936.5,77148.8,89.1324
1789164900000,77148.8,77199.6,77064.6,77087.6,47.9688
1789165800000,77087.6,77171.0,76962.1,77083.2,29.1452
1789166700000,77083.2,77123.2,76957.9,77106.0,28.1177
1789167600000,77106.0,77175.0,77082.0,77093.0,29.5136
1789168500000,77093.0,77159.1,77093.0,77153.7,18.7343
1789169400000,77153.7,77192.3,77125.3,77143.5,39.9546
1789170300000,77143.5,77186.1,77132.5,77185.9,11.4411
1789171200000,77185.9,77267.0,77171.4,77258.8,17.9372
1789172100000,77258.8,77267.0,77237.8,77237.9,12.6217
1789173000000,77237.9,77259.1,77205.2,77249.9,15.0211
1789173900000,77249.9,77288.0,77234.3,77258.1,11.216
1789174800000,77258.1,77333.6,77217.9,77333.6,22.8601
1789175700000,77333.6,77340.0,77258.6,77287.9,28.1921
1789176600000,77287.9,77290.0,77223.2,77242.0,20.7364
1789177500000,77242.0,77302.1,77231.2,77234.4,24.5682
1789178400000,77234.4,77287.9,77228.7,77263.9,70.3238
1789179300000,77263.9,77290.0,77250.2,77250.2,11.1248
1789180200000,77250.2,77259.6,77176.5,77195.5,13.9546
1789181100000,77195.5,77270.8,77180.6,77252.0,12.2479
1789182000000,77252.0,77311.3,77213.5,77244.6,20.6759
1789182900000,77244.6,77282.9,77198.0,77248.4,11.7525
1789183800000,77248.4,77248.6,77201.6,77216.8,7.5447
1789184700000,77216.8,77240.5,77202.4,77240.4,9.8341
1789185600000,77240.4,77283.5,77240.4,77257.3,19.0487
1789186500000,77257.3,77262.3,77186.2,77223.2,17.7444
1789187400000,77223.2,77276.8,77211.7,77218.1,28.6603
1789188300000,77218.1,77228.6,77191.0,77191.2,37.6023
1789189200000,77191.2,77208.0,77133.0,77191.2,58.2282
1789190100000,77191.2,77210.2,77155.8,77159.4,21.9735
1789191000000,77159.4,77222.0,77156.8,77200.0,12.9625
1789191900000,77200.0,77214.0,77177.0,77179.0,14.6846
1789192800000,77179.0,77199.0,77172.3,77177.2,34.5026
1789193700000,77177.2,77209.0,77176.0,77208.4,29.5035
1789194600000,77208.4,77288.3,77208.3,77287.9,44.3275
1789195500000,77287.9,77325.0,77258.1,77262.0,48.6874
1789196400000,77262.0,77313.1,77261.9,77305.7,58.8469
1789197300000,77305.7,77305.8,77280.0,77280.2,41.4019
1789198200000,77280.2,77280.2,77242.2,77243.4,50.8504
1789199100000,77243.4,77265.5,77222.1,77236.8,42.5949
1789200000000,77236.8,77304.5,77234.4,77260.2,31.7712
1789200900000,77260.2,77304.7,77260.1,77267.3,29.1009
1789201800000,77267.3,77312.3,77265.9,77312.1,27.4966
1789202700000,77312.1,77335.2,77283.3,77323.1,29.5635
1789203600000,77323.1,77346.8,77305.1,77330.8,53.2951
1789204500000,77330.8,77348.0,77300.0,77332.4,26.1349
1789205400000,77332.4,77345.4,77291.9,77305.5,12.8977
1789206300000,77305.5,77328.5,77290.4,77317.7,24.1324
1789207200000,77317.7,77362.9,77317.6,77362.5,30.4183
1789208100000,77362.5,77363.0,77331.2,77342.8,10.3331
1789209000000,77342.8,77343.2,77318.4,77332.8,19.4265
1789209900000,77332.8,77347.3,77275.6,77295.9,25.0575
1789210800000,77295.9,77313.8,77273.7,77295.6,21.0711
1789211700000,77295.6,77295.7,77255.5,77263.4,34.7473
1789212600000,77263.4,77313.6,77255.4,77311.0,18.3957
1789213500000,77311.0,77326.6,77286.7,77324.7,24.1222
1789214400000,77324.7,77334.3,77285.3,77291.3,16.1161
1789215300000,77291.3,77311.3,77273.2,77293.2,19.2588
1789216200000,77293.2,77312.3,77290.0,77290.6,21.1774
1789217100000,77290.6,77307.9,77251.6,77299.8,13.0642
1789218000000,77299.8,77369.8,77268.7,77286.2,28.7401
1789218900000,77286.2,77290.0,77224.8,77272.5,71.5593
1789219800000,77272.5,77293.4,77231.2,77265.6,52.1444
1789220700000,77265.6,77333.1,77242.5,77333.0,39.5794
1789221600000,77333.0,77352.1,77317.2,77335.6,40.8574
1789222500000,77335.6,77409.7,77333.0,77393.0,80.1314
1789223400000,77393.0,77449.9,77392.9,77410.9,77.6532
1789224300000,77410.9,77473.4,77409.1,77427.2,53.2391
1789225200000,77427.2,77432.4,77377.5,77394.1,71.5013
1789226100000,77394.1,77457.0,77389.1,77416.1,24.6316
1789227000000,77416.1,77420.4,77336.2,77363.8,33.0621
1789227900000,77363.8,77404.0,77340.1,77347.9,41.3148
1789228800000,77347.9,77386.3,77301.5,77334.1,47.9462
1789229700000,77334.1,77353.5,77333.7,77353.0,12.0509
1789230600000,77353.0,77357.7,77321.2,77328.9,10.1348
1789231500000,77328.9,77343.6,77305.0,77326.7,16.9537
1789232400000,77326.7,77367.6,77314.3,77327.7,11.272
1789233300000,77327.7,77332.0,77239.2,77265.1,76.0074
1789234200000,77265.1,77265.1,77181.2,77207.2,48.0431
1789235100000,77207.2,77248.4,77142.2,77178.0,29.0449
1789236000000,77178.0,77203.3,77138.9,77138.9,20.3629
1789236900000,77138.9,77177.1,77093.4,77168.1,37.6346
1789237800000,77168.1,77178.4,77088.5,77155.7,39.6218
1789238700000,77155.7,77179.4,77106.0,77112.7,14.8193
1789239600000,77112.7,77151.9,77097.1,77141.8,13.3937
1789240500000,77141.8,77153.7,77093.7,77095.9,43.6143
1789241400000,77095.9,77116.6,77028.0,77045.7,44.5855
1789242300000,77045.7,77129.7,77045.0,77089.6,37.268
1789243200000,77089.6,77151.1,77089.6,77146.9,36.3413
1789244100000,77146.9,77163.6,77124.2,77159.2,46.5004
1789245000000,77159.2,77175.5,77123.2,77146.4,21.3418
1789245900000,77146.4,77186.4,77124.5,77131.6,10.64
1789246800000,77131.6,77209.6,77116.0,77133.9,27.1864
1789247700000,77133.9,77175.6,77133.5,77175.6,5.9339
1789248600000,77175.6,77239.0,77175.5,77201.5,12.1091
1789249500000,77201.5,77233.5,77172.5,77218.0,9.2847
1789250400000,77218.0,77250.0,77172.5,77222.4,13.6298
1789251300000,77222.4,77254.4,77157.0,77168.3,14.3592
1789252200000,77168.3,77195.6,77154.3,77162.3,11.3982
1789253100000,77162.3,77209.7,77162.3,77196.0,18.4271
1789254000000,77196.0,77240.6,77196.0,77239.4,24.635
1789254900000,77239.4,77254.4,77196.4,77220.1,8.5587
1789255800000,77220.1,77228.0,77202.3,77216.2,8.2487
1789256700000,77216.2,77259.3,77216.0,77244.7,37.3829
1789257600000,77244.7,77270.2,77219.7,77239.9,10.545
1789258500000,77239.9,77252.0,77233.9,77234.0,8.6107
1789259400000,77234.0,77234.1,77134.3,77186.1,16.4016
1789260300000,77186.1,77244.7,77186.1,77242.0,37.7113
1789261200000,77242.0,77264.3,77219.2,77246.5,17.3118
1789262100000,77246.5,77299.2,77221.0,77221.3,25.3696
1789263000000,77221.3,77266.0,77209.7,77262.2,17.5032
1789263900000,77262.2,77287.4,77248.0,77285.7,8.7261
1789264800000,77285.7,77285.8,77240.4,77249.9,15.9132
1789265700000,77249.9,77262.1,77180.7,77230.9,8.4843
1789266600000,77230.9,77264.5,77213.0,77264.3,6.4223
1789267500000,77264.3,77283.2,77249.4,77261.2,14.3825
1789268400000,77261.2,77286.0,77237.6,77253.2,9.9191
1789269300000,77253.2,77255.1,77217.9,77226.7,6.5929
1789270200000,77226.7,77226.7,77168.9,77191.4,33.0816
1789271100000,77191.4,77198.8,77156.5,77166.2,35.6472
1789272000000,77166.2,77231.4,77166.2,77179.8,9.4298
1789272900000,77179.8,77225.2,77179.8,77206.7,9.6861
1789273800000,77206.7,77206.9,77180.1,77184.0,16.6177
1789274700000,77184.0,77194.2,77167.6,77181.0,29.1279
1789275600000,77181.0,77208.9,77180.9,77208.8,26.097
1789276500000,77208.8,77250.4,77208.7,77250.1,42.517
1789277400000,77250.1,77275.0,77250.1,77274.9,23.4396
1789278300000,77274.9,77288.0,77274.9,77279.5,37.5901
1789279200000,77279.5,77292.4,77263.6,77269.7,40.8443
1789280100000,77269.7,77272.1,77238.0,77259.5,37.987
1789281000000,77259.5,77264.8,77237.0,77259.7,11.0497
1789281900000,77259.7,77259.8,77017.7,77085.0,125.3779
1789282800000,77085.0,77166.2,77057.1,77132.7,42.9291
1789283700000,77132.7,77138.7,77085.9,77108.0,46.3777
1789284600000,77108.0,77129.2,77055.7,77125.6,59.3501
1789285500000,77125.6,77126.3,77057.6,77087.3,31.6013
1789286400000,77087.3,77140.0,77005.4,77032.5,55.2758
1789287300000,77032.5,77032.5,76969.3,76992.8,57.6069
1789288200000,76992.8,76992.9,76714.3,76792.9,314.769
1789289100000,76792.9,76845.3,76723.7,76773.2,74.8998
1789290000000,76773.2,76862.2,76754.7,76783.0,47.9829
1789290900000,76783.0,76788.3,76563.6,76604.5,187.0307
1789291800000,76604.5,76743.6,76536.0,76684.0,146.353
1789292700000,76684.0,76785.8,76683.8,76765.6,64.2261
1789293600000,76765.6,76780.6,76719.9,76760.8,36.4372
1789294500000,76760.8,76769.4,76712.5,76728.2,26.3913
1789295400000,76728.2,76783.4,76661.8,76662.2,59.6977
1789296300000,76662.2,76728.0,76595.7,76637.5,42.6621
1789297200000,76637.5,76681.4,76486.2,76491.5,124.8696
1789298100000,76491.5,76647.0,76491.2,76630.8,47.0124
1789299000000,76630.8,76768.4,76615.7,76741.5,51.3421
1789299900000,76741.5,76769.0,76712.2,76750.9,35.7985
1789300800000,76750.9,76775.7,76717.6,76762.8,22.8723
1789301700000,76762.8,76822.7,76762.8,76805.3,38.9168
1789302600000,76805.3,76825.0,76675.0,76704.0,65.7331
1789303500000,76704.0,76735.5,76657.4,76724.4,29.8557
1789304400000,76724.4,76740.0,76642.9,76733.6,29.9391
1789305300000,76733.6,76742.9,76518.6,76550.4,74.3852
1789306200000,76550.4,76741.6,76545.4,76732.8,61.7138
1789307100000,76732.8,76887.3,76732.8,76813.3,62.101
1789308000000,76813.3,76977.6,76812.3,76974.9,77.823
1789308900000,76974.9,77092.8,76974.9,77069.4,96.653
1789309800000,77069.4,77221.3,77044.4,77151.8,91.9057
1789310700000,77151.8,77212.7,77125.5,77172.9,82.7492
1789311600000,77172.9,77175.3,77073.0,77088.4,74.3911
1789312500000,77088.4,77178.0,76982.3,77013.0,126.5702
1789313400000,77013.0,77149.7,77012.9,77132.1,51.0357
1789314300000,77132.1,77132.5,77085.0,77099.1,21.0771
1789315200000,77099.1,77231.4,77096.6,77171.5,106.4704
1789316100000,77171.5,77265.8,77155.5,77210.6,42.548
1789317000000,77210.6,77333.3,77139.7,77284.6,124.3588
1789317900000,77284.6,77296.8,77214.9,77253.1,76.2467
1789318800000,77253.1,77386.8,77253.0,77341.6,136.9271
1789319700000,77341.6,77363.8,77252.1,77267.1,45.9643
1789320600000,77267.1,77267.2,77200.0,77239.3,35.5233
1789321500000,77239.3,77333.2,77222.9,77295.2,33.4346
1789322400000,77295.2,77333.8,77274.3,77333.4,11.0127
1789323300000,77333.4,77352.6,77248.1,77296.3,45.067
1789324200000,77296.3,77338.7,77280.0,77338.6,15.3394
1789325100000,77338.6,77347.0,77298.0,77311.8,24.8601
1789326000000,77311.8,77377.7,77213.9,77244.7,40.5829
1789326900000,77244.7,77244.8,77198.8,77239.9,36.7294
1789327800000,77239.9,77240.2,77190.6,77213.4,17.4204
1789328700000,77213.4,77252.8,77204.6,77251.6,23.8981
1789329600000,77251.6,77268.9,77222.7,77268.5,10.2606
1789330500000,77268.5,77295.8,77259.6,77285.5,23.6719
1789331400000,77285.5,77330.8,77264.2,77294.2,21.5899
1789332300000,77294.2,77344.0,77294.2,77308.4,20.6272
1789333200000,77308.4,77354.2,77275.3,77326.1,12.011
1789334100000,77326.1,77453.4,77326.1,77379.3,51.6392
1789335000000,77379.3,77379.8,77324.2,77350.1,14.9245
1789335900000,77350.1,77384.6,77271.8,77277.2,24.1795
1789336800000,77277.2,77277.2,76855.0,76893.0,222.1
1789337700000,76893.0,76897.3,76683.1,76805.1,171.6841
1789338600000,76805.1,76852.5,76686.4,76704.4,66.9656
1789339500000,76704.4,76780.0,76629.9,76682.9,77.8639
1789340400000,76682.9,76741.3,76634.8,76689.0,34.1322
1789341300000,76689.0,76725.2,76594.8,76700.5,63.1344
1789342200000,76700.5,76839.8,76700.0,76790.0,39.9511
1789343100000,76790.0,76837.4,76747.4,76800.2,21.8405
1789344000000,76800.2,77048.2,76781.4,76867.4,78.9075
1789344900000,76867.4,76906.9,76350.0,76438.5,230.9405
1789345800000,76438.5,76782.1,76400.0,76769.8,73.119
1789346700000,76769.8,76854.7,76723.4,76770.0,49.5888
1789347600000,76770.0,76855.8,76666.6,76717.8,24.8206
1789348500000,76717.8,76878.1,76622.9,76819.3,49.9979
1789349400000,76819.3,76933.2,76606.5,76790.5,54.2588
1789350300000,76790.5,77134.4,76750.0,77084.6,74.2082
1789351200000,77084.6,77366.1,76985.1,77349.8,216.835
1789352100000,77349.8,77636.2,77246.1,77497.0,185.8385
1789353000000,77497.0,77640.0,77400.0,77448.8,150.673
1789353900000,77448.8,77687.2,77447.2,77578.6,107.2516
1789354800000,77578.6,77806.3,77535.9,77761.3,132.6083
1789355700000,77761.3,77837.8,77711.3,77780.2,52.3606
1789356600000,77780.2,77781.8,77492.7,77508.7,60.7978
1789357500000,77508.7,77562.7,77464.4,77562.6,28.8241
1789358400000,77562.6,77603.2,77500.0,77547.9,60.5109
1789359300000,77547.9,77665.5,77508.2,77602.8,28.6287
1789360200000,77602.8,77646.4,77502.7,77601.0,26.1817
1789361100000,77601.0,77672.2,77545.6,77645.0,20.313
1789362000000,77645.0,77656.4,77524.4,77606.1,27.3709
1789362900000,77606.1,77607.7,77477.1,77485.6,38.6483
1789363800000,77485.6,77586.9,77479.2,77524.9,34.4513
1789364700000,77524.9,77576.5,77452.1,77576.5,43.5624
1789365600000,77576.5,77863.8,77563.3,77749.8,122.3012
1789366500000,77749.8,77749.8,77523.6,77523.6,47.0184
1789367400000,77523.6,77733.1,77336.0,77701.4,170.6226
1789368300000,77701.4,77722.3,77554.4,77555.4,51.7998
1789369200000,77555.4,77700.0,77460.7,77627.5,38.1302
1789370100000,77627.5,77727.2,77610.2,77676.5,41.0931
1789371000000,77676.5,77841.4,77650.0,77822.1,73.4665
1789371900000,77822.1,77852.9,77747.8,77852.8,48.0804
1789372800000,77852.8,77860.0,77668.1,77735.0,79.7098
1789373700000,77735.0,77949.1,77660.4,77715.4,109.2986
1789374600000,77715.4,77770.9,77663.4,77719.5,63.9825
1789375500000,77719.5,77735.1,77618.7,77705.3,64.8264
1789376400000,77705.3,77794.5,77664.1,77676.3,39.1498
1789377300000,77676.3,77750.9,77562.3,77749.8,52.1998
1789378200000,77749.8,77896.0,77748.8,77849.5,93.2969
1789379100000,77849.5,78339.8,77849.5,78100.0,354.2084
1789380000000,78100.0,78131.9,77977.0,78000.0,95.9776
1789380900000,78000.0,78041.4,77898.6,77941.2,72.9435
1789381800000,77941.2,77973.5,77886.7,77915.3,69.3209
1789382700000,77915.3,77999.0,77860.1,77864.7,71.862
1789383600000,77864.7,77892.6,77677.3,77724.1,189.7774
1789384500000,77724.1,77880.6,77700.0,77871.8,47.3833
1789385400000,77871.8,77890.0,77662.5,77793.2,55.9943
1789386300000,77793.2,77805.9,77651.5,77747.0,79.314
1789387200000,77747.0,77819.3,77675.0,77802.3,55.7294
1789388100000,77802.3,77963.7,77802.2,77963.6,65.2226
1789389000000,77963.6,78041.4,77717.3,77874.7,135.8103
1789389900000,77874.7,77898.1,77575.1,77662.1,142.5388
1789390800000,77662.1,77702.6,77444.7,77679.2,226.7868
1789391700000,77679.2,77830.0,77675.6,77830.0,187.9118
1789392600000,77830.0,78231.5,77810.6,78110.6,385.9932
1789393500000,78110.6,78445.7,78015.3,78141.8,576.2124
1789394400000,78141.8,78498.0,78127.6,78472.8,228.4466
1789395300000,78472.8,78619.8,78172.9,78363.6,351.2423
1789396200000,78363.6,78666.0,78294.1,78390.6,205.85
1789397100000,78390.6,78587.7,78353.0,78482.0,84.189
1789398000000,78482.0,78552.1,78262.5,78458.2,142.4605
1789398900000,78458.2,78569.5,78367.0,78374.7,76.0901
1789399800000,78374.7,78571.3,78304.3,78521.8,103.9265
1789400700000,78521.8,78650.0,78319.7,78540.4,183.352
1789401600000,78540.4,78613.0,78388.6,78404.4,55.9501
1789402500000,78404.4,78848.6,78404.4,78629.1,308.2326
1789403400000,78629.1,78700.0,78582.2,78604.6,89.0301
1789404300000,78604.6,78876.2,78586.8,78729.1,158.0157
1789405200000,78729.1,78850.0,78685.3,78792.3,69.5183
1789406100000,78792.3,78960.0,78723.5,78856.3,146.3514
1789407000000,78856.3,78871.2,78675.0,78809.2,50.0028
1789407900000,78809.2,79000.0,78796.0,78912.0,92.8549
1789408800000,78912.0,78971.9,78807.2,78813.5,78.6166
1789409700000,78813.5,79221.6,78803.9,79100.0,252.9136
1789410600000,79100.0,79200.0,78953.9,79149.6,99.6963
1789411500000,79149.6,79288.0,79137.1,79186.2,212.1993
1789412400000,79186.2,79186.2,78976.0,79040.2,101.7264
1789413300000,79040.2,79199.4,79040.1,79103.5,45.9786
1789414200000,79103.5,79156.3,78920.0,79100.9,54.0978
1789415100000,79100.9,79115.3,78940.3,78951.5,68.937
1789416000000,78951.5,79199.7,78940.6,79146.5,141.5019
1789416900000,79146.5,79569.5,79129.5,79403.4,256.0032
1789417800000,79403.4,79460.1,79299.5,79300.3,99.5454
1789418700000,79300.3,79354.0,79052.7,79067.7,54.8149
1789419600000,79067.7,79086.1,78724.9,78852.1,159.4924
1789420500000,78852.1,78952.8,78773.0,78875.1,89.7766
1789421400000,78875.1,78926.9,78747.9,78776.2,42.4752
1789422300000,78776.2,78793.8,78709.4,78726.6,38.5266
1789423200000,78726.6,78819.4,78674.6,78790.7,41.5524
1789424100000,78790.7,78800.8,78475.2,78556.8,77.276
1789425000000,78556.8,78638.1,78478.9,78621.1,49.7691
1789425900000,78621.1,78622.0,78514.0,78517.7,53.2715
1789426800000,78517.7,78536.2,78317.4,78394.9,99.531
1789427700000,78394.9,78436.7,78324.2,78367.2,44.4896
1789428600000,78367.2,78367.4,78223.8,78287.4,54.9392
1789429500000,78287.4,78287.4,78091.3,78157.1,72.8659
1789430400000,78157.1,78225.4,78087.0,78088.4,62.0834
1789431300000,78088.4,78100.6,77960.7,77988.6,106.0456
1789432200000,77988.6,78060.0,77907.2,77937.1,52.351
1789433100000,77937.1,78000.4,77911.5,77928.4,34.5842
1789434000000,77928.4,77928.5,77717.0,77796.8,128.6226
1789434900000,77796.8,78000.1,77777.0,77827.7,84.2601
1789435800000,77827.7,77984.7,77818.7,77981.0,46.7125
1789436700000,77981.0,78034.9,77882.5,77882.7,37.3354
1789437600000,77882.7,77981.1,77840.0,77951.5,25.0106
1789438500000,77951.5,77985.3,77878.0,77920.0,39.7966
1789439400000,77920.0,77926.2,77818.1,77839.8,42.2296
1789440300000,77839.8,77887.2,77752.8,77880.2,35.5924
1789441200000,77880.2,77880.2,77663.3,77691.2,103.4439
1789442100000,77691.2,77840.0,77680.0,77813.2,48.0032
1789443000000,77813.2,77834.2,77743.2,77771.4,40.0102
1789443900000,77771.4,77780.0,77625.7,77636.2,43.8178
1789444800000,77636.2,77713.3,77610.0,77621.0,48.777
1789445700000,77621.0,77656.0,77530.0,77596.8,61.1181
1789446600000,77596.8,77635.6,77509.9,77610.8,68.6223
1789447500000,77610.8,77611.2,77541.5,77543.5,61.8114
1789448400000,77543.5,77619.3,77266.5,77377.8,165.9664
1789449300000,77377.8,77444.7,77281.1,77430.1,179.9076
1789450200000,77430.1,77484.9,77343.9,77427.4,59.1303
1789451100000,77427.4,77635.6,77427.3,77590.6,105.7115
1789452000000,77590.6,77697.6,77533.7,77535.1,82.6677
1789452900000,77535.1,77564.6,77356.6,77369.9,114.3317
1789453800000,77369.9,77440.0,77366.0,77402.0,157.3764
1789454700000,77402.0,77414.6,77150.7,77247.8,222.1885
1789455600000,77247.8,77280.0,77146.0,77177.2,87.5265
1789456500000,77177.2,77283.3,77156.0,77244.5,53.4956
1789457400000,77244.5,77245.7,76982.1,76988.9,228.3411
1789458300000,76988.9,77059.6,76850.0,76891.1,222.0205
1789459200000,76891.1,76906.6,76668.7,76778.0,303.5666
1789460100000,76778.0,76851.5,76674.9,76824.8,106.0848
1789461000000,76824.8,76866.1,76800.0,76815.4,46.8901
1789461900000,76815.4,76973.9,76801.0,76965.1,82.0192
1789462800000,76965.1,76965.2,76863.5,76893.2,59.8234
1789463700000,76893.2,76957.7,76834.3,76884.2,49.5689
1789464600000,76884.2,76958.5,76867.8,76956.7,43.454
1789465500000,76956.7,77030.9,76930.4,76946.4,88.4898
1789466400000,76946.4,77020.5,76877.2,76968.7,57.3298
1789467300000,76968.7,77012.3,76856.0,76856.2,53.3436
1789468200000,76856.2,77024.9,76838.9,77024.9,42.8715
1789469100000,77024.9,77138.7,76970.5,77019.8,96.8776
1789470000000,77019.8,77189.3,76969.9,76996.8,63.9971
1789470900000,76996.8,77076.2,76929.6,76964.9,51.1445
1789471800000,76964.9,76964.9,76810.0,76894.1,92.3259
1789472700000,76894.1,76918.0,76802.8,76892.5,89.5018
1789473600000,76892.5,76932.2,76820.4,76888.4,92.1055
1789474500000,76888.4,76954.8,76860.5,76910.5,35.1872
1789475400000,76910.5,76930.8,76822.6,76906.1,139.0752
1789476300000,76906.1,77100.0,76837.0,76915.7,167.5875
1789477200000,76915.7,77096.2,76910.7,76946.2,141.8672
1789478100000,76946.2,76972.0,76874.3,76911.6,91.1592
1789479000000,76911.6,76911.6,76088.2,76394.9,1042.7464
1789479900000,76394.9,76586.2,76117.9,76585.8,429.9948
1789480800000,76585.8,76660.4,76290.8,76380.3,373.2718
1789481700000,76380.3,76468.4,76272.6,76309.8,218.2913
1789482600000,76309.8,76309.9,75666.0,75879.7,1005.5919
1789483500000,75879.7,75962.8,75565.0,75906.7,580.3744
1789484400000,75906.7,76076.7,75803.1,75992.1,217.6511
1789485300000,75992.1,76483.0,75880.0,76309.9,264.8301
1789486200000,76309.9,76422.1,76237.7,76399.0,159.5958
1789487100000,76399.0,76567.1,76384.4,76474.4,119.2051
1789488000000,76474.4,76540.2,76234.2,76247.6,157.8867
1789488900000,76247.6,76473.1,76247.6,76440.9,85.5334
1789489800000,76440.9,76454.1,76260.0,76337.1,72.8637
1789490700000,76337.1,76468.0,76328.5,76350.2,40.9771
1789491600000,76350.2,76380.0,76157.8,76231.6,83.7333
1789492500000,76231.6,76511.4,76204.8,76481.4,78.2319
1789493400000,76481.4,77303.2,76481.0,76733.2,681.6993
1789494300000,76733.2,77050.0,76733.0,76930.4,135.8569
1789495200000,76930.4,76937.8,76792.6,76835.6,65.6651
1789496100000,76835.6,77167.1,76464.4,76882.5,259.7834
1789497000000,76882.5,76914.4,75673.5,75750.9,721.8794
1789497900000,75750.9,76160.0,74911.6,75957.0,1613.8181
1789498800000,75957.0,76233.0,75778.0,75944.4,247.6918
1789499700000,75944.4,76299.5,75840.2,75881.9,132.227
1789500600000,75881.9,76032.9,75820.9,75855.2,69.0563
1789501500000,75855.2,76151.0,75825.5,76147.5,49.179
1789502400000,76147.5,76204.4,75893.0,76004.1,243.2284
1789503300000,76004.1,76004.1,75702.6,75702.6,132.8988
1789504200000,75702.6,75831.4,75575.0,75831.3,196.5439
1789505100000,75831.3,75973.0,75831.3,75900.5,37.7855
1789506000000,75900.5,75928.4,75684.0,75832.3,55.8206
1789506900000,75832.3,75867.8,75619.8,75650.0,32.8254
1789507800000,75650.0,75731.9,75514.3,75711.5,97.609
1789508700000,75711.5,75722.9,75360.0,75415.2,125.432
1789509600000,75415.2,75560.0,75306.2,75344.6,90.4752
1789510500000,75344.6,75516.0,75101.7,75458.9,170.2805
1789511400000,75458.9,75632.0,75448.0,75579.9,70.3836
1789512300000,75579.9,75714.7,75570.0,75634.3,51.5193
1789513200000,75634.3,75867.0,75621.6,75864.6,97.8379
1789514100000,75864.6,75913.3,75699.5,75699.5,53.2415
1789515000000,75699.5,75709.5,75528.8,75645.4,101.533
1789515900000,75645.4,75693.6,75585.0,75606.0,17.3357
1789516800000,75606.0,75799.0,75543.4,75659.4,51.3967
1789517700000,75659.4,75819.7,75641.3,75819.6,16.4912
1789518600000,75819.6,75880.0,75737.9,75766.7,21.6238
1789519500000,75766.7,75846.1,75695.8,75733.2,53.5977
1789520400000,75733.2,75830.0,75659.2,75744.6,42.0408
1789521300000,75744.6,75932.9,75686.2,75833.8,51.0796
1789522200000,75833.8,75833.8,75508.2,75624.6,75.1163
1789523100000,75624.6,75682.6,75430.1,75461.1,66.4408
1789524000000,75461.1,75641.8,75445.6,75623.7,23.1438
1789524900000,75623.7,75916.2,75614.4,75914.4,91.6296
1789525800000,75914.4,76073.2,75894.3,75928.8,120.6192
1789526700000,75928.8,75971.4,75750.0,75850.2,41.159
1789527600000,75850.2,75961.7,75785.6,75923.2,29.793
1789528500000,75923.2,76049.4,75811.7,75823.3,39.1734
1789529400000,75823.3,75878.3,75743.2,75759.2,51.7308
1789530300000,75759.2,75806.6,75731.4,75788.8,26.0775
1789531200000,75788.8,75890.3,75784.3,75858.8,29.8401
1789532100000,75858.8,75955.5,75801.7,75850.3,22.6405
1789533000000,75850.3,75991.7,75821.0,75895.2,20.1196
1789533900000,75895.2,75945.6,75770.0,75827.1,18.2404
1789534800000,75827.1,75845.3,75637.4,75765.7,84.6176
1789535700000,75765.7,75887.0,75765.5,75850.6,31.3243
1789536600000,75850.6,75944.0,75800.0,75927.2,44.7416
1789537500000,75927.2,75935.3,75856.5,75929.2,61.1359
1789538400000,75929.2,75998.0,75929.1,75965.0,106.504
1789539300000,75965.0,75986.2,75860.6,75887.9,55.4308
1789540200000,75887.9,75915.2,75781.4,75900.0,46.2134
1789541100000,75900.0,75999.0,75885.9,75998.3,68.5815
1789542000000,75998.3,76067.8,75777.0,75843.1,119.2477
1789542900000,75843.1,75893.7,75766.0,75779.8,28.4022
1789543800000,75779.8,75867.7,75731.2,75778.1,28.9974
1789544700000,75778.1,75850.7,75691.9,75732.3,58.1606
1789545600000,75732.3,75732.3,75421.6,75490.4,171.7947
1789546500000,75490.4,75597.4,75311.1,75398.5,122.6904
1789547400000,75398.5,75543.4,75391.3,75520.6,107.444
1789548300000,75520.6,75712.1,75506.1,75702.2,110.17
1789549200000,75702.2,75918.7,75692.1,75755.4,205.288
1789550100000,75755.4,75842.1,75718.6,75795.8,71.0722
1789551000000,75795.8,75910.9,75795.6,75886.9,42.1576
1789551900000,75886.9,75958.9,75800.0,75955.0,64.1011
1789552800000,75955.0,76008.8,75892.6,75908.8,97.705
1789553700000,75908.8,75981.7,75885.3,75940.4,41.8324
1789554600000,75940.4,75969.0,75902.1,75950.9,33.1954
1789555500000,75950.9,75950.9,75862.1,75944.7,47.7946
1789556400000,75944.7,76021.8,75874.0,75877.4,30.6417
1789557300000,75877.4,75964.4,75840.0,75940.7,48.0012
1789558200000,75940.7,76252.0,75920.0,76201.0,180.032
1789559100000,76201.0,76292.5,76121.9,76207.2,119.0497
1789560000000,76207.2,76264.3,76081.6,76084.8,65.4942
1789560900000,76084.8,76125.9,75880.0,75899.8,150.5011
1789561800000,75899.8,75989.3,75751.7,75922.4,175.8147
1789562700000,75922.4,76004.2,75870.2,75932.0,48.4426
1789563600000,75932.0,75932.0,75630.5,75764.8,187.8571
1789564500000,75764.8,75850.0,75675.0,75731.0,83.9688
1789565400000,75731.0,75770.2,75555.0,75740.6,215.895
1789566300000,75740.6,75908.5,75580.9,75620.4,198.9811
1789567200000,75620.4,75635.3,75391.0,75540.0,180.8105
1789568100000,75540.0,75799.5,75510.3,75795.2,168.2917
1789569000000,75795.2,75799.5,75586.3,75727.1,97.5024
1789569900000,75727.1,75729.3,75437.7,75658.7,172.3146
1789570800000,75658.7,75744.7,75514.8,75638.8,44.1318
