timestamp,open,high,low,close,volume
1781899200000,63000.6,63249.5,62928.3,63216.9,408.8779
1781902800000,63217.0,63248.0,63023.8,63049.5,295.0384
1781906400000,63049.5,63340.0,63017.4,63285.7,282.4394
1781910000000,63285.7,63642.7,63242.3,63510.9,705.9109
1781913600000,63511.0,63750.0,63433.0,63494.2,688.5251
1781917200000,63494.2,63589.0,63369.5,63548.5,345.8374
1781920800000,63547.9,63548.0,63305.6,63306.6,403.4214
1781924400000,63306.5,63483.2,63286.1,63443.4,420.6314
1781928000000,63443.3,63585.1,63365.1,63552.3,492.4612
1781931600000,63552.3,63875.6,63505.7,63643.7,1142.2611
1781935200000,63643.7,63731.2,63607.0,63707.0,580.0857
1781938800000,63706.7,63769.0,63560.8,63620.5,640.8705
1781942400000,63620.6,63626.1,63358.1,63389.2,775.8905
1781946000000,63389.1,63754.0,63389.1,63701.7,1188.4767
1781949600000,63701.7,63748.1,63561.8,63649.0,587.8045
1781953200000,63649.0,63771.1,63585.4,63650.1,286.7011
1781956800000,63650.1,63754.0,63516.6,63624.8,559.7785
1781960400000,63624.9,63633.4,63242.9,63365.4,1033.4851
1781964000000,63365.4,64128.0,63169.0,63927.5,1981.198
1781967600000,63927.6,64358.0,63810.0,64125.3,1618.8633
1781971200000,64129.2,64142.0,63874.2,63998.5,794.9062
1781974800000,63998.8,64010.0,63724.0,63810.2,668.1016
1781978400000,63810.2,63902.5,63752.0,63776.2,491.6797
1781982000000,63776.2,63937.4,63762.8,63908.0,241.3132
1781985600000,63908.1,63949.1,63822.6,63902.4,227.8898
1781989200000,63902.4,64067.5,63887.9,63984.1,263.7598
1781992800000,63984.0,64320.0,63951.2,64242.6,449.0163
1781996400000,64242.5,64312.5,64218.6,64265.6,352.7951
1782000000000,64265.6,64300.0,64204.0,64262.0,248.9873
1782003600000,64262.1,64289.8,64190.6,64216.6,314.9992
1782007200000,64216.0,64250.0,64185.0,64214.8,193.0856
1782010800000,64214.9,64444.4,64202.0,64394.7,570.0124
1782014400000,64394.5,64547.7,64235.4,64249.2,945.0113
1782018000000,64249.1,64338.2,64185.5,64220.8,297.5092
1782021600000,64220.8,64297.3,64165.5,64269.0,301.8455
1782025200000,64269.0,64269.8,64139.9,64170.1,471.1994
1782028800000,64170.1,64195.6,63868.9,63987.0,725.915
1782032400000,63988.0,64221.3,63924.9,64181.9,546.2659
1782036000000,64183.2,64378.9,64170.0,64329.9,527.056
1782039600000,64330.0,64456.0,64077.9,64144.7,829.2298
1782043200000,64144.7,64205.7,63915.7,64163.9,696.408
1782046800000,64163.9,64163.9,63982.1,64115.9,397.4383
1782050400000,64115.9,64124.5,63966.9,64119.3,445.6065
1782054000000,64119.2,64320.0,64084.1,64195.2,622.5612
1782057600000,64195.2,64230.2,64011.0,64115.0,481.2133
1782061200000,64115.0,64193.0,64039.9,64112.9,279.359
1782064800000,64112.9,64217.4,63918.3,64174.9,776.4945
1782068400000,64174.9,64270.0,64130.9,64170.6,168.571
1782072000000,64170.7,64238.4,63669.1,63815.4,960.8405
1782075600000,63818.2,63926.2,63471.6,63774.4,1175.1261
1782079200000,63774.1,63832.6,63540.6,63769.8,668.414
1782082800000,63769.7,63769.8,63241.9,63283.5,956.1066
1782086400000,63283.5,64069.0,63282.9,63861.0,1534.7089
1782090000000,63865.9,64780.0,63814.8,64573.2,2641.6236
1782093600000,64572.9,64650.0,64215.4,64228.4,605.7268
1782097200000,64228.4,64433.1,63863.7,63936.8,1162.2475
1782100800000,63936.9,64080.0,63835.4,64065.2,736.595
1782104400000,64065.2,64311.9,64055.1,64219.8,631.1223
1782108000000,64219.7,64298.5,63916.4,63961.8,672.0221
1782111600000,63961.7,64367.4,63935.9,64178.2,528.37
1782115200000,64178.2,64323.7,64010.1,64134.4,1576.9288
1782118800000,64134.3,64227.4,64020.2,64114.9,401.568
1782122400000,64115.0,64250.2,64046.4,64112.3,287.5509
1782126000000,64112.2,64745.8,64068.6,64625.8,867.9706
1782129600000,64625.8,65187.0,64551.1,65119.0,1761.368
1782133200000,65119.1,65561.8,64918.4,65545.0,1417.1197
1782136800000,65544.9,65595.3,64810.0,64941.4,1289.6409
1782140400000,64941.4,65110.0,64719.9,64805.0,493.9739
1782144000000,64805.0,64831.8,64484.9,64693.9,792.4753
1782147600000,64693.8,64746.3,64355.6,64579.8,705.7621
1782151200000,64579.7,64711.3,64285.0,64312.0,716.8493
1782154800000,64312.2,64476.7,64249.4,64467.1,354.9436
1782158400000,64453.3,64635.0,64327.7,64410.6,379.1047
1782162000000,64410.6,64459.0,64112.3,64290.9,301.919
1782165600000,64290.9,64370.2,63779.8,63945.3,538.2398
1782169200000,63945.2,64022.8,63856.3,63991.7,167.5216
1782172800000,63991.6,64129.4,63801.6,64121.6,348.5867
1782176400000,64121.7,64244.0,63858.1,64122.8,456.7683
1782180000000,64122.8,64241.5,64006.3,64166.8,165.1544
1782183600000,64166.7,64173.5,63936.5,64038.0,247.1582
1782187200000,64038.0,64067.1,63582.4,63596.9,499.0753
1782190800000,63597.5,63705.2,63331.9,63371.3,591.0674
1782194400000,63371.3,63372.0,62535.0,62905.4,2126.3396
1782198000000,62905.3,63057.7,62824.8,62849.7,1227.9849
1782201600000,62849.7,62915.2,61889.0,62349.9,1929.5837
1782205200000,62350.0,62477.5,62305.8,62349.6,476.0433
1782208800000,62350.1,62548.9,62209.2,62288.8,743.1365
1782212400000,62287.8,62600.0,62287.6,62475.8,512.7158
1782216000000,62475.7,62529.7,62177.4,62229.6,409.3333
1782219600000,62229.6,62508.7,61929.3,62449.3,1606.2326
1782223200000,62448.0,62820.6,62375.6,62463.7,1349.7751
1782226800000,62463.8,62480.0,62167.5,62458.2,478.5133
1782230400000,62458.1,62800.5,62396.7,62520.1,886.0857
1782234000000,62520.1,62662.8,62301.2,62325.5,372.8229
1782237600000,62325.6,62420.3,62073.7,62211.4,598.9979
1782241200000,62211.3,62452.2,62200.5,62365.2,383.0362
1782244800000,62366.1,62506.1,62345.9,62438.5,190.0307
1782248400000,62438.5,62629.1,62438.5,62565.1,192.4107
1782252000000,62565.0,62749.3,62486.9,62559.8,244.5331
1782255600000,62559.7,62771.5,62466.3,62697.3,145.3319
1782259200000,62697.4,62997.1,62655.3,62983.9,634.4951
1782262800000,62985.0,63097.9,62744.4,62906.8,667.7542
1782266400000,62906.9,62990.3,62572.0,62602.2,407.0666
1782270000000,62602.1,62803.8,62429.7,62705.5,320.0015
1782273600000,62705.6,62773.7,62499.7,62720.4,187.215
1782277200000,62720.5,63048.4,62679.8,62860.7,365.615
1782280800000,62860.7,62886.7,62698.2,62756.0,376.0931
1782284400000,62756.0,62820.5,62580.0,62627.4,1173.8159
1782288000000,62627.5,62778.1,62575.2,62770.9,483.2589
1782291600000,62770.9,62771.0,62606.4,62657.4,314.8667
1782295200000,62657.4,62657.4,62393.1,62415.6,496.535
1782298800000,62415.6,63182.6,62286.4,62888.0,1630.2344
1782302400000,62888.0,62942.4,62550.0,62589.0,909.6461
1782306000000,62588.9,62599.1,61226.3,61303.7,3715.3176
1782309600000,61303.6,61443.1,60866.9,61085.6,2442.3539
1782313200000,61085.6,61111.0,60233.0,60250.5,2610.5594
1782316800000,60250.1,60639.6,59359.7,59808.2,2957.7997
1782320400000,59808.2,60017.4,59061.3,59365.0,2506.4159
1782324000000,59364.8,59891.8,59272.3,59569.5,1419.4484
1782327600000,59580.0,59959.4,59492.9,59927.7,523.7597
1782331200000,59927.1,61187.4,59817.2,60927.3,1442.9096
1782334800000,60927.3,61110.0,60633.4,61073.5,662.6262
1782338400000,61073.5,61232.7,60780.9,60848.0,614.6011
1782342000000,60848.0,61086.1,60775.5,61051.7,863.9612
1782345600000,61051.7,61139.5,60708.3,60785.4,734.8479
1782349200000,60785.4,60958.6,60690.0,60887.4,415.5998
1782352800000,60887.3,60930.0,60670.0,60761.2,230.6484
1782356400000,60761.2,60871.6,60654.6,60853.0,346.5444
1782360000000,60852.9,61379.4,60755.1,61321.1,475.6099
1782363600000,61321.1,61777.0,61240.6,61564.3,892.3833
1782367200000,61564.3,61820.0,61561.4,61691.3,376.7946
1782370800000,61691.3,61930.0,61632.0,61881.7,997.73
1782374400000,61881.7,61900.0,61647.2,61682.6,640.329
1782378000000,61682.5,61759.4,61578.8,61702.2,586.3886
1782381600000,61702.2,61727.5,61234.0,61241.0,700.8519
1782385200000,61240.9,61393.0,61032.6,61256.5,1005.8575
1782388800000,61256.5,61716.2,61046.4,61215.3,1037.364
1782392400000,61215.3,61339.1,58073.0,58260.8,4004.9822
1782396000000,58261.7,60459.7,58255.0,59447.3,4690.1315
1782399600000,59447.3,59613.3,58843.8,59532.8,2015.645
1782403200000,59532.7,60027.5,59127.1,59281.4,1201.6752
1782406800000,59281.4,59710.5,59113.2,59650.6,781.0221
1782410400000,59650.6,59764.2,59328.9,59468.2,600.529
1782414000000,59471.6,59491.2,59148.4,59295.0,783.4898
1782417600000,59295.0,59718.7,59295.0,59429.8,871.7768
1782421200000,59429.7,60236.4,59375.0,60181.2,1067.5719
1782424800000,60180.0,60180.0,59706.0,59813.5,355.282
1782428400000,59806.0,60166.3,59709.1,59768.2,386.0503
1782432000000,59768.5,59878.5,59605.1,59632.4,260.7673
1782435600000,59631.5,59756.4,59200.7,59409.5,650.2718
1782439200000,59409.5,59427.9,58326.3,58537.9,1665.7735
1782442800000,58538.0,60090.0,58300.0,60009.2,1947.9443
1782446400000,60009.1,60200.0,59807.8,59896.2,1035.3239
1782450000000,59895.7,60021.2,59702.4,59915.4,497.5929
1782453600000,59915.4,60428.2,59672.6,60298.6,910.7081
1782457200000,60297.3,60729.5,60253.1,60491.0,784.5696
1782460800000,60489.9,60535.4,60116.6,60214.0,586.8549
1782464400000,60213.9,60226.6,59558.0,59706.3,1093.6536
1782468000000,59707.6,59831.4,59211.7,59290.3,1060.7689
1782471600000,59290.4,59576.5,59230.4,59391.1,1082.3523
1782475200000,59391.0,59970.0,58938.6,59163.5,2304.2272
1782478800000,59163.7,60186.5,58486.5,60145.7,2737.8435
1782482400000,60149.8,60270.3,59363.2,59570.6,2256.9452
1782486000000,59568.3,60475.4,59539.4,60296.4,3985.0442
1782489600000,60298.1,60555.0,59942.7,60015.3,1765.962
1782493200000,60015.4,60262.8,59926.5,59997.8,815.3103
1782496800000,59997.7,60134.0,59540.4,59645.6,755.756
1782500400000,59645.5,60075.0,59590.1,59741.0,996.6764
1782504000000,59740.0,59964.0,59564.5,59691.5,396.9677
1782507600000,59691.7,60026.1,59644.6,59886.8,447.262
1782511200000,59886.8,60054.5,59720.2,60011.0,244.7657
1782514800000,60010.9,60090.3,59906.0,60072.7,198.8615
1782518400000,60072.7,60170.6,59850.6,60031.6,480.7567
1782522000000,60033.1,60044.1,59904.0,59922.6,213.3976
1782525600000,59920.5,60350.4,59894.1,60257.3,375.0536
1782529200000,60256.0,60384.7,60135.0,60276.6,349.3532
1782532800000,60276.5,60452.9,60187.7,60216.7,374.9156
1782536400000,60216.8,60286.7,60106.6,60209.1,246.6365
1782540000000,60209.2,60461.0,60087.2,60343.8,419.5602
1782543600000,60343.9,60550.0,60265.6,60520.0,349.3018
1782547200000,60520.5,60534.5,60341.6,60424.1,311.6394
1782550800000,60424.1,60472.7,60260.1,60390.7,293.5172
1782554400000,60390.8,60463.1,60350.0,60388.9,324.3324
1782558000000,60388.8,60426.4,60167.9,60333.0,629.6748
1782561600000,60333.1,60405.9,60223.7,60393.7,409.3411
1782565200000,60393.7,60625.0,60357.5,60550.8,597.1912
1782568800000,60550.8,60696.0,60476.8,60580.9,495.6964
1782572400000,60581.0,60919.2,60536.4,60815.2,979.3878
1782576000000,60815.2,60830.5,60642.6,60785.0,282.2984
1782579600000,60784.9,60794.5,60392.2,60495.3,502.8272
1782583200000,60495.3,60543.8,60418.6,60536.5,309.171
1782586800000,60539.2,60591.3,60052.0,60148.4,749.1911
1782590400000,60148.4,60277.0,60142.7,60273.8,212.7917
1782594000000,60274.9,60454.8,60110.7,60169.8,416.1043
1782597600000,60169.8,60223.0,59822.2,60200.5,511.1213
1782601200000,60200.5,60291.7,59916.9,59998.2,466.3645
1782604800000,59998.3,60165.0,59981.2,60122.0,346.0663
1782608400000,60122.0,60244.4,59956.2,60190.9,375.6193
1782612000000,60190.9,60310.3,60021.8,60119.6,251.3131
1782615600000,60119.6,60248.6,60118.9,60169.6,162.689
1782619200000,60169.5,60205.8,60063.1,60108.7,209.8335
1782622800000,60108.7,60113.5,59727.1,59956.8,604.5722
1782626400000,59956.7,60001.9,59771.1,59970.3,485.9411
1782630000000,59970.3,60232.8,59965.8,60191.1,537.0101
1782633600000,60191.2,60518.9,60110.9,60337.5,614.2898
1782637200000,60337.4,60432.0,60225.0,60229.5,398.7447
1782640800000,60229.6,60269.6,60036.4,60138.8,364.7297
1782644400000,60138.8,60350.0,60090.0,60316.9,473.2685
1782648000000,60316.9,60415.4,60159.4,60267.1,481.02
1782651600000,60267.0,60267.0,59943.8,60044.0,641.9063
1782655200000,60044.2,60221.2,59979.2,59998.2,448.6791
1782658800000,59998.3,60104.5,59784.6,59859.2,441.3551
1782662400000,59859.3,59918.1,59559.0,59658.5,751.7754
1782666000000,59658.6,59818.5,59365.2,59555.9,992.8586
1782669600000,59556.0,59672.2,59470.5,59581.6,508.9754
1782673200000,59581.5,59651.3,59238.0,59454.0,765.1392
1782676800000,59453.2,59740.0,59440.0,59628.7,595.9419
1782680400000,59628.7,59769.9,59300.8,59417.4,522.4196
1782684000000,59417.5,59878.8,58881.0,59042.1,1353.942
1782687600000,59040.7,59820.3,58983.7,59550.4,900.3234
1782691200000,59550.4,59678.2,58978.0,59636.2,852.7701
1782694800000,59636.1,59671.3,59174.1,59410.2,518.0624
1782698400000,59410.3,59780.7,58868.0,59727.0,1267.59
1782702000000,59728.2,60206.9,59728.2,60020.0,1035.4355
1782705600000,60020.1,60031.5,59716.1,59802.0,372.9872
1782709200000,59802.1,60075.9,59359.0,60075.9,766.3332
1782712800000,60076.0,60316.7,60017.8,60046.6,706.087
1782716400000,60047.4,60157.7,59899.5,59995.0,449.1428
1782720000000,59995.0,60062.2,59710.2,59806.2,958.262
1782723600000,59806.1,60086.7,59753.3,60030.0,721.6813
1782727200000,60029.9,60292.6,60029.9,60062.4,629.0305
1782730800000,60062.4,60179.0,59772.4,59930.1,924.6806
1782734400000,59930.0,60760.4,59575.1,59926.2,2552.0095
1782738000000,59926.2,60311.8,59301.6,59554.0,1635.8862
1782741600000,59554.0,59672.5,58986.5,59442.2,1762.4654
1782745200000,59443.1,59930.0,59070.0,59794.8,1186.7253
1782748800000,59794.9,59974.8,59558.1,59866.6,642.7358
1782752400000,59866.5,60657.6,59866.4,60388.0,1410.7093
1782756000000,60388.5,60497.2,60166.9,60276.2,405.8015
1782759600000,60276.3,60530.0,60136.0,60405.3,587.5504
1782763200000,60404.4,60528.2,60270.2,60272.5,216.0433
1782766800000,60272.6,60566.0,60232.9,60458.5,455.2014
1782770400000,60458.6,60497.3,60318.2,60325.2,214.1401
1782774000000,60325.1,60356.4,60174.0,60226.7,182.9874
1782777600000,60227.2,60247.7,59663.7,59805.9,696.8322
1782781200000,59805.8,60023.4,59746.7,59914.0,237.8205
1782784800000,59913.9,60017.1,59721.9,59916.9,329.4149
1782788400000,59916.8,60000.0,59575.0,59592.5,663.2442
1782792000000,59592.5,59668.0,59399.9,59461.3,1026.9167
1782795600000,59461.3,59630.0,59329.2,59626.3,780.7358
1782799200000,59626.3,59690.7,59485.0,59568.7,391.7673
1782802800000,59568.5,59607.9,59423.0,59497.3,529.5487
1782806400000,59497.3,59530.0,59162.1,59284.7,1043.9736
1782810000000,59283.3,59395.0,59223.5,59347.4,664.2517
1782813600000,59347.5,59398.1,59261.0,59302.0,349.1942
1782817200000,59302.7,59391.0,59092.0,59162.6,791.3748
1782820800000,59162.5,59162.6,58365.1,58375.5,1888.8535
1782824400000,58376.0,58769.0,58204.3,58711.3,1896.2504
1782828000000,58710.8,59246.9,58409.3,58458.2,5549.8838
1782831600000,58458.1,58769.0,58166.9,58358.7,2347.7208
1782835200000,58361.3,58608.9,58234.3,58479.1,913.5403
1782838800000,58479.1,58600.0,58285.0,58400.2,383.8317
1782842400000,58400.3,58678.3,58335.5,58660.6,623.3239
1782846000000,58660.5,58814.8,58561.9,58797.8,549.5715
1782849600000,58792.7,58855.0,58625.0,58705.0,366.1658
1782853200000,58705.1,58743.2,58480.1,58616.1,424.6831
1782856800000,58616.5,58769.2,58479.6,58579.3,292.1707
1782860400000,58579.3,58633.4,58519.7,58604.3,170.8253
1782864000000,58604.3,58720.0,58281.1,58550.1,490.0872
1782867600000,58550.0,58976.0,57772.2,58741.4,2397.2975
1782871200000,58741.3,59149.2,58638.1,59058.1,667.3663
1782874800000,59058.1,59297.9,58825.8,59171.3,539.7642
1782878400000,59171.4,59435.7,59039.5,59310.5,575.6157
1782882000000,59310.3,59345.1,59100.0,59125.7,390.2504
1782885600000,59125.7,59131.5,58506.9,58728.5,913.7791
1782889200000,58728.8,58801.1,58564.0,58745.3,456.0653
1782892800000,58745.4,58963.4,58470.1,58951.0,727.7327
1782896400000,58951.0,59068.0,58818.2,58922.0,463.2336
1782900000000,58921.9,58922.0,58598.0,58632.4,466.3189
1782903600000,58632.9,58729.1,58522.8,58591.3,396.5827
1782907200000,58591.2,58649.5,58293.7,58496.6,987.0389
1782910800000,58494.8,59485.2,58480.0,59466.3,2258.8071
1782914400000,59466.3,60065.2,59244.4,59521.5,2329.5069
1782918000000,59521.5,60519.0,59496.6,60120.8,2221.5218
1782921600000,60120.9,60234.8,59837.9,59899.9,831.8973
1782925200000,59899.9,60218.5,59763.9,60164.3,704.0153
1782928800000,60164.3,60272.8,59996.0,60144.6,542.8039
1782932400000,60144.6,60327.2,59968.5,60001.6,536.5099
1782936000000,60001.5,60170.3,59846.2,60103.9,365.4915
1782939600000,60103.8,60821.0,60075.0,60791.6,1558.1815
1782943200000,60790.4,61320.2,60329.0,60453.6,1216.4442
1782946800000,60453.6,60453.6,59952.9,60001.5,480.5887
1782950400000,60001.5,60013.0,59558.7,59727.4,876.9401
1782954000000,59727.4,60294.3,59692.8,60152.2,777.9146
1782957600000,60152.2,60469.1,59992.6,60395.0,489.226
1782961200000,60395.1,61102.0,60280.0,61035.0,959.1903
1782964800000,61032.2,61035.0,60708.0,60759.9,707.6639
1782968400000,60759.9,60853.2,60441.9,60480.7,500.2235
1782972000000,60480.8,60629.7,60234.0,60250.0,391.9212
1782975600000,60250.0,60284.0,60079.0,60124.5,745.1824
1782979200000,60124.6,60532.3,60090.1,60489.8,684.7096
1782982800000,60489.2,61400.0,60347.3,61152.9,1492.3997
1782986400000,61150.0,61326.0,61023.7,61237.6,1006.3434
1782990000000,61237.5,61351.0,61097.5,61330.6,688.7459
1782993600000,61329.7,61582.5,61137.0,61505.9,1054.7359
1782997200000,61506.0,62023.6,61475.0,61912.9,1867.8731
1783000800000,61913.0,62173.0,61364.8,61670.7,1746.8095
1783004400000,61670.6,61815.1,61397.7,61585.1,1309.0425
1783008000000,61584.7,61749.3,61118.8,61645.9,1189.3751
1783011600000,61645.9,61901.6,61591.6,61641.6,516.654
1783015200000,61641.6,61848.9,61632.8,61735.4,278.0814
1783018800000,61735.4,61740.0,61400.0,61450.3,168.2775
1783022400000,61450.3,61572.2,61315.2,61552.8,424.0531
1783026000000,61553.2,61630.9,61494.4,61568.7,218.0565
1783029600000,61561.5,61570.8,61382.3,61440.6,135.6981
1783033200000,61440.0,61585.3,61329.0,61537.1,169.5386
1783036800000,61537.1,61557.3,61220.3,61277.8,410.2436
1783040400000,61277.7,61707.7,61257.7,61564.1,357.3889
1783044000000,61565.4,61644.3,61270.5,61411.0,256.2234
1783047600000,61406.6,61560.0,61300.6,61409.0,182.3023
1783051200000,61409.0,61500.0,61320.1,61420.2,123.3058
1783054800000,61420.0,61777.0,61404.2,61672.6,362.7205
1783058400000,61672.6,61820.2,61583.0,61679.0,303.4336
1783062000000,61679.1,61849.1,61633.8,61734.7,233.3453
1783065600000,61734.7,61877.3,61534.0,61557.6,380.0877
1783069200000,61557.6,61754.0,61484.7,61686.7,564.2522
1783072800000,61686.7,62017.3,61641.7,61888.7,775.5433
1783076400000,61888.7,62072.8,61815.0,61992.1,685.0419
1783080000000,61992.0,62150.0,61838.9,61949.9,739.4018
1783083600000,61950.0,62256.0,61911.2,62082.8,1308.3111
1783087200000,62082.9,62250.0,61673.1,62140.4,1594.9056
1783090800000,62140.6,62366.0,61788.1,61896.5,1376.1578
1783094400000,61896.6,62098.7,61875.0,62079.4,543.3658
1783098000000,62079.4,62260.3,62040.9,62170.9,551.4837
1783101600000,62171.0,62217.7,62085.9,62179.0,172.0052
1783105200000,62179.1,62290.8,62120.1,62175.7,456.5409
1783108800000,62175.6,62882.8,62154.0,62752.4,1530.9624
1783112400000,62752.4,62944.2,62483.4,62701.0,896.3112
1783116000000,62700.9,62719.8,62515.0,62544.6,286.9922
1783119600000,62544.7,62681.7,62503.7,62557.6,161.5862
1783123200000,62557.6,62925.3,62555.1,62735.6,392.6096
1783126800000,62735.5,62751.7,62376.2,62445.2,553.6835
1783130400000,62445.1,62550.0,62401.0,62509.9,227.6546
1783134000000,62510.0,62719.1,62457.5,62602.4,405.6717
1783137600000,62602.5,62721.0,62569.1,62657.7,478.7677
1783141200000,62659.1,62659.1,62411.4,62445.5,495.7112
1783144800000,62445.4,62540.5,62300.0,62471.4,1214.637
1783148400000,62471.5,62607.6,62436.1,62543.2,405.1017
1783152000000,62543.3,62641.2,62483.7,62528.5,370.9119
1783155600000,62528.5,62558.9,62391.0,62465.5,372.9897
1783159200000,62465.6,62519.0,62419.2,62484.4,328.1409
1783162800000,62484.3,62530.0,62435.0,62459.4,249.2308
1783166400000,62459.3,62668.8,62452.8,62632.9,287.3273
1783170000000,62632.9,62738.4,62516.0,62564.2,295.4436
1783173600000,62564.2,62714.6,62560.6,62670.3,185.6961
1783177200000,62670.3,63042.1,62659.5,62907.1,1006.0353
1783180800000,62907.2,62941.0,62760.0,62890.5,401.0983
1783184400000,62890.5,63403.0,62770.0,63247.0,1572.7363
1783188000000,63247.0,63319.9,63065.7,63138.4,747.2702
1783191600000,63138.5,63440.0,63100.0,63265.7,633.0903
1783195200000,63265.7,63375.0,63127.9,63204.9,394.3398
1783198800000,63204.9,63431.0,63174.1,63280.0,390.9486
1783202400000,63280.0,63281.4,63133.0,63167.0,169.5391
1783206000000,63167.0,63211.5,62905.1,63114.7,372.4496
1783209600000,63114.7,63115.8,62867.6,62960.9,320.529
1783213200000,62960.9,63019.8,62773.0,62860.0,396.342
1783216800000,62860.0,62900.0,62568.8,62672.1,488.3695
1783220400000,62672.1,62768.9,62626.8,62740.1,406.2058
1783224000000,62740.2,62934.7,62680.0,62800.0,397.9691
1783227600000,62796.7,62796.7,62624.9,62715.8,379.8129
1783231200000,62715.7,62800.0,62643.1,62750.1,178.6399
1783234800000,62750.2,63034.2,62690.4,62991.4,503.3951
1783238400000,62991.5,63075.0,62868.8,62891.6,471.1436
1783242000000,62892.2,62907.4,62413.9,62598.2,805.704
1783245600000,62598.2,62732.8,62516.8,62730.9,489.6682
1783249200000,62730.8,62789.8,62581.8,62623.2,398.1841
1783252800000,62624.7,62744.9,62534.5,62714.5,341.9529
1783256400000,62714.4,62795.8,62621.5,62765.5,275.6043
1783260000000,62765.6,62791.8,62622.2,62782.8,463.7194
1783263600000,62782.9,62918.5,62640.7,62711.0,675.9856
1783267200000,62710.9,62741.9,62575.2,62614.3,145.288
1783270800000,62614.2,62793.1,62575.4,62604.1,285.7015
1783274400000,62604.2,62854.1,62592.4,62787.9,244.5115
1783278000000,62787.9,62855.6,62696.9,62745.6,297.6292
1783281600000,62745.7,62818.1,62673.1,62706.2,119.8889
1783285200000,62706.1,63199.5,62580.5,63065.7,767.0285
1783288800000,63065.8,63927.8,62979.8,63709.9,1649.9945
1783292400000,63709.8,63969.0,63540.2,63613.4,1222.0749
1783296000000,63613.4,63745.6,63314.7,63727.6,438.2084
1783299600000,63723.1,63891.2,63517.6,63544.2,839.7815
1783303200000,63544.2,63642.2,63340.8,63426.9,557.8108
1783306800000,63427.0,63466.7,63111.3,63273.9,558.4594
1783310400000,63273.9,63367.9,63158.0,63244.0,456.7069
1783314000000,63242.2,63246.9,62914.9,63082.6,784.3066
1783317600000,63082.5,63120.5,62944.5,62959.5,555.0015
1783321200000,62959.5,63103.8,62858.1,63063.1,527.4202
1783324800000,63063.1,63221.0,62805.2,62873.0,629.0251
1783328400000,62872.9,62892.2,62602.2,62642.7,871.6488
1783332000000,62642.7,63012.0,62623.6,62793.8,1069.2464
1783335600000,62793.8,62974.9,62460.3,62460.3,822.2602
1783339200000,62460.1,62472.3,61652.0,61729.5,2795.1131
1783342800000,61729.6,62009.2,61303.4,61742.7,2674.22
1783346400000,61742.7,62390.3,61700.0,62020.0,1182.4988
1783350000000,62019.9,63528.5,62019.9,63520.9,2506.801
1783353600000,63520.9,63845.3,63357.3,63707.3,1510.9159
1783357200000,63707.3,63944.7,63547.4,63564.2,1039.0814
1783360800000,63564.2,63867.1,63533.4,63677.0,353.6804
1783364400000,63677.1,63868.2,63630.6,63712.1,482.9404
1783368000000,63713.9,63873.3,63570.5,63800.3,315.1892
1783371600000,63800.3,64692.7,63784.4,64470.0,1493.2457
1783375200000,64470.0,64483.8,64131.8,64227.4,561.579
1783378800000,64227.5,64322.7,64002.2,64021.5,370.2996
1783382400000,64021.6,64295.2,63990.0,64175.2,291.7869
1783386000000,64175.3,64175.3,63750.3,63815.0,531.5189
1783389600000,63815.0,63884.4,63265.5,63300.5,709.8272
1783393200000,63300.4,63390.0,63120.1,63165.7,504.4128
1783396800000,63165.7,63256.4,63030.7,63069.4,575.2402
1783400400000,63069.5,63230.2,62770.0,63093.0,1131.2386
1783404000000,63093.0,63377.1,62960.0,63310.1,518.3666
1783407600000,63310.0,63420.0,63048.4,63061.7,485.0332
1783411200000,63062.0,63163.2,62963.2,63075.2,334.2856
1783414800000,63075.2,63316.2,63028.6,63227.6,459.1373
1783418400000,63227.5,63436.5,63203.7,63254.6,510.0209
1783422000000,63254.6,63429.8,63090.5,63376.3,593.0179
1783425600000,63376.3,63850.0,63365.2,63453.5,1023.747
1783429200000,63453.4,63455.3,62966.0,63024.7,3817.9306
1783432800000,63025.4,63612.1,62652.2,63536.9,2183.1729
1783436400000,63536.8,64083.2,63349.3,63906.8,1421.0423
1783440000000,63908.5,64224.7,63782.6,63962.8,942.3434
1783443600000,63962.5,64213.9,63867.4,64167.3,686.6643
1783447200000,64167.1,64169.9,63645.2,63653.7,603.3594
1783450800000,63653.0,63875.0,63356.4,63792.3,807.9212
1783454400000,63792.4,63879.6,63591.1,63670.5,238.5142
1783458000000,63670.4,63839.9,63300.0,63398.8,454.3435
1783461600000,63395.2,63630.6,63190.2,63513.6,398.3458
1783465200000,63513.6,63683.2,63286.9,63333.4,440.2738
1783468800000,63334.2,63735.7,63274.1,63582.8,320.921
1783472400000,63582.7,63624.0,62887.3,63005.1,956.1507
1783476000000,63002.8,63041.7,62502.8,62955.0,1103.1507
1783479600000,62955.0,63072.2,62669.5,62739.9,435.9294
1783483200000,62739.9,62877.0,62646.6,62771.5,510.4419
1783486800000,62770.9,62850.6,62520.0,62612.4,609.1874
1783490400000,62612.4,62720.0,62450.0,62632.8,553.0776
1783494000000,62632.8,62867.8,62527.0,62854.8,398.1917
1783497600000,62854.8,62911.9,61823.4,61987.9,1818.2067
1783501200000,61987.9,62139.7,61715.2,62028.5,973.5953
1783504800000,62029.6,62167.4,61873.5,62154.0,570.6456
1783508400000,62153.9,62354.2,62025.0,62274.9,444.3674
1783512000000,62274.9,62399.9,61904.9,61935.3,730.4023
1783515600000,61935.3,62062.9,61616.0,61924.2,1618.4196
1783519200000,61922.0,62150.0,61678.9,61868.1,1496.9441
1783522800000,61868.0,61899.0,61524.5,61673.5,1315.0385
1783526400000,61673.4,62131.6,61663.3,62086.8,729.3744
1783530000000,62086.8,62370.0,62006.0,62084.9,692.2951
1783533600000,62084.4,62325.0,62017.6,62157.3,669.9782
1783537200000,62157.6,62267.8,62040.2,62253.7,314.7421
1783540800000,62257.3,62284.8,62053.3,62080.2,170.043
1783544400000,62080.2,62226.8,61930.4,62162.2,297.2655
1783548000000,62162.3,62323.5,62151.0,62303.1,217.0447
1783551600000,62303.2,62323.5,62140.4,62256.2,235.0493
1783555200000,62255.5,62286.0,62023.9,62102.1,625.0092
1783558800000,62102.0,62611.6,61820.2,61881.0,976.4373
1783562400000,61880.9,62097.0,61666.5,61753.6,664.9012
1783566000000,61753.6,62033.0,61700.3,61941.2,405.8049
1783569600000,61941.1,62432.6,61929.0,62423.2,662.5413
1783573200000,62423.2,62599.1,62205.0,62565.5,801.431
1783576800000,62565.9,62946.6,62451.4,62929.4,994.7856
1783580400000,62929.3,63231.6,62768.6,62974.2,1044.0097
1783584000000,62974.1,63060.7,62825.0,62872.0,489.2052
1783587600000,62869.3,62974.4,62758.0,62923.6,506.6374
1783591200000,62923.6,63030.0,62655.0,62756.2,720.0489
1783594800000,62756.3,62803.6,62586.7,62756.0,450.6384
1783598400000,62756.0,62935.2,62428.2,62582.5,824.1377
1783602000000,62582.9,63206.3,62489.2,63000.2,1153.7195
1783605600000,63002.0,63117.8,62635.7,62983.8,1182.5812
1783609200000,62983.8,63226.6,62780.0,62833.6,1222.0474
1783612800000,62833.5,62990.2,62530.0,62670.0,760.5269
1783616400000,62670.1,63139.5,62638.5,63113.2,665.2401
1783620000000,63113.2,63469.3,63039.2,63195.3,1189.8739
1783623600000,63195.3,63346.7,63125.0,63220.6,367.8043
1783627200000,63220.9,63307.8,63140.0,63288.1,194.6921
1783630800000,63288.6,63380.6,63184.2,63247.9,298.6237
1783634400000,63248.0,63389.0,63185.5,63187.7,178.8571
1783638000000,63187.7,63300.0,63033.9,63197.2,264.5237
1783641600000,63196.9,63228.5,62896.7,63083.6,326.9771
1783645200000,63083.6,63925.0,62928.4,63728.9,1038.4399
1783648800000,63728.8,64025.6,63662.1,63934.6,637.218
1783652400000,63934.6,64017.8,63792.0,63922.1,374.0502
1783656000000,63922.1,64150.0,63830.1,64012.9,670.7754
1783659600000,64012.8,64177.3,63913.9,64093.0,562.9976
1783663200000,64093.0,64138.8,63808.6,63833.3,388.7056
1783666800000,63833.3,63987.2,63780.1,63959.0,401.236
1783670400000,63958.6,64377.3,63942.4,64219.0,1109.331
1783674000000,64218.0,64460.0,64067.1,64361.1,743.8323
1783677600000,64361.0,64470.0,64245.1,64375.1,450.3331
1783681200000,64375.2,64452.7,64309.2,64398.5,781.7865
1783684800000,64398.6,64584.2,64240.0,64262.6,886.6832
1783688400000,64262.6,64679.4,64128.1,64454.7,1204.2414
1783692000000,64454.2,64493.7,63783.0,63894.9,1604.1558
1783695600000,63895.0,64197.4,63872.8,64011.3,841.1973
1783699200000,64012.4,64206.2,63806.9,64120.2,521.172
1783702800000,64120.3,64139.6,63801.4,63804.0,403.5809
1783706400000,63804.0,63975.7,63717.4,63790.8,342.4539
1783710000000,63790.2,64026.6,63754.9,63912.9,325.3037
1783713600000,63904.1,63910.9,63637.5,63815.6,386.2605
1783717200000,63815.5,64074.4,63808.2,63989.8,208.7262
1783720800000,63989.7,64142.8,63954.2,64088.0,109.0793
1783724400000,64088.0,64182.4,63965.2,64135.8,151.9158
1783728000000,64135.8,64141.0,63996.7,64092.3,134.3575
1783731600000,64092.2,64282.9,63969.9,63979.7,253.1785
1783735200000,63979.7,64149.5,63954.1,64137.4,107.232
1783738800000,64137.4,64168.0,64038.6,64120.3,192.667
1783742400000,64120.4,64185.4,64053.3,64124.8,189.5053
1783746000000,64124.8,64197.8,64088.8,64141.5,116.0605
1783749600000,64141.5,64249.1,64094.9,64186.3,204.5753
1783753200000,64186.2,64243.9,64123.0,64139.4,125.4147
1783756800000,64139.4,64278.8,64123.0,64239.5,144.8252
1783760400000,64239.5,64273.7,64131.8,64141.8,162.241
1783764000000,64141.8,64184.8,64113.9,64160.8,308.7088
1783767600000,64160.9,64224.8,64150.0,64178.1,197.1911
1783771200000,64178.2,64218.1,64112.9,64168.5,129.2259
1783774800000,64168.5,64245.3,64125.0,64216.3,164.753
1783778400000,64216.2,64481.3,64215.4,64321.9,833.2277
1783782000000,64321.9,64460.0,63800.4,64139.0,914.6732
1783785600000,64139.1,64244.0,64049.4,64150.7,278.5186
1783789200000,64150.6,64374.0,64134.1,64292.4,308.0452
1783792800000,64291.8,64364.1,64259.3,64302.2,92.7472
1783796400000,64302.3,64317.9,64204.9,64264.3,119.4166
1783800000000,64264.3,64438.9,64239.1,64353.1,162.8262
1783803600000,64353.2,64413.5,64308.2,64326.8,74.3012
1783807200000,64326.7,64404.1,64118.3,64170.6,207.1045
1783810800000,64170.6,64224.9,63768.7,63785.1,717.9258
1783814400000,63785.0,63900.0,63676.0,63801.2,592.3222
1783818000000,63801.3,64142.4,63783.1,64103.2,590.9769
1783821600000,64103.1,64119.4,64002.5,64050.1,239.8698
1783825200000,64050.1,64197.1,64002.9,64196.6,320.8053
1783828800000,64196.7,64222.1,63908.1,63973.5,353.108
1783832400000,63973.4,63996.0,63870.1,63938.4,172.278
1783836000000,63938.4,63938.4,63608.2,63732.3,572.0855
1783839600000,63732.3,63877.5,63709.6,63857.2,329.8854
1783843200000,63857.3,64078.7,63832.0,63949.4,346.9107
1783846800000,63949.4,64020.6,63739.0,63929.4,459.3518
1783850400000,63929.3,63929.4,63809.2,63840.8,212.2609
1783854000000,63840.9,64009.0,63797.8,63988.6,234.1213
1783857600000,63988.7,64107.9,63943.8,63994.8,408.1394
1783861200000,63994.8,64071.0,63960.0,64000.0,166.8412
1783864800000,64000.0,64269.2,63927.8,64173.6,376.2203
1783868400000,64173.5,64232.6,64091.1,64146.7,287.263
1783872000000,64146.7,64186.2,64014.1,64146.1,172.1456
1783875600000,64146.1,64150.1,64001.0,64049.0,137.9126
1783879200000,64049.0,64125.0,63983.0,64125.0,158.0669
1783882800000,64125.0,64249.8,64120.8,64205.9,174.8195
1783886400000,64205.8,64250.0,64145.2,64172.9,114.1934
1783890000000,64172.9,64211.5,63860.1,63892.9,268.9859
1783893600000,63892.8,63892.8,63634.9,63853.7,682.7929
1783897200000,63853.8,63900.0,63696.8,63748.7,258.8965
1783900800000,63748.6,64404.1,63533.1,64038.3,1777.0104
1783904400000,64038.2,64041.1,63366.0,63383.5,1035.0506
1783908000000,63383.4,63519.6,63205.0,63342.7,940.2894
1783911600000,63342.7,63360.0,62706.6,62781.0,1651.4208
1783915200000,62781.0,62879.8,62598.0,62647.6,726.3192
1783918800000,62647.5,62877.4,62453.6,62764.2,501.4426
1783922400000,62764.1,62843.9,62680.0,62767.2,257.4886
1783926000000,62767.3,63031.5,62716.7,62952.1,513.0081
1783929600000,62952.0,63247.2,62902.8,63172.6,717.0634
1783933200000,63172.5,63177.8,63052.3,63069.1,1744.5279
1783936800000,63069.1,63113.0,62832.0,62840.1,640.3342
1783940400000,62840.0,63108.8,62834.4,62878.6,581.1324
1783944000000,62878.6,62953.8,62541.7,62600.6,1233.0811
1783947600000,62600.6,62733.0,62140.6,62298.9,2684.7627
1783951200000,62298.9,62771.5,62081.7,62764.5,2144.7375
1783954800000,62766.7,62957.2,62537.4,62590.4,1698.6282
1783958400000,62590.4,62616.4,62182.5,62255.5,1203.3176
1783962000000,62255.4,62345.2,61870.6,61876.6,1602.1972
1783965600000,61876.7,62080.0,61800.0,61997.6,928.8827
1783969200000,61997.5,62271.3,61961.3,62259.1,406.294
1783972800000,62259.1,62298.6,62023.1,62178.3,322.1466
1783976400000,62178.3,62189.4,61873.2,62034.3,209.8107
1783980000000,62034.3,62200.5,61889.8,61897.6,247.6795
1783983600000,61897.6,62320.8,61854.0,62310.6,508.7896
1783987200000,62310.5,62630.5,62240.2,62525.6,522.6725
1783990800000,62525.6,62617.3,62429.6,62510.1,314.2795
1783994400000,62510.2,62613.6,62293.8,62517.4,456.4136
1783998000000,62517.3,62579.1,62288.0,62542.2,400.7272
1784001600000,62541.9,62745.1,62510.6,62716.2,474.9698
1784005200000,62716.1,62846.8,62636.4,62699.6,986.2852
1784008800000,62699.6,62745.5,62542.2,62596.3,287.6394
1784012400000,62596.9,62630.6,62482.2,62524.2,564.2589
1784016000000,62524.2,62777.8,62470.0,62679.3,919.2969
1784019600000,62679.3,62718.7,62504.6,62604.3,479.1059
1784023200000,62604.2,62880.0,62575.6,62769.6,1144.521
1784026800000,62769.6,62895.2,62687.0,62810.4,357.8657
1784030400000,62810.5,63948.5,62754.4,63931.0,3177.6873
1784034000000,63933.1,64149.8,63672.4,63811.1,1773.5963
1784037600000,63811.1,64324.5,63564.1,64277.4,1308.7132
1784041200000,64277.4,64939.4,64167.9,64731.6,2709.5774
1784044800000,64731.6,64878.7,64600.5,64703.7,729.8178
1784048400000,64703.8,64703.8,64273.4,64602.4,946.8575
1784052000000,64602.3,64628.9,64451.1,64548.1,307.8062
1784055600000,64548.0,64685.3,64459.0,64545.9,404.1598
1784059200000,64546.0,64578.4,64390.7,64540.9,213.3689
1784062800000,64540.8,64860.0,64495.3,64649.9,240.1258
1784066400000,64650.0,65089.6,64496.6,64837.0,586.0592
1784070000000,64837.0,65021.9,64750.6,65008.9,299.7949
1784073600000,65009.0,65040.0,64742.6,64800.1,562.1045
1784077200000,64800.0,64829.3,64620.2,64645.6,420.1334
1784080800000,64645.7,64738.1,64460.0,64472.7,624.7158
1784084400000,64472.8,64820.8,64472.8,64763.9,1087.6
1784088000000,64764.0,64865.6,64693.3,64725.7,979.1914
1784091600000,64725.6,64941.8,64580.8,64912.0,731.0841
1784095200000,64914.8,65256.6,64783.3,64783.5,1348.843
1784098800000,64783.5,64855.5,64453.4,64526.5,1411.3841
1784102400000,64526.5,64758.7,64526.5,64744.0,1032.5339
1784106000000,64744.0,64894.1,64623.2,64640.4,502.8782
1784109600000,64640.5,64824.9,64580.6,64630.6,822.5398
1784113200000,64630.5,64722.8,64576.0,64710.1,237.8818
1784116800000,64710.1,65231.6,64571.1,65129.7,1715.6755
1784120400000,65129.8,65535.0,64857.4,65089.4,3181.9979
1784124000000,65089.3,65491.0,65036.2,65363.9,2056.2451
1784127600000,65363.9,65574.2,65226.0,65388.6,1609.8103
1784131200000,65388.5,65432.6,64746.8,65088.0,1713.229
1784134800000,65088.0,65159.8,64937.8,65024.0,517.9138
1784138400000,65024.0,65115.6,64820.3,64840.8,394.6483
1784142000000,64840.9,64973.6,64708.5,64948.9,389.3559
1784145600000,64948.0,65029.0,64880.0,64940.3,146.9684
1784149200000,64940.4,64991.5,64761.2,64802.7,487.4317
1784152800000,64803.2,64936.0,64747.2,64831.9,211.7799
1784156400000,64831.9,64917.7,64672.0,64721.8,463.9396
1784160000000,64721.8,64817.7,64467.5,64557.9,915.8808
1784163600000,64557.8,64800.0,64364.7,64700.0,921.5836
1784167200000,64700.0,64706.7,64549.2,64614.6,509.8235
1784170800000,64614.7,64720.9,64522.6,64590.0,493.2451
1784174400000,64590.0,64665.5,64512.0,64611.2,457.4383
1784178000000,64611.2,64973.1,64577.6,64891.0,502.2128
1784181600000,64891.0,64931.5,64600.1,64744.9,524.2151
1784185200000,64744.9,64748.4,64056.0,64208.0,1443.0929
1784188800000,64207.9,64337.2,63854.4,64096.7,1359.8156
1784192400000,64096.7,64157.7,63990.5,64066.3,293.5947
1784196000000,64066.3,64237.9,64047.2,64189.0,351.7169
1784199600000,64189.0,64237.9,64065.8,64222.1,221.3285
1784203200000,64222.1,64245.3,63830.3,63938.9,587.2216
1784206800000,63938.8,64453.9,63904.5,64349.5,1311.8944
1784210400000,64349.4,64826.0,64301.3,64500.0,1501.7515
1784214000000,64500.0,64872.8,64285.7,64676.5,858.1207
1784217600000,64677.1,64690.0,64300.0,64451.9,668.5154
1784221200000,64450.0,64455.3,63959.0,64048.3,828.2267
1784224800000,64048.3,64302.0,64012.3,64217.8,342.4924
1784228400000,64214.3,64279.3,64124.6,64241.7,128.2091
1784232000000,64241.8,64250.5,64075.0,64088.5,130.5884
1784235600000,64088.5,64215.8,64072.5,64136.9,519.3783
1784239200000,64136.9,64213.4,63919.2,63937.3,253.9488
1784242800000,63937.3,63978.8,63716.1,63801.1,649.4495
1784246400000,63801.1,63886.2,63580.0,63862.8,780.7772
1784250000000,63862.2,64038.4,63450.0,63512.1,725.7462
1784253600000,63512.0,63632.8,63357.0,63458.9,578.8016
1784257200000,63458.9,63691.8,63452.6,63542.5,542.8282
1784260800000,63542.5,63550.0,63286.0,63458.8,737.0944
1784264400000,63457.1,63457.2,62777.0,62811.1,1379.2309
1784268000000,62811.1,62968.7,62678.9,62916.5,727.3362
1784271600000,62916.4,62950.3,62763.7,62792.4,1160.7054
1784275200000,62792.3,62908.8,62636.2,62857.3,1417.7588
1784278800000,62857.4,63040.5,62830.4,62961.5,487.2354
1784282400000,62961.6,63166.0,62940.1,63146.0,971.8439
1784286000000,63146.1,63337.5,63030.1,63268.6,883.5307
1784289600000,63268.6,63319.1,63036.4,63069.9,746.8293
1784293200000,63069.8,63178.0,62507.9,63130.6,2691.2059
1784296800000,63130.5,63495.7,63051.2,63151.4,1476.8379
1784300400000,63150.0,63435.8,62826.5,63435.8,1305.263
1784304000000,63435.3,63680.0,63283.9,63558.9,829.9633
1784307600000,63558.9,64195.0,63550.0,64016.9,1429.8705
1784311200000,64015.0,64350.0,63858.4,64224.1,790.9655
1784314800000,64223.2,64244.8,63944.0,64124.4,444.6102
1784318400000,64123.9,64162.8,63930.4,64085.7,449.8247
1784322000000,64085.8,64191.6,64032.1,64070.8,255.5088
1784325600000,64070.8,64119.9,63889.5,63954.5,448.2209
1784329200000,63954.6,63987.2,63855.5,63902.9,309.2563
1784332800000,63903.0,63995.2,63864.7,63882.4,126.3791
1784336400000,63882.5,63978.8,63859.8,63931.2,263.0206
1784340000000,63931.3,63999.0,63900.4,63929.7,275.8991
1784343600000,63929.8,63995.2,63896.9,63988.5,77.4787
1784347200000,63988.4,63991.8,63912.0,63939.3,82.4045
1784350800000,63939.9,63974.4,63899.1,63935.1,183.0039
1784354400000,63935.1,63977.8,63916.4,63954.7,154.794
1784358000000,63954.7,63994.0,63950.9,63978.4,97.0474
1784361600000,63978.0,64000.0,63930.0,63976.1,105.4718
1784365200000,63976.2,64000.0,63917.0,63960.3,157.1032
1784368800000,63960.4,63988.5,63952.2,63981.9,239.6233
1784372400000,63981.9,64074.2,63981.6,64032.8,124.2686
1784376000000,64032.7,64232.5,64020.0,64179.2,988.1232
1784379600000,64179.2,64182.1,63929.4,64081.1,766.0418
1784383200000,64081.0,64166.8,64068.7,64096.6,353.6364
1784386800000,64096.7,64133.9,64000.0,64090.9,247.0842
1784390400000,64091.0,64295.3,64056.7,64270.0,294.8841
1784394000000,64271.0,64460.3,64245.6,64448.8,785.4387
1784397600000,64448.8,64626.9,64424.5,64478.2,632.6655
1784401200000,64478.2,64563.9,64442.7,64523.7,199.6713
1784404800000,64523.8,64704.1,64476.8,64666.5,329.2128
1784408400000,64666.5,64824.3,64589.3,64699.7,509.7227
1784412000000,64699.6,64842.6,64681.9,64775.7,318.9538
1784415600000,64775.8,64830.0,64682.2,64804.3,634.3499
1784419200000,64804.3,64875.5,64735.4,64753.2,241.424
1784422800000,64753.3,64760.4,64736.0,64740.3,130.9416
1784426400000,64740.3,64935.0,64669.0,64793.0,441.1266
1784430000000,64793.0,64813.6,64595.4,64687.3,345.3846
1784433600000,64687.3,64765.5,64586.1,64695.8,272.7637
1784437200000,64695.8,64788.1,64646.4,64695.3,358.2056
1784440800000,64695.2,64734.0,64667.0,64683.9,304.0912
1784444400000,64683.9,64760.0,64650.0,64693.3,105.8594
1784448000000,64693.3,64719.7,64604.1,64684.6,453.8991
1784451600000,64684.7,64699.1,64474.9,64493.3,727.3581
1784455200000,64493.4,64673.5,64452.8,64550.0,1435.4793
1784458800000,64555.0,64611.3,64416.0,64444.7,481.6866
1784462400000,64444.6,64449.8,64256.3,64418.2,1363.3728
1784466000000,64418.3,64494.1,64275.2,64452.0,579.9868
1784469600000,64452.0,64629.0,64387.8,64561.4,315.1018
1784473200000,64561.4,64595.8,64467.3,64545.7,161.98
1784476800000,64545.7,64619.1,64474.8,64510.7,249.8538
1784480400000,64510.8,64729.1,64386.6,64522.0,520.7929
1784484000000,64522.1,64529.6,64260.8,64393.5,693.5142
1784487600000,64393.6,64440.9,64316.3,64433.4,177.2212
1784491200000,64433.4,64523.8,64433.3,64512.8,121.6339
1784494800000,64512.9,64534.7,64320.0,64387.1,139.1125
1784498400000,64387.0,64871.6,64322.1,64646.1,1161.6665
1784502000000,64646.1,64745.6,64537.6,64697.7,409.2833
1784505600000,64697.6,65091.6,64379.2,64527.2,1061.0687
1784509200000,64527.2,65011.1,64468.3,64595.0,777.1727
1784512800000,64595.0,64938.6,64541.4,64799.3,594.1893
1784516400000,64799.3,64882.4,64614.0,64835.9,373.4177
1784520000000,64835.9,64837.5,64503.9,64510.2,466.28
1784523600000,64510.9,64535.7,64054.3,64099.7,940.3896
1784527200000,64099.8,64197.4,63730.4,63879.9,878.9918
1784530800000,63880.0,64277.6,63819.7,64247.0,571.758
1784534400000,64246.9,64330.0,63852.8,64030.2,756.0252
1784538000000,64030.3,64256.4,63980.0,64170.2,344.9535
1784541600000,64170.2,64399.0,64131.3,64276.0,649.4542
1784545200000,64275.9,65046.9,64244.8,64971.8,2195.7891
1784548800000,64971.7,64979.1,64570.4,64623.9,842.4451
1784552400000,64624.0,64739.7,64178.6,64312.3,1368.827
1784556000000,64312.3,64536.9,64043.6,64388.7,1376.5484
1784559600000,64389.8,65654.1,64386.3,65569.5,2228.1576
1784563200000,65569.4,65600.0,65329.4,65479.4,722.2734
1784566800000,65479.4,65600.0,65317.1,65557.7,295.6245
1784570400000,65557.7,65771.4,65170.0,65209.6,966.815
1784574000000,65209.4,65250.4,65009.3,65115.1,600.6777
1784577600000,65115.2,65404.8,65021.4,65340.2,253.7283
1784581200000,65340.3,65417.5,65241.6,65256.2,220.8359
1784584800000,65256.1,65259.1,65059.1,65117.4,244.0668
1784588400000,65117.4,65244.8,65101.3,65223.7,277.0629
1784592000000,65223.6,65562.7,65116.1,65547.4,489.3748
1784595600000,65547.4,65634.0,65202.5,65210.4,442.7948
1784599200000,65210.4,65468.5,65150.0,65383.0,199.4766
1784602800000,65383.0,65565.6,65379.7,65545.0,263.7464
1784606400000,65536.5,65717.9,65450.0,65492.1,461.2749
1784610000000,65492.2,65890.0,65457.3,65722.2,656.9394
1784613600000,65722.2,65968.0,65608.6,65890.6,602.0389
1784617200000,65890.6,66215.2,65831.7,66163.1,929.3859
1784620800000,66163.0,66328.8,66103.6,66199.9,751.5346
1784624400000,66199.2,66317.7,66118.4,66257.6,305.0708
1784628000000,66257.5,66389.9,66148.0,66160.1,413.7295
1784631600000,66160.2,66327.3,66116.4,66309.9,314.9337
1784635200000,66309.9,66613.1,66237.2,66524.2,868.8377
1784638800000,66524.2,66775.6,66290.0,66751.1,962.3424
1784642400000,66751.1,66921.6,66607.5,66803.8,1003.2304
1784646000000,66803.8,66803.8,66494.2,66650.0,647.1651
1784649600000,66650.1,66731.6,66438.0,66511.0,315.5881
1784653200000,66511.1,66539.8,66050.4,66184.5,573.8837
1784656800000,66184.5,66332.3,66075.8,66292.9,595.4265
1784660400000,66292.9,66468.2,66236.3,66412.7,345.6102
1784664000000,66412.8,66469.0,66331.3,66373.8,257.1955
1784667600000,66373.7,66386.7,66258.6,66353.8,237.7553
1784671200000,66353.7,66353.8,66188.0,66272.8,155.1607
1784674800000,66272.8,66544.7,66198.2,66522.9,801.7819
1784678400000,66522.8,66708.0,66504.7,66592.9,588.0239
1784682000000,66593.5,66629.5,66249.9,66399.9,469.4871
1784685600000,66400.0,66502.0,66268.0,66282.6,319.972
1784689200000,66282.6,66341.2,66144.1,66177.2,580.2063
1784692800000,66177.3,66396.3,66163.1,66349.9,322.8059
1784696400000,66349.9,66350.2,65911.6,65949.8,740.449
1784700000000,65949.8,65994.8,65798.7,65904.3,623.6887
1784703600000,65904.3,65938.6,65672.7,65811.2,596.4912
1784707200000,65811.0,66134.0,65811.0,65953.3,774.5064
1784710800000,65953.3,66052.5,65814.0,65894.9,767.2881
1784714400000,65894.9,66084.8,65861.2,66017.7,756.8087
1784718000000,66017.7,66062.8,65872.7,65986.5,680.1021
1784721600000,65986.5,65986.6,65519.4,65608.0,1102.0961
1784725200000,65608.0,65952.8,65533.1,65921.7,1399.8189
1784728800000,65921.7,66168.1,65554.6,65766.3,1429.2877
1784732400000,65766.4,66100.5,65766.4,66011.0,667.2598
1784736000000,66011.0,66358.1,65877.8,66195.0,1106.4329
1784739600000,66195.0,66246.8,65908.9,65993.7,933.6864
1784743200000,65993.7,66049.3,65701.1,65860.1,620.6948
1784746800000,65860.2,65925.1,65663.8,65895.7,458.1512
1784750400000,65895.1,65953.8,65758.0,65889.9,356.7887
1784754000000,65889.8,66099.7,65858.4,66038.7,324.1658
1784757600000,66038.6,66047.2,65896.8,66014.2,233.1067
1784761200000,66014.3,66118.4,65805.0,66081.4,614.104
1784764800000,66081.4,66280.9,66020.0,66025.8,458.5599
1784768400000,66025.2,66182.0,65722.0,65793.3,409.3179
1784772000000,65793.3,65807.3,65616.6,65776.4,518.0085
1784775600000,65776.4,65789.3,65550.0,65625.3,738.459
1784779200000,65625.4,65708.6,65564.5,65582.2,364.4738
1784782800000,65583.9,65765.8,65541.6,65659.1,448.2184
1784786400000,65658.7,65787.7,65590.8,65759.4,329.6779
1784790000000,65759.5,65759.5,65312.3,65405.8,806.1767
1784793600000,65405.8,65632.1,65380.5,65600.3,395.8536
1784797200000,65600.3,65721.0,65570.5,65608.2,276.8548
1784800800000,65608.1,65754.5,65554.2,65699.9,309.7876
1784804400000,65700.0,65705.0,65509.2,65528.4,371.8764
1784808000000,65528.4,65576.8,64958.0,65133.9,1253.2389
1784811600000,65134.2,65195.2,64835.6,64857.2,1746.3853
1784815200000,64858.1,65192.6,64793.1,64878.8,1082.0428
1784818800000,64878.9,64995.0,64690.0,64932.5,986.2699
1784822400000,64932.5,64932.6,64684.0,64730.7,391.2225
1784826000000,64730.7,64868.0,64627.1,64650.7,668.2491
1784829600000,64650.8,64920.0,64650.7,64839.6,467.5129
1784833200000,64839.7,64906.5,64665.6,64824.0,478.4403
1784836800000,64822.4,65159.5,64816.8,65113.3,487.0627
1784840400000,65113.2,65173.5,64975.5,65139.3,272.8507
1784844000000,65139.2,65188.4,64985.0,65160.5,341.3809
1784847600000,65160.4,65187.6,65014.2,65064.9,253.2633
1784851200000,65065.0,65079.5,64730.9,64945.9,483.5468
1784854800000,64945.8,65135.7,64910.0,65050.1,360.8602
1784858400000,65050.1,65152.8,64888.0,65089.5,526.4312
1784862000000,65089.5,65427.6,65042.0,65422.0,629.3844
1784865600000,65422.0,65430.0,65239.3,65275.8,172.2498
1784869200000,65276.3,65365.8,65220.0,65277.1,149.2532
1784872800000,65277.2,65482.0,65250.8,65444.3,249.9158
1784876400000,65444.4,65779.6,65338.0,65470.4,1029.3203
1784880000000,65470.5,65480.2,65276.2,65276.2,502.6648
1784883600000,65276.3,65292.8,64922.1,65087.7,673.8842
1784887200000,65087.6,65122.2,64870.0,64924.3,671.0162
1784890800000,64924.3,65070.8,64817.2,65052.1,853.2155
1784894400000,65052.0,65096.0,64739.0,64747.2,982.0485
1784898000000,64747.1,64800.0,63888.0,64127.2,3743.7381
1784901600000,64126.5,64171.6,63710.0,64031.5,2177.4227
1784905200000,64031.7,64298.6,63823.8,64065.1,1114.2653
1784908800000,64064.2,64171.0,63851.7,63930.1,481.5606
1784912400000,63930.0,64177.0,63878.0,64151.9,432.1521
1784916000000,64152.0,64258.4,64100.0,64238.6,502.2831
1784919600000,64238.6,64259.9,64111.1,64194.9,450.1936
1784923200000,64194.9,64255.3,64097.9,64138.0,274.3158
1784926800000,64138.0,64201.5,64094.1,64112.2,142.7797
1784930400000,64112.2,64186.7,64094.9,64131.9,236.1709
1784934000000,64131.9,64149.9,64104.2,64116.2,67.6239
1784937600000,64116.1,64150.8,64008.3,64044.5,145.0146
1784941200000,64044.5,64132.7,63976.0,64033.8,200.8647
1784944800000,64033.9,64069.0,63986.7,64010.6,184.9684
1784948400000,64010.6,64075.0,63985.9,64050.1,103.2872
1784952000000,64050.1,64169.2,64050.0,64147.4,272.8119
1784955600000,64147.4,64168.4,63939.7,63987.2,473.9361
1784959200000,63987.2,64031.5,63930.2,63982.7,165.9724
1784962800000,63982.6,64017.0,63964.8,63975.8,192.455
1784966400000,63975.9,64001.6,63763.8,63842.5,754.6982
1784970000000,63843.4,63992.8,63792.1,63970.8,352.4383
1784973600000,63970.8,64037.7,63960.2,64037.4,221.0545
1784977200000,64037.5,64077.0,64000.0,64030.1,246.3583
1784980800000,64030.2,64090.8,64000.6,64085.9,150.0495
1784984400000,64086.0,64231.1,64060.0,64137.0,810.265
1784988000000,64137.0,64193.0,64085.4,64181.0,195.4147
1784991600000,64181.0,64250.0,64137.2,64149.5,529.0405
1784995200000,64149.5,64216.8,64089.7,64181.1,257.0458
1784998800000,64181.0,64319.6,64162.2,64236.7,462.9016
1785002400000,64236.7,64415.2,64212.4,64383.0,289.7734
1785006000000,64385.0,64413.4,64349.4,64359.5,149.2588
1785009600000,64359.4,64375.0,64280.9,64302.1,301.4596
1785013200000,64302.2,64400.0,64225.3,64317.3,487.1666
1785016800000,64317.2,64400.0,64317.2,64375.6,158.4036
1785020400000,64375.5,64393.4,64331.5,64346.2,163.3183
1785024000000,64346.1,64480.9,64316.2,64480.2,423.7627
1785027600000,64480.2,64510.8,64418.1,64433.1,174.8496
1785031200000,64434.8,64495.9,64394.2,64486.8,94.5699
1785034800000,64486.8,64548.0,64450.9,64508.6,343.8023
1785038400000,64508.7,64565.7,64458.1,64494.0,215.1055
1785042000000,64494.1,64494.9,64384.5,64386.3,145.2231
1785045600000,64386.4,64422.0,64259.4,64409.6,534.0482
1785049200000,64409.6,64435.3,64316.4,64342.1,241.3921
1785052800000,64342.1,64464.5,64320.3,64450.3,226.5077
1785056400000,64450.4,64520.1,64447.8,64501.2,245.8123
1785060000000,64501.2,64545.0,64451.0,64485.6,205.5621
1785063600000,64485.6,64505.3,64450.0,64479.8,206.3398
1785067200000,64479.7,64633.5,64411.0,64432.0,898.8032
1785070800000,64432.1,64543.8,64378.9,64491.6,388.6795
1785074400000,64491.7,64742.0,64491.6,64685.6,835.9645
1785078000000,64685.5,64796.0,64632.0,64734.4,455.0167
1785081600000,64734.5,64911.6,64668.2,64698.2,588.4938
1785085200000,64698.2,64769.4,64639.3,64664.2,421.2571
1785088800000,64664.2,64745.7,64633.0,64707.8,108.533
1785092400000,64707.8,64730.6,64639.4,64667.9,81.5059
1785096000000,64668.0,64677.8,64606.4,64620.9,109.1043
1785099600000,64620.9,64896.1,64619.5,64823.6,318.5158
1785103200000,64823.5,65477.9,64823.5,65382.2,1342.1047
1785106800000,65382.2,65550.0,65245.1,65376.3,497.3053
1785110400000,65376.3,65400.0,65034.0,65100.0,530.6677
1785114000000,65100.0,65190.5,64875.5,65178.2,748.3245
1785117600000,65178.2,65253.8,65088.5,65147.2,336.9155
1785121200000,65147.3,65341.5,65143.4,65259.5,199.7574
1785124800000,65259.5,65475.5,65216.0,65257.0,418.338
1785128400000,65257.0,65464.4,65250.2,65434.6,197.5831
1785132000000,65434.5,65717.1,65378.3,65385.8,1036.1185
1785135600000,65385.8,65419.9,65192.6,65198.3,506.3687
1785139200000,65198.4,65235.6,65098.9,65139.9,341.4668
1785142800000,65137.0,65318.3,65071.6,65236.6,415.8088
1785146400000,65236.5,65407.0,65204.6,65313.1,543.8173
1785150000000,65313.1,65313.9,65062.9,65075.5,313.7738
1785153600000,65075.6,65232.3,64809.0,65063.3,762.9574
1785157200000,65063.4,65686.5,64882.7,65187.3,1510.9265
1785160800000,65187.4,65400.6,64436.9,64661.9,2356.2853
1785164400000,64661.9,64748.2,64385.2,64518.1,541.219
1785168000000,64518.1,64943.6,64483.9,64872.0,815.3353
1785171600000,64872.1,65063.6,64763.0,64993.6,469.3168
1785175200000,64993.5,65057.5,64722.9,64850.8,523.3915
1785178800000,64850.8,65056.5,64779.1,64954.1,289.9573
1785182400000,64954.5,65032.5,64877.5,64940.6,273.7908
1785186000000,64940.6,64941.0,64761.2,64793.4,261.5893
1785189600000,64793.2,64793.2,63760.6,63760.6,1326.0148
1785193200000,63760.6,63908.4,63571.2,63724.9,1196.4278
1785196800000,63724.9,63795.7,63440.9,63450.7,859.9388
1785200400000,63450.8,63500.3,63020.9,63195.8,824.0854
1785204000000,63195.3,63270.3,63071.8,63148.0,432.4297
1785207600000,63148.1,63343.8,63132.0,63312.0,222.3854
1785211200000,63312.0,63331.8,63186.5,63322.4,218.9988
1785214800000,63322.5,63588.3,63292.6,63415.9,380.5524
1785218400000,63415.9,63622.0,63363.2,63609.9,255.0886
1785222000000,63610.0,63621.6,63424.4,63471.2,196.2083
1785225600000,63471.2,63507.7,63370.1,63397.8,195.1335
1785229200000,63397.8,63542.2,63331.6,63364.3,301.9644
1785232800000,63364.2,63523.0,63259.4,63438.5,308.944
1785236400000,63438.6,63568.3,63320.6,63427.8,619.9844
1785240000000,63427.8,63542.8,63356.1,63516.0,596.2227
1785243600000,63516.0,63561.8,62712.2,63078.6,2775.9924
1785247200000,63078.5,63516.0,62935.4,63384.3,1099.9782
1785250800000,63385.1,63995.1,63235.4,63897.4,1383.5902
1785254400000,63897.4,64099.2,63745.1,64015.4,499.434
1785258000000,64015.4,64015.4,63473.0,63662.9,591.7584
1785261600000,63662.9,63819.8,63646.9,63707.3,300.4629
1785265200000,63707.3,63874.2,63650.0,63872.8,189.5283
1785268800000,63874.2,63993.8,63847.7,63888.5,187.1197
1785272400000,63888.5,64045.0,63864.0,63947.6,206.7527
1785276000000,63947.7,63996.4,63735.2,63752.4,308.318
1785279600000,63752.3,63924.9,63528.0,63901.8,538.683
1785283200000,63900.8,64163.6,63841.9,63930.4,786.313
1785286800000,63928.8,63970.6,63666.2,63678.2,235.9885
1785290400000,63677.1,64105.3,63630.9,63949.6,544.8074
1785294000000,63949.9,63974.1,63677.4,63722.5,379.3852
1785297600000,63722.4,63947.2,63567.0,63942.4,959.852
1785301200000,63942.4,64067.6,63863.3,64038.7,365.1764
1785304800000,64038.7,64439.0,64000.0,64404.0,815.2626
1785308400000,64404.0,64540.0,64369.4,64531.4,597.5415
1785312000000,64533.1,64550.0,64250.0,64387.9,1299.7034
1785315600000,64387.9,64696.0,64350.9,64665.4,977.2423
1785319200000,64665.3,64684.9,64381.1,64444.1,523.4688
1785322800000,64444.1,64569.0,64358.0,64483.3,325.7203
1785326400000,64483.4,64483.4,64195.7,64251.2,597.2938
1785330000000,64251.3,64644.5,64120.1,64639.0,1366.0919
1785333600000,64639.9,64687.4,64020.0,64081.4,1192.4513
1785337200000,64081.7,64168.7,63857.7,63946.8,696.3175
1785340800000,63946.7,64115.8,63601.5,63787.8,943.5686
1785344400000,63787.8,64265.6,63684.3,64250.9,799.796
1785348000000,64251.1,64630.9,63745.6,64484.7,2118.0805
1785351600000,64484.8,64573.4,63485.0,63562.9,1325.8324
1785355200000,63559.5,63699.0,63348.8,63485.3,705.5564
1785358800000,63485.2,63829.7,63231.6,63828.4,614.7901
1785362400000,63828.2,64102.7,63816.3,63910.8,577.1802
1785366000000,63910.7,64042.7,63865.1,63955.3,309.5924
1785369600000,63955.0,64091.9,63578.2,63669.6,444.6982
1785373200000,63669.7,64353.9,63647.2,64243.4,754.8061
1785376800000,64243.5,64386.0,64140.0,64164.7,316.852
1785380400000,64164.9,64277.4,64107.2,64137.3,220.7734
1785384000000,64137.3,64167.6,63979.3,63999.1,237.0047
1785387600000,63999.0,64160.4,63881.9,64013.7,291.5591
1785391200000,64013.8,64058.0,63925.8,63975.0,384.7781
1785394800000,63975.0,64119.9,63906.8,63982.1,1140.5334
1785398400000,63982.1,64324.4,63950.1,64278.0,557.2375
1785402000000,64277.9,64613.8,64255.6,64545.3,688.3506
1785405600000,64545.3,64610.0,64536.9,64550.1,436.235
1785409200000,64550.1,64857.5,64510.6,64760.0,851.7955
1785412800000,64759.9,64990.0,64757.0,64888.0,904.3917
1785416400000,64887.9,65150.0,64658.1,64995.7,952.9685
1785420000000,64995.3,65015.8,64588.9,64650.8,1223.2228
1785423600000,64650.8,64860.0,64576.3,64699.2,406.4338
1785427200000,64699.1,64936.4,64692.2,64788.8,374.8221
1785430800000,64788.8,64965.2,64740.7,64842.8,514.517
1785434400000,64842.9,64871.5,64650.0,64670.8,304.5571
1785438000000,64670.7,64875.0,64670.7,64772.4,241.9608
1785441600000,64774.5,64909.7,64725.1,64749.8,201.6024
1785445200000,64749.7,64779.3,64679.8,64706.4,78.6709
1785448800000,64706.4,64995.0,64636.2,64826.8,309.0995
1785452400000,64826.0,65063.2,64711.7,64752.0,384.2814
1785456000000,64752.1,64877.5,64663.9,64701.9,151.3081
1785459600000,64702.0,65384.1,64465.1,64536.1,1522.5735
1785463200000,64536.2,64588.6,64174.2,64272.8,811.8861
1785466800000,64272.9,64412.0,64147.3,64340.3,320.6966
1785470400000,64340.4,64426.4,64204.2,64278.8,355.2564
1785474000000,64278.7,64400.0,64245.4,64326.7,239.4124
1785477600000,64326.7,64467.4,64171.6,64204.1,374.8645
1785481200000,64204.2,64215.3,63836.0,63910.1,1822.2967
1785484800000,63910.0,63947.4,63780.0,63800.1,668.7465
1785488400000,63800.3,63814.2,63610.0,63689.6,997.6175
1785492000000,63689.7,63923.0,63580.0,63891.9,1473.0275
1785495600000,63891.8,63982.3,63764.7,63777.3,613.2278
1785499200000,63777.4,63802.6,63596.6,63728.9,805.1724
1785502800000,63728.8,63811.4,63213.6,63248.9,1781.994
1785506400000,63248.8,63300.0,62428.1,62664.8,2970.8503
1785510000000,62664.8,62750.0,62463.0,62693.4,715.4766
1785513600000,62693.4,62910.0,62682.3,62845.0,434.2644
1785517200000,62845.0,63265.4,62774.8,63212.6,780.2008
1785520800000,63212.6,63271.2,62933.2,63066.4,388.2682
1785524400000,63066.5,63133.4,62906.7,62941.8,231.9107
1785528000000,62941.7,63005.6,62900.0,62929.7,168.7313
1785531600000,62929.9,63040.0,62811.0,62924.0,205.1731
1785535200000,62923.9,62994.5,62833.0,62916.1,68.6214
1785538800000,62916.1,62986.8,62831.0,62858.6,214.2754
1785542400000,62858.6,62993.2,62858.5,62906.2,142.3721
1785546000000,62906.1,62966.5,62891.5,62946.5,243.2014
1785549600000,62946.5,63076.9,62946.4,63040.9,142.9057
1785553200000,63040.9,63048.8,62937.6,62974.9,133.4039
1785556800000,62974.8,63071.8,62964.4,63071.8,70.2745
1785560400000,63071.7,63110.6,62965.6,63000.1,139.6601
1785564000000,63000.2,63054.4,62964.0,63047.6,94.7957
1785567600000,63047.7,63083.0,63000.6,63017.6,86.043
1785571200000,63017.5,63124.1,63017.5,63094.6,138.2275
1785574800000,63094.5,63118.1,63012.2,63019.9,123.6268
1785578400000,63019.9,63092.7,62955.6,63029.7,116.5183
1785582000000,63029.6,63062.2,63009.0,63045.5,71.3255
1785585600000,63045.6,63092.0,63045.5,63066.8,94.6399
1785589200000,63066.8,63073.0,63022.0,63035.3,234.6711
1785592800000,63035.7,63098.5,63035.0,63098.5,407.7382
1785596400000,63098.4,63098.9,62973.8,62974.0,132.108
1785600000000,62974.0,63001.1,62845.8,62899.9,480.2355
1785603600000,62900.0,62969.8,62630.2,62682.8,932.3173
1785607200000,62682.8,62710.9,62245.0,62551.1,1224.0359
1785610800000,62551.0,62625.5,62427.2,62499.5,242.8322
1785614400000,62499.4,62639.7,62454.2,62630.1,265.8406
1785618000000,62630.0,62857.4,62630.0,62789.4,418.6205
1785621600000,62789.4,62839.2,62760.9,62800.0,301.1927
1785625200000,62800.0,62828.5,62724.1,62790.7,183.2626
1785628800000,62790.6,62943.3,62782.2,62808.9,174.9675
1785632400000,62808.9,63060.0,62808.9,62959.8,410.4111
1785636000000,62959.8,63527.0,62930.4,63422.1,1019.8558
1785639600000,63422.1,63520.0,63352.0,63436.8,198.9558
1785643200000,63436.7,63588.1,63436.7,63554.8,264.0055
1785646800000,63554.7,63614.4,63391.7,63428.3,240.4042
1785650400000,63428.3,63477.7,63396.6,63458.6,112.1849
1785654000000,63458.5,63510.1,63445.6,63465.3,245.2045
1785657600000,63465.4,63504.7,63137.0,63166.8,360.978
1785661200000,63166.9,63292.3,63040.0,63244.1,786.1978
1785664800000,63244.0,63244.1,63088.7,63170.0,361.1286
1785668400000,63170.0,63176.9,62955.7,63002.8,681.3219
1785672000000,63002.7,63200.0,63001.7,63095.1,297.5583
1785675600000,63095.1,63116.9,62972.9,63091.9,228.1798
1785679200000,63091.9,63145.5,63031.8,63040.0,113.7594
1785682800000,63040.0,63166.7,63020.4,63079.0,152.3037
1785686400000,63079.0,63244.9,63033.7,63158.5,234.2332
1785690000000,63158.1,63318.8,63124.8,63280.1,283.0944
1785693600000,63280.1,63585.9,63264.5,63358.6,813.3147
1785697200000,63358.6,63456.9,63302.2,63429.0,301.6891
1785700800000,63429.0,63500.0,63375.7,63469.3,338.8099
1785704400000,63469.2,63758.9,63450.0,63552.3,810.2237
1785708000000,63552.2,63766.0,63337.9,63391.6,739.7899
1785711600000,63391.6,63566.6,63313.5,63547.1,452.4704
1785715200000,63547.1,63569.1,63157.8,63292.4,320.851
1785718800000,63292.3,63325.3,63082.0,63184.7,276.7794
1785722400000,63184.7,63258.9,63069.0,63118.1,177.6784
1785726000000,63118.0,63145.9,62757.6,62840.0,448.0617
1785729600000,62840.1,62972.7,62749.0,62762.2,288.0055
1785733200000,62762.1,62846.7,62716.7,62799.5,172.9808
1785736800000,62799.6,62842.4,62580.0,62597.2,881.8914
1785740400000,62597.2,62671.7,62530.0,62591.9,379.9403
1785744000000,62591.9,62623.1,62268.3,62511.7,936.8635
1785747600000,62511.6,62837.1,62463.4,62803.1,622.7772
1785751200000,62803.1,62835.9,62584.8,62715.0,752.3718
1785754800000,62715.1,62746.1,62506.1,62531.6,308.6717
1785758400000,62531.6,62775.4,62413.2,62673.3,832.8827
1785762000000,62673.2,63367.9,62531.4,63326.6,2365.0931
1785765600000,63326.6,63963.0,63112.4,63932.5,4123.1585
1785769200000,63932.4,63968.0,63608.0,63660.1,1249.4909
1785772800000,63660.1,63910.3,63627.0,63738.6,935.1629
1785776400000,63738.6,64031.7,63680.7,63876.8,845.9637
1785780000000,63876.8,63962.9,63735.0,63833.7,366.8682
1785783600000,63833.8,64053.8,63807.5,63833.2,523.5654
1785787200000,63835.1,63994.6,63736.5,63755.8,549.144
1785790800000,63755.9,63765.4,63522.2,63560.6,330.1566
1785794400000,63559.9,63653.6,63369.3,63588.4,360.0386
1785798000000,63588.3,63595.7,63437.6,63501.3,232.6971
1785801600000,63501.2,63568.3,63301.0,63329.7,490.4566
1785805200000,63329.7,63886.0,63318.1,63818.7,733.989
1785808800000,63818.8,63939.1,63654.6,63797.9,318.3249
1785812400000,63797.9,63838.0,63621.7,63770.0,328.6172
1785816000000,63770.0,64221.0,63730.3,64008.0,1260.6592
1785819600000,64007.9,64034.2,63767.1,63789.0,697.979
1785823200000,63785.9,63835.5,63630.6,63653.1,432.7646
1785826800000,63653.1,63738.9,63480.0,63665.1,668.0688
1785830400000,63665.0,63728.7,63536.6,63555.9,430.0633
1785834000000,63555.2,63588.3,63490.0,63579.1,368.6121
1785837600000,63579.3,63819.8,63430.8,63740.6,1172.3486
1785841200000,63740.5,63924.0,63670.0,63894.9,638.7913
1785844800000,63894.8,64032.5,63758.8,63877.2,2320.7223
1785848400000,63877.2,64076.5,63628.4,63662.5,2337.0164
1785852000000,63662.5,64168.0,63585.0,64097.2,1728.1636
1785855600000,64097.3,64200.0,63781.9,64090.3,1146.4876
1785859200000,64090.4,64106.1,63865.7,63927.9,290.5641
1785862800000,63928.0,64153.1,63858.2,63945.0,386.533
1785866400000,63945.1,64374.9,63930.0,64272.3,823.3179
1785870000000,64272.4,64385.0,64182.9,64199.5,354.5762
1785873600000,64198.1,64388.2,63974.0,64314.8,455.2751
1785877200000,64314.9,64314.9,64141.2,64165.3,618.7218
1785880800000,64165.2,64264.3,64106.1,64238.8,545.6623
1785884400000,64238.8,64513.6,64056.0,64076.4,1474.4452
1785888000000,64076.4,64165.4,63950.3,63969.1,896.9268
1785891600000,63969.1,64320.0,63922.0,64306.9,461.4688
1785895200000,64307.5,64476.5,64300.5,64339.2,495.7284
1785898800000,64339.1,64418.0,64021.9,64151.8,539.2723
1785902400000,64151.7,64189.9,64058.0,64145.1,263.8592
1785906000000,64145.1,64496.7,64133.1,64307.5,465.5109
1785909600000,64307.0,64346.2,64204.9,64228.4,171.1663
1785913200000,64228.3,64250.9,63979.6,64141.7,479.3386
1785916800000,64141.6,64257.5,64065.8,64098.7,670.867
1785920400000,64098.7,64184.8,64074.5,64123.0,346.8991
1785924000000,64123.1,64214.7,63984.8,64034.7,509.3477
1785927600000,64034.8,64118.2,64014.3,64046.0,611.528
1785931200000,64046.0,64549.7,64024.1,64303.7,1205.4488
1785934800000,64300.1,64382.4,63850.8,64381.0,1583.8969
1785938400000,64381.1,64547.9,64250.0,64440.6,1671.5548
1785942000000,64440.5,64714.7,64350.0,64351.9,1422.2774
1785945600000,64351.8,64730.8,64351.3,64631.5,749.4317
1785949200000,64631.5,64774.0,64505.2,64733.2,631.4284
1785952800000,64732.1,64813.0,64632.8,64762.5,337.7975
1785956400000,64762.5,64900.0,64746.2,64805.7,439.5789
1785960000000,64805.9,64992.9,64772.9,64800.9,772.8287
1785963600000,64800.8,64802.2,64633.3,64703.7,423.3625
1785967200000,64703.6,64756.5,64595.5,64605.5,221.4266
1785970800000,64604.6,64720.7,64553.1,64626.2,288.6154
1785974400000,64628.0,64692.4,64539.9,64611.9,720.6072
1785978000000,64611.9,64632.3,64469.0,64557.6,590.8692
1785981600000,64557.4,64624.6,64439.0,64552.3,506.1155
1785985200000,64552.3,64553.0,64463.2,64497.2,226.0244
1785988800000,64497.2,64700.0,64462.9,64697.9,930.0938
1785992400000,64698.0,64972.9,64697.0,64879.3,1709.2105
1785996000000,64879.4,64886.0,64711.7,64829.9,975.0851
1785999600000,64828.8,64931.1,64747.1,64788.2,335.7261
1786003200000,64788.2,64969.9,64727.1,64912.1,433.3989
1786006800000,64912.1,64912.3,64604.3,64651.8,703.6931
1786010400000,64651.9,64659.0,64554.0,64591.1,612.5271
1786014000000,64591.1,64631.7,64474.8,64591.8,498.4905
1786017600000,64591.8,64612.9,64357.6,64390.9,799.2126
1786021200000,64390.8,64504.5,64143.4,64406.9,1471.5394
1786024800000,64406.5,64817.5,64330.4,64746.7,1312.273
1786028400000,64746.6,64950.0,64596.0,64601.0,1242.831
1786032000000,64601.0,64744.6,64549.9,64723.9,452.0595
1786035600000,64724.0,64800.0,64512.8,64585.3,291.871
1786039200000,64585.4,64590.6,64340.6,64386.3,866.565
1786042800000,64386.3,64443.0,64327.3,64417.3,203.9072
1786046400000,64416.5,64502.1,64398.7,64405.1,135.0345
1786050000000,64405.1,64488.0,64371.2,64411.9,220.5267
1786053600000,64411.9,64421.2,64292.3,64318.7,398.8635
1786057200000,64318.8,64333.9,64166.0,64296.0,556.8418
1786060800000,64296.0,64379.9,64198.5,64292.5,661.252
1786064400000,64292.6,64443.2,64265.8,64393.7,615.9981
1786068000000,64393.6,64520.6,64220.6,64366.0,397.4177
1786071600000,64365.9,64380.3,64232.0,64262.2,206.7495
1786075200000,64262.3,64332.9,64130.2,64226.5,276.557
1786078800000,64226.6,64369.7,64132.5,64305.7,322.7444
1786082400000,64305.8,64439.0,64251.0,64275.8,192.4989
1786086000000,64275.8,64396.3,64230.0,64288.6,207.1325
1786089600000,64288.6,64644.2,64271.2,64574.6,470.4937
1786093200000,64574.7,64935.1,64574.6,64806.6,1109.8587
1786096800000,64806.6,64885.8,64769.5,64865.0,232.2208
1786100400000,64864.9,65185.3,64862.5,64996.5,1004.1039
1786104000000,64996.6,65350.0,64950.6,65249.9,1576.8065
1786107600000,65249.9,65307.9,64964.1,64983.3,1231.4991
1786111200000,64983.2,65244.9,64755.5,64927.8,1459.8842
1786114800000,64928.0,65104.2,64858.8,64882.3,704.7609
1786118400000,64882.3,65048.3,64779.3,64780.1,532.2139
1786122000000,64780.1,64803.2,64491.9,64740.1,983.7418
1786125600000,64740.2,64851.9,64650.5,64706.1,414.5281
1786129200000,64706.6,64997.2,64706.5,64927.8,504.9817
1786132800000,64928.1,65014.2,64916.6,64941.0,233.8741
1786136400000,64942.0,65072.9,64893.3,64895.5,252.2314
1786140000000,64895.5,64933.2,64808.8,64851.0,102.9983
1786143600000,64851.0,64907.0,64844.1,64884.9,81.0766
1786147200000,64884.8,64921.5,64786.8,64886.0,110.9434
1786150800000,64886.0,64924.2,64850.0,64877.1,157.2212
1786154400000,64877.0,64928.5,64859.5,64887.1,49.2121
1786158000000,64887.1,65046.1,64885.4,64997.9,243.4488
1786161600000,64997.9,65037.9,64936.4,64975.2,133.9065
1786165200000,64975.3,64997.3,64942.0,64961.4,62.979
1786168800000,64961.4,64991.0,64932.0,64976.7,73.8783
1786172400000,64976.6,65000.0,64918.4,64934.5,122.7541
1786176000000,64934.4,64987.6,64903.4,64960.1,60.6516
1786179600000,64960.0,65024.1,64956.9,64957.0,94.7962
1786183200000,64957.0,64996.2,64952.5,64979.3,153.5603
1786186800000,64979.4,64990.7,64925.6,64939.1,90.3959
1786190400000,64939.1,65022.6,64885.2,64971.1,240.7864
1786194000000,64971.1,64994.8,64965.4,64986.8,63.1373
1786197600000,64986.9,65162.4,64986.8,65095.6,434.9576
1786201200000,65095.6,65130.0,65027.1,65046.3,555.851
1786204800000,65046.2,65088.7,65003.0,65054.7,157.1059
1786208400000,65054.7,65125.6,65029.0,65085.6,135.5375
1786212000000,65085.6,65095.9,64993.0,65013.0,203.7812
1786215600000,65013.0,65052.6,64979.7,65041.4,180.3705
1786219200000,65041.5,65070.0,65007.7,65045.6,38.2472
1786222800000,65045.5,65045.9,64971.1,64989.0,63.5043
1786226400000,64989.0,65011.9,64912.8,64912.8,121.0269
1786230000000,64912.8,64946.4,64905.4,64929.0,125.7693
1786233600000,64929.0,64966.3,64928.9,64948.4,29.9427
1786237200000,64948.3,64978.7,64820.9,64841.3,146.9032
1786240800000,64841.3,64841.4,64746.6,64793.0,173.9208
1786244400000,64793.0,64793.2,64696.2,64758.1,153.867
1786248000000,64758.1,64803.9,64750.0,64757.1,67.8815
1786251600000,64757.1,64777.6,64730.0,64776.7,51.7838
1786255200000,64776.7,64833.4,64776.0,64818.4,154.0552
1786258800000,64818.4,64823.8,64790.7,64792.2,84.0534
1786262400000,64792.1,64905.4,64757.9,64792.6,179.0543
1786266000000,64792.6,64852.7,64776.3,64852.6,129.3316
1786269600000,64852.7,64950.0,64822.1,64925.1,166.8102
1786273200000,64925.1,64972.8,64915.9,64918.4,170.6888
1786276800000,64918.4,64926.2,64886.9,64926.1,87.2964
1786280400000,64926.1,65232.3,64926.1,65193.0,588.2222
1786284000000,65193.0,65278.0,65119.8,65236.8,451.7299
1786287600000,65236.9,65242.4,65176.5,65202.9,162.2128
1786291200000,65202.9,65250.1,65149.0,65204.9,202.0408
1786294800000,65204.9,65210.1,65166.1,65166.9,76.402
1786298400000,65167.0,65198.4,65159.7,65168.4,85.9464
1786302000000,65168.3,65203.3,65150.5,65154.9,103.2018
1786305600000,65154.8,65162.4,65046.0,65114.9,241.2936
1786309200000,65114.9,65238.5,65094.4,65170.1,61.6933
1786312800000,65171.7,65441.0,64950.0,65043.6,997.2513
1786316400000,65043.6,65076.9,64805.4,64870.1,295.2922
1786320000000,64870.0,65296.2,64793.3,64945.8,807.2826
1786323600000,64945.7,65368.0,64863.3,65171.5,449.0642
1786327200000,65171.5,65189.9,64880.0,65076.0,383.9001
1786330800000,65075.9,65146.0,64879.2,64948.3,269.0244
1786334400000,64948.3,65077.4,64896.1,64981.2,136.716
1786338000000,64981.2,65134.7,64951.6,65112.2,171.2006
1786341600000,65112.2,65300.0,65100.0,65271.4,248.2174
1786345200000,65271.4,65341.0,65171.8,65181.2,241.2947
1786348800000,65181.2,65300.0,65158.9,65216.5,317.9496
1786352400000,65216.5,65216.6,64928.2,64941.7,303.2073
1786356000000,64941.6,65069.3,64941.3,64989.4,174.7905
1786359600000,64989.5,65109.4,64948.8,65098.7,187.3995
1786363200000,65098.8,65215.1,64820.0,64840.6,683.5924
1786366800000,64840.6,64944.6,64490.8,64536.0,1453.8218
1786370400000,64535.9,64855.8,64508.9,64593.6,825.5294
1786374000000,64593.7,64689.9,64166.5,64273.1,1470.7787
1786377600000,64273.0,64330.0,63804.1,63885.9,1746.3711
1786381200000,63885.9,64000.3,63803.2,63930.9,620.4858
1786384800000,63930.9,64001.3,63787.1,63865.3,528.2141
1786388400000,63865.3,64072.9,63859.0,64018.4,381.8747
1786392000000,64018.6,64170.0,63991.0,64129.8,214.5191
1786395600000,64129.8,64129.8,63954.1,63954.1,174.3674
1786399200000,63954.1,64036.2,63912.9,63992.5,237.5682
1786402800000,63992.6,63996.0,63886.0,63944.8,121.4317
1786406400000,63944.8,64035.3,63852.5,64011.9,210.3791
1786410000000,64011.9,64053.4,63928.1,64028.8,178.8815
1786413600000,64028.9,64060.2,64004.8,64014.7,265.7182
1786417200000,64014.6,64150.0,64014.6,64112.5,335.3715
1786420800000,64112.4,64129.0,64003.0,64003.0,290.1075
1786424400000,64003.0,64035.1,63932.6,63966.9,469.7501
1786428000000,63966.9,64026.8,63832.1,63942.5,321.1822
1786431600000,63942.5,64077.0,63879.4,64034.5,368.859
1786435200000,64034.5,64123.7,64013.9,64106.1,138.7395
1786438800000,64106.1,64277.4,64102.3,64277.4,637.7843
1786442400000,64277.3,64286.8,64175.6,64199.9,270.4967
1786446000000,64199.9,64383.9,64199.9,64354.6,431.1171
1786449600000,64354.5,64467.8,64257.7,64298.0,723.352
1786453200000,64298.0,64345.9,64022.0,64177.6,761.7716
1786456800000,64177.6,64240.7,63685.3,63747.2,1564.2964
1786460400000,63747.2,63851.2,63417.0,63590.4,1534.1248
1786464000000,63590.4,63630.0,63432.8,63491.3,444.9441
1786467600000,63491.3,63613.4,63439.7,63581.7,291.7142
1786471200000,63581.7,63608.2,63232.5,63351.5,680.078
1786474800000,63351.4,63515.0,63204.2,63512.7,476.4272
1786478400000,63512.7,63726.0,63509.5,63714.3,455.2314
1786482000000,63714.4,63739.5,63585.4,63639.1,416.1438
1786485600000,63639.1,63743.1,63595.7,63636.5,131.507
1786489200000,63636.5,63636.6,63519.5,63572.9,163.8096
1786492800000,63572.9,63718.1,63507.0,63717.3,475.2703
1786496400000,63717.2,63829.7,63662.1,63796.9,479.332
1786500000000,63797.0,63882.0,63700.8,63720.5,287.5879
1786503600000,63720.5,63819.6,63678.1,63799.5,135.0648
1786507200000,63799.5,63864.3,63709.2,63749.0,149.2909
1786510800000,63749.0,63844.7,63700.0,63820.5,115.1197
1786514400000,63814.9,63815.0,63579.4,63689.5,284.9068
1786518000000,63689.5,63808.5,63614.4,63803.2,179.0184
1786521600000,63803.1,63836.4,63744.7,63766.7,222.4047
1786525200000,63766.7,64076.9,63736.3,64076.9,782.906
1786528800000,64076.8,64189.4,64033.1,64107.8,554.4906
1786532400000,64107.7,64220.0,64079.1,64200.3,410.0099
1786536000000,64200.3,64425.0,63944.9,64094.5,1524.7797
1786539600000,64094.4,64134.5,63807.2,63807.7,878.7776
1786543200000,63807.6,63898.6,63336.0,63345.1,1492.0179
1786546800000,63345.1,63549.2,63285.5,63419.6,680.5175
1786550400000,63419.6,63550.0,63350.0,63463.6,338.4086
1786554000000,63463.7,63532.5,63386.5,63450.1,542.8181
1786557600000,63450.2,63500.0,63355.0,63359.3,300.6862
1786561200000,63359.4,63433.9,63284.1,63400.6,278.8277
1786564800000,63397.9,63579.0,63395.4,63579.0,265.4853
1786568400000,63578.9,63630.0,63396.9,63443.2,386.3681
1786572000000,63443.1,63510.7,63339.9,63406.9,247.4451
1786575600000,63406.4,63464.2,63334.1,63456.0,161.2778
1786579200000,63456.1,63687.4,63430.0,63532.5,345.7573
1786582800000,63532.5,63610.6,63355.0,63430.3,341.4299
1786586400000,63430.4,63557.9,63346.4,63525.0,301.4038
1786590000000,63525.0,63658.6,63487.8,63624.3,247.988
1786593600000,63624.3,63754.8,63559.6,63667.2,281.2667
1786597200000,63667.3,63985.4,63643.2,63850.1,689.0181
1786600800000,63850.0,63913.0,63723.9,63913.0,260.258
1786604400000,63912.9,63920.1,63819.4,63834.8,129.0809
1786608000000,63834.8,63882.5,63711.0,63744.5,234.2325
1786611600000,63744.4,63803.7,63553.6,63755.1,634.3796
1786615200000,63755.1,63799.0,63556.3,63629.7,334.0046
1786618800000,63629.7,63649.0,63320.3,63460.5,622.3907
1786622400000,63460.4,63684.9,63415.9,63669.2,564.8055
1786626000000,63669.1,63825.5,63532.4,63695.6,757.9652
1786629600000,63695.7,63975.0,63653.0,63835.6,631.6836
1786633200000,63835.7,63915.0,63388.0,63388.0,658.3996
1786636800000,63388.1,63564.0,62817.2,63133.9,2161.2812
1786640400000,63133.9,63272.7,63048.3,63117.8,586.9817
1786644000000,63117.9,63342.7,63088.0,63282.3,488.5219
1786647600000,63282.4,63491.5,63282.3,63383.6,465.2502
1786651200000,63383.7,63448.7,63342.2,63387.1,293.6607
1786654800000,63387.1,63475.5,63360.2,63450.0,191.3648
1786658400000,63450.0,63615.6,63449.9,63500.0,498.568
1786662000000,63500.1,63511.9,63366.2,63459.0,204.9422
1786665600000,63459.7,63536.2,63379.2,63518.7,157.3634
1786669200000,63518.6,63566.7,63433.0,63547.6,209.5139
1786672800000,63547.5,63598.3,63437.1,63437.2,197.1214
1786676400000,63437.1,63550.0,63280.0,63288.9,449.45
1786680000000,63288.8,63449.3,63246.0,63349.9,336.3096
1786683600000,63349.9,63381.2,63258.5,63358.1,275.475
1786687200000,63358.1,63358.2,62908.1,62944.6,608.5461
1786690800000,62944.7,63084.8,62883.7,62883.8,524.0416
1786694400000,62883.7,62962.9,62661.4,62909.3,1247.6777
1786698000000,62909.2,62921.7,62710.7,62763.9,443.9595
1786701600000,62763.9,62920.7,62718.9,62791.0,329.1942
1786705200000,62791.1,62909.3,62782.5,62839.7,255.6116
1786708800000,62839.7,62888.0,62696.4,62708.4,406.52
1786712400000,62708.4,62796.5,62569.0,62638.0,879.4596
1786716000000,62637.9,62780.9,62512.1,62585.4,582.2903
1786719600000,62585.4,63060.6,62582.4,62957.9,709.2566
1786723200000,62957.9,63190.0,62933.4,63107.2,492.6789
1786726800000,63107.3,63215.0,62967.8,62986.8,441.3073
1786730400000,62986.7,63047.0,62860.0,62900.3,260.653
1786734000000,62900.4,62967.2,62799.1,62941.4,310.0603
1786737600000,62938.4,62997.4,62867.6,62878.4,195.5801
1786741200000,62878.4,62913.7,62847.0,62901.1,94.2085
1786744800000,62901.1,62989.7,62768.8,62859.1,135.9539
1786748400000,62859.1,63041.7,62835.9,63014.9,126.0834
1786752000000,63015.0,63039.4,62968.0,62992.8,82.2751
1786755600000,62992.8,63017.0,62966.3,63013.8,90.5899
1786759200000,63013.7,63113.4,63009.5,63113.3,129.366
1786762800000,63113.4,63164.3,63010.2,63023.3,148.5297
1786766400000,63023.2,63124.6,63023.2,63090.4,98.8504
1786770000000,63090.4,63128.5,63010.0,63054.3,119.9702
1786773600000,63054.3,63106.5,62988.9,63084.2,99.9112
1786777200000,63084.2,63100.7,63012.2,63048.3,127.0262
1786780800000,63048.3,63056.6,62902.4,62902.5,324.1803
1786784400000,62902.4,63025.4,62887.9,62999.5,251.4367
1786788000000,62999.4,63023.9,62971.2,63012.9,102.6647
1786791600000,63012.9,63032.6,62964.8,62991.2,74.2382
1786795200000,62991.2,63030.0,62918.3,63027.8,118.3508
1786798800000,63027.9,63057.1,62998.1,63028.6,116.0717
1786802400000,63028.6,63028.7,62947.5,63010.8,119.5629
1786806000000,63010.9,63092.2,63000.0,63066.8,144.397
1786809600000,63066.8,63094.9,63033.5,63066.1,159.7062
1786813200000,63066.1,63075.7,63033.4,63038.8,65.4301
1786816800000,63038.8,63084.0,63015.8,63027.7,64.0447
1786820400000,63027.7,63093.8,63027.6,63093.7,59.6471
1786824000000,63093.7,63093.8,63042.4,63078.0,41.6479
1786827600000,63078.0,63136.6,63070.6,63125.1,175.7004
1786831200000,63125.1,63143.3,63099.3,63100.5,40.7426
1786834800000,63100.6,63104.7,63055.1,63056.7,56.5438
1786838400000,63056.7,63060.7,63036.1,63053.5,58.0485
1786842000000,63053.4,63066.0,62978.3,63051.5,86.8445
1786845600000,63051.5,63134.5,62990.2,63095.7,82.1111
1786849200000,63095.6,63098.1,63088.6,63098.0,53.6926
1786852800000,63098.0,63123.9,63050.9,63054.8,76.4338
1786856400000,63054.8,63067.7,63007.4,63029.1,81.4449
1786860000000,63029.1,63056.2,63015.7,63034.5,230.8723
1786863600000,63034.4,63037.6,63021.8,63031.5,221.8243
1786867200000,63031.5,63070.8,63026.0,63036.8,53.8352
1786870800000,63036.7,63037.4,62936.3,62960.7,271.2137
1786874400000,62960.7,62990.6,62934.8,62982.4,74.2094
1786878000000,62982.3,62984.7,62947.1,62984.6,69.8361
1786881600000,62984.6,62999.4,62961.0,62987.7,64.662
1786885200000,62987.6,63042.3,62987.6,63032.1,82.5528
1786888800000,63032.0,63073.9,63010.9,63071.0,75.0139
1786892400000,63071.0,63112.3,63070.9,63110.8,104.6458
1786896000000,63110.8,63360.0,63101.0,63229.1,825.0096
1786899600000,63229.1,63246.5,63091.0,63128.4,257.7337
1786903200000,63128.4,63154.6,63088.9,63119.4,117.1805
1786906800000,63119.4,63204.9,63069.8,63079.6,208.9174
1786910400000,63079.9,63114.2,62993.7,63040.3,242.2485
1786914000000,63040.3,63056.7,62733.4,62896.7,424.0062
1786917600000,62896.8,62931.2,62682.1,62886.0,428.1231
1786921200000,62886.1,62966.8,62800.5,62876.3,192.7272
1786924800000,62876.3,62933.1,62721.0,62886.1,261.6503
1786928400000,62886.0,63224.1,62868.1,63080.0,541.5104
1786932000000,63080.0,63473.2,63003.2,63374.0,536.9276
1786935600000,63373.9,63497.1,63314.1,63402.9,356.7936
1786939200000,63402.9,63555.0,63400.0,63513.3,384.4284
1786942800000,63513.3,63566.5,63411.5,63486.5,476.8852
1786946400000,63486.6,63684.0,63420.0,63631.9,439.5425
1786950000000,63632.0,63632.0,63497.2,63497.2,338.6986
1786953600000,63497.2,63550.0,63322.7,63352.1,491.0119
1786957200000,63352.1,63400.0,63263.2,63289.7,267.0788
1786960800000,63289.6,63665.8,63268.2,63659.2,641.1047
1786964400000,63659.3,63749.7,63560.0,63598.0,543.9662
1786968000000,63598.1,63650.0,63499.8,63522.0,385.4719
1786971600000,63521.9,63776.6,63410.6,63643.1,729.0538
1786975200000,63643.1,63877.5,63555.5,63869.8,880.8833
1786978800000,63869.7,64198.7,63780.0,64169.6,1788.9319
1786982400000,64169.6,64183.3,64024.3,64084.4,404.386
1786986000000,64084.5,64395.2,63942.8,64296.1,1286.8371
1786989600000,64296.1,64587.2,64247.8,64399.9,1273.2468
1786993200000,64399.9,64400.0,64251.6,64278.1,286.9974
1786996800000,64277.9,64409.6,64232.4,64359.5,243.9661
1787000400000,64359.5,64409.1,64266.1,64348.1,345.96
1787004000000,64348.0,64389.3,64245.8,64261.7,106.1212
1787007600000,64261.7,64549.7,64253.2,64500.7,463.1499
1787011200000,64500.7,64538.0,64329.5,64354.0,179.1795
1787014800000,64353.9,64356.6,64120.5,64177.8,596.5397
1787018400000,64177.9,64250.0,64026.2,64073.8,600.7514
1787022000000,64073.9,64157.0,64010.8,64147.3,503.9567
1787025600000,64147.4,64213.5,64056.8,64185.6,241.1748
1787029200000,64185.6,64247.0,64107.9,64201.3,214.1884
1787032800000,64201.3,64424.0,64130.2,64290.0,509.5852
1787036400000,64289.9,64328.3,64137.5,64171.0,256.305
1787040000000,64171.1,64312.9,64058.0,64262.2,393.2926
1787043600000,64262.1,64262.1,64107.1,64144.9,215.1436
1787047200000,64144.0,64199.5,64100.0,64180.4,137.2119
1787050800000,64180.4,64375.3,64163.4,64323.7,448.154
1787054400000,64323.7,64325.8,64189.2,64192.0,217.0953
1787058000000,64192.1,64258.7,64015.8,64191.8,1008.1841
1787061600000,64191.8,65019.7,64190.4,64688.4,3139.7522
1787065200000,64688.4,64861.7,64616.8,64825.8,469.8599
1787068800000,64826.0,64863.0,64641.4,64805.6,630.6997
1787072400000,64805.6,64806.0,64638.7,64638.8,277.6958
1787076000000,64638.8,64795.0,64625.9,64746.6,161.5131
1787079600000,64746.7,64770.7,64612.5,64619.0,175.0573
1787083200000,64619.1,64645.0,64537.0,64548.4,312.3675
1787086800000,64548.4,64649.6,64538.0,64577.8,224.0307
1787090400000,64577.9,64624.9,64534.0,64610.8,213.8775
1787094000000,64610.7,64751.5,64601.2,64695.7,251.8199
1787097600000,64695.7,64709.3,64455.0,64460.2,225.9768
1787101200000,64460.2,64538.7,64358.7,64373.4,370.2698
1787104800000,64373.3,64401.4,64315.7,64322.1,369.1057
1787108400000,64322.1,64392.9,64251.1,64298.9,307.6411
1787112000000,64299.0,64375.5,64266.2,64288.3,188.9769
1787115600000,64288.3,64384.2,64203.5,64211.4,217.5183
1787119200000,64211.4,64322.1,64136.8,64316.7,666.7487
1787122800000,64316.8,64371.6,64242.6,64267.2,311.5002
1787126400000,64267.1,64483.4,64222.0,64388.1,394.7284
1787130000000,64388.0,64445.9,64328.4,64393.5,250.3238
1787133600000,64393.4,64438.4,64332.4,64424.1,129.1271
1787137200000,64424.2,64512.9,64410.0,64478.4,552.0749
1787140800000,64478.5,64965.1,64438.0,64852.8,1525.6147
1787144400000,64852.7,65188.0,64757.6,64981.7,2741.5616
1787148000000,64981.7,65944.9,64981.7,65890.9,3837.9074
1787151600000,65890.9,70385.7,65854.7,68524.8,8541.7338
1787155200000,68523.7,68990.0,68386.9,68434.4,1225.5245
1787158800000,68434.4,68564.6,67801.8,68168.5,1373.9216
1787162400000,68168.5,68423.8,68002.8,68364.2,794.9453
1787166000000,68364.2,68454.4,68076.9,68400.1,422.4696
1787169600000,68399.9,69565.2,68354.0,69028.0,1173.0284
1787173200000,69028.1,70043.3,68957.7,69690.8,1436.127
1787176800000,69690.7,69812.5,68961.0,69230.0,768.5011
1787180400000,69230.0,69428.9,69101.3,69307.2,267.1572
1787184000000,69307.2,69770.9,69287.1,69393.8,463.813
1787187600000,69394.2,69859.0,69248.3,69692.0,339.8994
1787191200000,69692.0,69798.3,69250.0,69284.6,483.3992
1787194800000,69283.5,69331.9,68883.6,69179.4,564.0082
1787198400000,69179.4,69581.0,69150.4,69476.1,279.1433
1787202000000,69476.0,69651.7,69344.4,69400.3,225.8891
1787205600000,69401.0,69898.5,69328.7,69831.1,513.7362
1787209200000,69831.1,69990.0,69481.2,69816.4,672.9711
1787212800000,69816.4,71789.9,69774.2,71558.5,3517.573
1787216400000,71558.4,72051.2,71460.8,71783.9,1310.704
1787220000000,71781.1,72461.1,71690.0,71971.3,1255.1151
1787223600000,71972.0,72296.7,71780.0,71891.4,818.062
1787227200000,71891.8,71973.1,71471.8,71921.8,888.9956
1787230800000,71921.7,72055.0,71150.0,71649.9,876.1766
1787234400000,71649.9,71950.0,71326.0,71790.5,466.6638
1787238000000,71790.5,72800.9,71755.1,72433.2,1622.7661
1787241600000,72432.2,72861.6,72173.3,72800.1,580.6008
1787245200000,72806.0,72933.0,72504.7,72705.0,545.2574
1787248800000,72701.0,72778.0,72354.4,72391.4,396.9162
1787252400000,72391.5,72739.6,72300.0,72610.1,230.045
1787256000000,72637.3,73030.4,72554.9,72636.9,490.4311
1787259600000,72636.9,72815.2,72517.6,72702.9,218.594
1787263200000,72703.0,72843.8,72456.0,72645.1,195.0251
1787266800000,72645.2,73362.8,72623.2,72996.2,6115.2557
1787270400000,72996.2,73959.0,72992.1,73674.8,1252.4188
1787274000000,73674.8,75760.6,73631.2,75101.8,2399.4871
1787277600000,75101.8,75172.0,74347.3,74411.7,963.473
1787281200000,74411.6,74849.8,74218.0,74484.3,534.9705
1787284800000,74484.4,75014.9,74484.4,74995.4,367.3685
1787288400000,74995.8,75463.7,74879.6,75437.9,751.8802
1787292000000,75438.0,75707.0,75069.0,75611.5,716.9271
1787295600000,75611.5,76881.8,75578.8,76323.5,2666.4531
1787299200000,76323.3,79542.6,76260.5,79276.5,3356.7978
1787302800000,79276.1,79365.0,77264.0,77901.9,2261.792
1787306400000,77901.9,78234.8,77607.6,77805.6,650.1959
1787310000000,77804.8,77844.1,76426.6,76752.3,1384.1862
1787313600000,76752.2,77481.0,76551.0,77226.1,712.3727
1787317200000,77228.1,77703.3,76250.0,77250.2,1278.8002
1787320800000,77250.0,77444.0,76542.3,77385.3,966.9454
1787324400000,77385.4,77864.4,77161.3,77222.7,602.7108
1787328000000,77221.9,77537.5,76789.3,77461.6,497.3381
1787331600000,77461.6,77700.9,77177.7,77377.9,384.4896
1787335200000,77378.4,77527.2,76617.2,77115.8,417.1186
1787338800000,77116.0,77325.2,76822.6,76993.5,254.7851
1787342400000,76993.5,77520.0,76833.0,77480.4,327.525
1787346000000,77480.6,78656.0,77332.9,78491.0,916.6366
1787349600000,78490.9,78744.0,78084.4,78436.7,574.0595
1787353200000,78438.5,78698.9,78102.3,78312.1,500.6856
1787356800000,78310.1,78480.0,77658.9,77921.9,554.1631
1787360400000,77922.5,78218.8,77787.8,77804.7,426.1499
1787364000000,77804.7,78543.1,77762.5,78468.8,285.9103
1787367600000,78468.7,78810.3,78346.8,78393.3,396.5617
1787371200000,78393.3,78798.7,78183.1,78454.1,362.4464
1787374800000,78452.8,78575.6,76533.5,77368.1,1245.7124
1787378400000,77368.3,77551.4,76977.6,77475.6,346.3044
1787382000000,77475.5,77650.0,77200.9,77280.4,299.8646
1787385600000,77282.3,77424.5,77016.0,77190.4,276.7998
1787389200000,77190.4,77374.3,76818.2,77048.2,342.2739
1787392800000,77048.2,77191.6,76517.8,76975.2,709.1741
1787396400000,76974.9,77220.6,76810.0,77131.9,246.3567
1787400000000,77131.9,77390.0,77080.0,77289.3,223.0829
1787403600000,77289.3,77373.3,77104.9,77287.5,231.9204
1787407200000,77287.5,77319.8,76929.2,77013.6,382.1598
1787410800000,77013.6,77110.4,76882.0,76987.0,279.7738
1787414400000,76987.0,77556.8,76966.5,77292.9,385.6572
1787418000000,77292.9,77380.8,77081.9,77283.1,265.3333
1787421600000,77283.1,77363.9,77138.2,77268.3,140.5551
1787425200000,77268.4,77476.3,77205.6,77415.2,78.6577
1787428800000,77415.2,77460.0,77264.9,77320.8,111.9767
1787432400000,77320.9,77320.9,76823.5,76858.0,313.5531
1787436000000,76858.0,77162.2,76777.0,77002.1,231.8519
1787439600000,77002.0,77141.6,76900.8,77077.9,101.4777
1787443200000,77077.6,77359.6,77056.4,77303.6,120.3497
1787446800000,77303.6,77400.0,77162.0,77192.4,97.8169
1787450400000,77192.5,77226.0,77018.5,77076.7,112.4359
1787454000000,77076.7,77154.2,76838.2,76945.8,188.0757
1787457600000,76946.0,77044.2,76496.3,76610.4,555.066
1787461200000,76610.3,76742.8,75588.0,76061.9,1162.637
1787464800000,76062.0,76363.3,75888.0,76105.5,334.6876
1787468400000,76105.5,76354.9,75919.3,76020.5,191.7595
1787472000000,76020.6,76648.7,75968.1,76487.1,349.9867
1787475600000,76487.3,76647.9,76470.6,76541.3,160.0627
1787479200000,76541.2,76930.9,76534.7,76778.8,400.1304
1787482800000,76778.8,77374.8,76730.0,77293.4,547.3219
1787486400000,77293.4,77299.5,77001.0,77196.4,247.407
1787490000000,77196.4,77767.8,77181.4,77463.9,610.9371
1787493600000,77463.9,77628.7,76793.9,77171.4,692.7586
1787497200000,77171.5,77310.0,76906.8,77126.8,469.2224
1787500800000,77126.9,77448.9,77126.8,77392.8,395.2638
1787504400000,77392.8,77421.0,77124.2,77163.3,334.6611
1787508000000,77163.3,77383.6,77080.0,77313.9,248.1109
1787511600000,77313.7,77450.0,77218.9,77310.5,166.4051
1787515200000,77310.5,77444.5,77168.7,77377.4,175.8631
1787518800000,77377.4,78023.0,77377.3,77815.2,744.7572
1787522400000,77815.2,77965.0,77539.4,77582.1,275.5058
1787526000000,77582.1,77799.0,77270.3,77717.6,421.5289
1787529600000,77717.5,77774.1,77135.0,77665.2,385.0302
1787533200000,77665.4,77709.7,76879.9,76893.2,483.3022
1787536800000,76893.0,77529.6,76856.5,77459.7,379.6193
1787540400000,77459.5,77512.5,76917.9,76926.8,252.3074
1787544000000,76926.8,77243.4,76666.0,76893.7,342.6885
1787547600000,76893.9,77223.9,76835.6,77137.7,363.705
1787551200000,77137.8,77517.2,77051.7,77454.0,389.6796
1787554800000,77454.1,77779.9,77268.5,77303.2,467.7694
1787558400000,77303.2,77398.9,76813.9,77030.8,560.7109
1787562000000,77030.7,77587.3,77010.3,77532.0,576.2465
1787565600000,77532.0,78006.0,77514.7,77606.2,1015.7811
1787569200000,77606.3,78589.1,77428.6,78419.9,1272.4412
1787572800000,78420.0,79295.4,77954.4,79138.2,1795.1075
1787576400000,79138.0,79384.3,77850.0,78559.1,1944.8891
1787580000000,78559.3,79800.0,78553.6,79474.0,2210.9405
1787583600000,79474.0,79953.0,78777.0,79060.1,1536.6569
1787587200000,79060.7,79825.5,78868.2,79017.3,1224.9291
1787590800000,79018.9,79160.6,78421.0,78721.5,1008.1075
1787594400000,78721.6,79044.0,78681.2,78895.9,382.7387
1787598000000,78896.0,79077.2,78555.1,78713.0,358.1042
1787601600000,78712.5,78958.3,78517.2,78896.6,189.3657
1787605200000,78898.1,79013.1,78816.8,78946.6,144.7533
1787608800000,78946.6,78957.0,78680.0,78699.8,143.6035
1787612400000,78700.0,78972.4,78583.8,78952.7,172.4618
1787616000000,78952.8,79850.0,78680.0,79704.5,740.4403
1787619600000,79704.6,79955.5,79443.1,79797.7,771.4153
1787623200000,79797.9,81263.0,79707.0,80630.5,1598.4759
1787626800000,80630.4,80932.0,80291.0,80453.5,412.1285
1787630400000,80453.6,80580.0,80127.0,80350.1,300.7547
1787634000000,80350.8,80789.6,80300.5,80707.0,518.8711
1787637600000,80707.0,80891.2,80380.4,80546.4,434.1987
1787641200000,80546.3,80787.4,79315.2,79670.2,955.7591
1787644800000,79670.0,80210.0,79575.3,79899.7,599.343
1787648400000,79898.0,79931.1,78850.0,79158.3,762.2297
1787652000000,79158.3,79447.3,78961.2,79275.2,471.3826
1787655600000,79275.1,79420.8,79004.7,79094.5,509.0363
1787659200000,79094.5,79147.0,78614.0,78946.3,957.5753
1787662800000,78946.4,79192.4,78094.3,78621.0,1707.3888
1787666400000,78621.4,79340.7,78506.0,79196.0,1097.8118
1787670000000,79199.7,79490.8,78977.8,79463.3,853.8225
1787673600000,79463.4,79533.2,79029.9,79116.5,595.8074
1787677200000,79116.6,79219.4,78729.0,79198.6,655.3569
1787680800000,79198.7,79309.3,79005.7,79084.3,301.3224
1787684400000,79084.3,79194.4,78685.5,78889.4,530.5524
1787688000000,78889.4,78939.3,78137.8,78162.6,873.5786
1787691600000,78162.6,78631.5,77831.0,78531.3,1087.1824
1787695200000,78531.3,78974.5,78531.1,78851.1,361.346
1787698800000,78851.0,78943.0,78355.5,78503.2,326.5706
1787702400000,78503.2,78677.6,78270.0,78596.4,412.1716
1787706000000,78594.7,78925.9,78568.5,78783.4,256.6861
1787709600000,78783.3,79207.8,78712.2,79071.9,332.7248
1787713200000,79071.9,79145.4,78855.6,79052.8,425.0304
1787716800000,79052.8,79157.5,78750.0,78793.0,220.5006
1787720400000,78793.0,79100.0,78601.0,79051.6,336.2905
1787724000000,79051.6,79185.0,78776.5,78907.1,213.1248
1787727600000,78907.1,79061.8,78825.0,78884.5,262.1128
1787731200000,78884.5,79091.3,78576.6,78674.1,408.9222
1787734800000,78674.1,78860.5,78203.7,78410.3,521.4357
1787738400000,78410.3,78841.5,78243.0,78685.7,389.7342
1787742000000,78685.7,78748.9,78272.2,78442.1,362.4428
1787745600000,78442.1,78662.5,77959.8,78279.2,919.3328
1787749200000,78279.2,78519.3,77880.0,78408.3,1087.7675
1787752800000,78408.3,78564.5,77705.8,77753.3,1111.8312
1787756400000,77753.3,78137.3,77602.5,77979.3,913.4321
1787760000000,77979.3,78130.1,77804.9,77959.5,577.8672
1787763600000,77959.5,78580.4,77946.0,78403.4,372.1629
1787767200000,78403.4,78616.9,78242.9,78437.5,306.8452
1787770800000,78437.5,78534.2,78246.1,78427.4,189.612
1787774400000,78427.4,78503.5,78153.7,78415.1,156.5992
1787778000000,78415.1,78804.0,78343.9,78686.8,314.1562
1787781600000,78686.8,78950.0,78516.6,78656.0,428.6398
1787785200000,78656.0,79135.0,78609.3,78990.2,342.6136
1787788800000,78990.2,78991.5,78653.7,78653.8,217.7971
1787792400000,78653.8,78987.2,78529.0,78865.8,289.49
1787796000000,78865.8,78948.3,78671.8,78692.4,357.9052
1787799600000,78692.4,78958.6,78604.6,78797.4,184.9999
1787803200000,78797.4,78865.0,78650.1,78741.0,120.4254
1787806800000,78741.0,78899.0,78562.4,78880.0,188.8818
1787810400000,78880.0,78880.0,78586.0,78803.1,124.3189
1787814000000,78803.1,79068.0,78715.5,79045.7,280.0611
1787817600000,79045.7,79990.0,79009.6,79720.0,1828.1898
1787821200000,79720.0,80490.0,79637.7,79959.0,1587.9747
1787824800000,79959.0,80127.9,79307.1,79595.0,911.6048
1787828400000,79595.0,79736.0,79154.7,79443.3,693.9125
1787832000000,79443.3,79566.0,79219.7,79243.5,402.1158
1787835600000,79243.5,79530.1,78888.0,79500.0,1584.4225
1787839200000,79500.0,80350.0,79312.2,80160.9,1704.552
1787842800000,80160.9,80755.0,80047.0,80264.4,1367.0605
1787846400000,80264.4,80590.0,80150.0,80328.4,433.33
1787850000000,80328.4,80803.8,80189.7,80405.0,1192.9199
1787853600000,80405.0,80413.1,79708.3,80120.3,739.1675
1787857200000,80120.3,80253.0,79858.4,79873.4,270.5692
1787860800000,79873.4,80089.7,79839.4,80065.3,154.0082
1787864400000,80065.3,80152.3,79936.0,80146.6,183.7857
1787868000000,80146.6,80398.0,80106.9,80264.3,212.5685
1787871600000,80264.3,80357.1,80094.1,80209.5,125.6181
1787875200000,80209.5,80674.2,80110.2,80537.0,294.3678
1787878800000,80537.0,81429.8,80405.0,80471.2,959.9777
1787882400000,80471.2,80481.9,79700.0,79886.7,661.7573
1787886000000,79886.7,80012.6,79735.1,79779.5,501.5008
1787889600000,79779.5,79938.2,79568.0,79610.2,672.1159
1787893200000,79610.2,79844.5,79533.0,79656.0,567.8884
1787896800000,79656.0,79966.0,79655.9,79862.6,264.8226
1787900400000,79862.6,79862.8,79552.8,79643.9,400.1781
1787904000000,79643.9,79809.8,79442.3,79484.4,665.6093
1787907600000,79484.4,79484.8,79239.2,79260.0,753.9134
1787911200000,79260.0,79533.5,78990.0,79533.3,852.6084
1787914800000,79533.3,79739.0,79496.7,79563.9,523.995
1787918400000,79563.9,79689.3,79269.8,79384.3,654.0112
1787922000000,79384.3,79509.1,78978.4,79311.4,977.7214
1787925600000,79311.4,79673.2,78400.0,79499.8,2399.3923
1787929200000,79499.8,79800.0,78277.5,78297.4,1326.87
1787932800000,78297.4,78371.7,76851.3,77759.9,2400.9634
1787936400000,77759.9,78088.5,77632.0,77876.1,460.3769
1787940000000,77876.1,77913.3,77237.3,77526.9,517.2036
1787943600000,77526.9,77769.5,77355.9,77542.9,210.1075
1787947200000,77542.9,77582.8,77280.0,77382.5,202.041
1787950800000,77382.5,77509.8,77221.1,77344.4,209.8803
1787954400000,77344.4,77740.6,77309.3,77732.2,169.6813
1787958000000,77732.2,77808.0,77605.0,77802.4,157.2561
1787961600000,77802.4,77917.4,77691.9,77700.9,212.3448
1787965200000,77700.9,77814.6,77603.5,77762.0,103.7378
1787968800000,77762.0,77795.3,77543.6,77637.8,108.886
1787972400000,77637.8,77698.5,77470.6,77475.7,141.238
1787976000000,77475.7,77648.3,77475.7,77615.8,114.9779
1787979600000,77615.8,77686.0,77571.3,77600.9,103.2102
1787983200000,77600.9,77601.1,77349.1,77432.9,201.904
1787986800000,77432.9,77634.7,77406.0,77582.9,168.7195
1787990400000,77582.9,77611.1,77440.0,77600.0,93.3335
1787994000000,77600.0,77723.2,77530.2,77615.1,89.1309
1787997600000,77615.1,77700.0,77480.9,77600.8,177.0579
1788001200000,77600.8,77712.0,77535.4,77557.4,149.2021
1788004800000,77557.4,77628.4,77476.1,77557.5,169.0808
1788008400000,77557.5,77693.6,77534.2,77667.7,221.2992
1788012000000,77667.7,78124.7,77623.6,77976.5,519.0414
1788015600000,77976.5,77984.0,77767.2,77823.0,198.1521
1788019200000,77823.0,78073.8,77817.0,77986.4,188.0631
1788022800000,77986.4,78070.0,77857.0,78069.2,267.9117
1788026400000,78069.2,78219.2,77979.0,78120.3,237.2661
1788030000000,78120.3,78303.1,78100.9,78152.4,176.0524
1788033600000,78152.4,78263.1,78073.4,78089.2,83.6723
1788037200000,78089.2,78167.1,78018.8,78128.7,146.0334
1788040800000,78128.7,78204.5,78049.5,78191.3,151.9343
1788044400000,78191.3,78246.5,78149.6,78204.4,134.2057
1788048000000,78204.4,78291.2,78116.7,78141.0,109.8615
1788051600000,78141.0,78155.8,77951.7,78047.0,200.0421
1788055200000,78047.0,78148.2,77974.7,78067.6,63.1287
1788058800000,78067.6,78201.9,78029.9,78101.9,96.8589
1788062400000,78101.9,78188.4,77951.5,78081.8,97.7976
1788066000000,78081.8,78187.1,78081.7,78103.7,86.7274
1788069600000,78103.7,78274.9,78083.7,78250.0,295.5529
1788073200000,78250.0,78264.9,78075.7,78080.3,92.9439
1788076800000,78080.3,78174.7,78000.0,78045.3,97.5637
1788080400000,78045.3,78115.9,77960.8,77970.5,125.9382
1788084000000,77970.5,78120.5,77932.2,78116.1,198.8067
1788087600000,78116.1,78207.9,78083.9,78138.5,99.983
1788091200000,78138.5,78818.1,78128.8,78751.8,885.55
1788094800000,78751.8,78933.7,78550.0,78817.4,472.0077
1788098400000,78817.4,78909.9,78684.7,78746.0,424.2349
1788102000000,78746.0,78868.2,78586.8,78789.4,205.0167
1788105600000,78789.4,79368.8,78706.7,79305.1,1240.9631
1788109200000,79305.1,79305.2,78737.9,78980.5,650.2068
1788112800000,78980.5,79143.4,78737.9,79005.5,505.4794
1788116400000,79005.5,79051.9,78685.2,78829.9,266.5995
1788120000000,78829.9,78901.3,78388.7,78559.1,567.8663
1788123600000,78559.1,78706.7,78216.0,78623.3,442.0895
1788127200000,78623.3,78775.5,78255.0,78393.4,379.4955
1788130800000,78393.4,78417.3,76951.7,77638.2,1206.0678
1788134400000,77638.2,78142.6,77400.0,77901.5,522.5567
1788138000000,77901.5,77966.2,77521.8,77609.5,332.5846
1788141600000,77609.5,77972.8,77351.0,77438.9,324.7066
1788145200000,77438.9,77835.7,77362.5,77720.9,320.4137
1788148800000,77720.9,77738.2,77428.6,77586.4,197.1177
1788152400000,77586.4,78128.2,77476.0,77990.2,321.6127
1788156000000,77990.2,78112.5,77828.0,78051.3,249.6246
1788159600000,78051.3,78284.0,78001.6,78167.5,338.0392
1788163200000,78167.5,78480.7,77951.6,78438.9,437.5723
1788166800000,78438.9,78766.3,78356.0,78482.4,512.1997
1788170400000,78482.4,78684.0,78282.1,78672.3,393.5759
1788174000000,78672.3,78672.3,78266.5,78283.8,440.1998
1788177600000,78283.8,78513.8,77689.1,77900.6,898.8832
1788181200000,77900.6,78252.9,77701.0,77831.1,1017.6846
1788184800000,77831.1,78655.4,77712.2,78545.1,1121.7348
1788188400000,78545.1,78752.2,78178.6,78544.6,771.6267
1788192000000,78544.6,78843.5,78482.9,78599.6,502.5333
1788195600000,78599.6,78973.5,78452.4,78863.6,767.8005
1788199200000,78863.6,79178.0,78739.9,78980.3,618.5088
1788202800000,78980.3,79223.3,78820.8,78864.6,301.7037
1788206400000,78864.6,79133.3,78742.4,78827.6,160.1508
1788210000000,78827.6,79039.1,78693.3,78924.0,222.2925
1788213600000,78924.0,79000.0,78542.5,78553.8,295.052
1788217200000,78553.8,78554.0,78357.6,78545.0,255.5867
1788220800000,78545.0,78865.6,78519.5,78614.2,190.0466
1788224400000,78614.2,78764.0,78330.8,78371.9,240.9283
1788228000000,78371.9,78434.0,78155.0,78420.2,341.8326
1788231600000,78420.2,78845.2,78367.1,78653.8,378.0222
1788235200000,78653.8,78902.8,78622.3,78700.0,197.4019
1788238800000,78700.0,79200.0,78699.8,79148.7,429.5961
1788242400000,79148.7,79148.7,78705.0,78705.2,257.1257
1788246000000,78705.2,78848.9,78465.4,78602.3,334.2426
1788249600000,78602.3,78624.3,77782.9,77847.3,1200.8247
1788253200000,77847.3,78018.6,77753.9,77875.5,523.7448
1788256800000,77875.5,78159.0,77722.0,77990.3,650.815
1788260400000,77990.3,78169.4,77845.3,78055.5,310.5355
1788264000000,78055.5,78121.7,77700.7,77963.8,480.3032
1788267600000,77963.8,78174.8,77435.7,78038.4,865.2058
1788271200000,78038.4,78389.3,78012.5,78136.8,814.3029
1788274800000,78136.8,78136.8,77686.0,77877.5,679.1741
1788278400000,77877.5,77940.0,77282.0,77558.5,867.5327
1788282000000,77558.5,77684.8,77213.3,77234.8,454.9657
1788285600000,77234.8,77336.2,76372.5,77119.6,1987.1324
1788289200000,77119.6,77429.0,77055.3,77279.6,488.9078
1788292800000,77279.6,77435.5,77197.0,77414.3,193.5762
1788296400000,77414.3,77490.2,76877.7,77176.0,424.154
1788300000000,77176.0,77341.9,76999.8,77237.9,207.0658
1788303600000,77237.9,77607.7,77178.1,77396.9,281.8798
1788307200000,77396.9,77483.2,77100.0,77184.2,171.0995
1788310800000,77184.2,77346.2,76682.3,76983.0,415.1303
1788314400000,76983.0,77317.9,76915.0,77298.9,359.543
1788318000000,77298.9,77766.9,77274.6,77530.7,537.6806
1788321600000,77530.7,77572.0,77258.6,77525.2,147.1747
1788325200000,77525.2,77730.0,77399.4,77619.9,215.1068
1788328800000,77619.9,77690.4,77421.0,77580.0,222.9836
1788332400000,77580.0,77731.5,77440.0,77442.8,166.8803
1788336000000,77442.8,77518.4,76709.0,76828.2,716.9445
1788339600000,76828.2,77026.6,76455.2,76720.0,755.1805
1788343200000,76720.0,76730.0,76239.4,76647.1,673.2329
1788346800000,76647.1,76809.4,76322.7,76795.4,681.2472
1788350400000,76795.4,77024.5,76574.2,76574.2,613.5574
1788354000000,76574.2,77413.4,76574.1,77111.5,916.8973
1788357600000,77111.5,77458.1,76973.6,77025.9,775.9628
1788361200000,77025.9,77352.0,76715.0,77255.7,1067.8789
1788364800000,77255.7,77546.4,77140.1,77140.1,529.1819
1788368400000,77140.1,77372.7,76917.0,77351.1,323.1611
1788372000000,77351.1,77475.9,77254.4,77341.7,192.8708
1788375600000,77341.7,77402.0,77083.2,77302.2,218.3559
1788379200000,77302.2,77489.7,77170.5,77365.2,189.086
1788382800000,77365.2,77396.8,77204.2,77250.4,134.4426
1788386400000,77250.4,77250.5,76983.0,76998.1,220.5062
1788390000000,76998.1,77333.0,76971.0,77300.2,128.5937
1788393600000,77300.2,77359.1,76946.9,77028.3,217.3961
1788397200000,77028.3,77516.2,76931.4,77320.0,425.658
1788400800000,77320.0,77876.6,77206.4,77778.3,941.9372
1788404400000,77778.3,77851.6,77599.2,77667.5,435.0605
1788408000000,77667.5,77790.0,77513.4,77746.0,363.1649
1788411600000,77746.0,77800.0,77068.3,77777.0,1080.3348
1788415200000,77777.0,77816.6,77652.9,77790.0,256.7757
1788418800000,77790.0,78145.3,77559.8,77628.0,839.8995
1788422400000,77628.0,78033.4,77628.0,77805.2,443.3267
1788426000000,77805.2,77939.0,77580.0,77580.2,482.6167
1788429600000,77580.2,77741.8,77441.6,77706.7,527.4571
1788433200000,77706.7,77971.7,77674.3,77903.8,622.2548
1788436800000,77903.8,78750.6,77851.3,78610.7,1929.1124
1788440400000,78610.7,78950.0,78413.5,78799.4,1320.7431
1788444000000,78799.4,80541.8,78661.1,80519.8,3186.7479
1788447600000,80519.8,81337.8,80322.1,81318.9,2101.4801
1788451200000,81318.9,81330.2,80586.0,80933.9,1224.7196
1788454800000,80933.9,81151.1,80849.4,81009.8,460.0414
1788458400000,81009.8,81298.6,80863.9,81223.9,519.2694
1788462000000,81223.9,81750.0,81131.0,81715.7,1399.4833
1788465600000,81715.7,81733.0,81336.5,81421.2,613.4353
1788469200000,81421.2,82264.7,81252.4,81548.4,1449.5859
1788472800000,81548.4,81574.4,80865.8,81105.2,845.0106
1788476400000,81105.2,81307.6,81036.2,81227.7,186.3016
1788480000000,81227.7,81398.0,80922.2,80932.5,428.1043
1788483600000,80932.5,81069.1,80734.0,80934.0,567.559
1788487200000,80934.0,80934.0,80639.1,80801.2,266.711
1788490800000,80801.2,80975.0,80765.2,80804.1,201.4773
1788494400000,80804.1,81250.1,80775.7,81036.7,369.7935
1788498000000,81036.7,81118.4,80816.7,80949.9,345.5505
1788501600000,80949.9,81056.2,80541.9,80769.9,578.8442
1788505200000,80769.9,80937.0,80613.4,80628.1,344.4999
1788508800000,80628.1,81200.0,80479.8,81112.1,884.1467
1788512400000,81112.1,81272.4,80891.2,81013.7,947.7167
1788516000000,81013.7,81153.2,80790.3,81150.2,628.1132
1788519600000,81150.2,81375.0,81041.1,81186.7,561.8623
1788523200000,81186.7,81318.5,79146.5,79423.9,2677.4717
1788526800000,79423.9,79675.0,78949.9,79345.5,1583.2885
1788530400000,79345.5,79536.7,78620.3,78872.3,1123.2253
1788534000000,78872.3,79509.5,78755.3,79382.4,769.3793
1788537600000,79382.4,79831.0,79322.0,79705.5,409.8884
1788541200000,79705.5,79715.3,79341.0,79427.2,443.7978
1788544800000,79427.2,79621.0,79427.1,79575.1,157.2485
1788548400000,79575.1,79768.2,79575.0,79748.0,647.6274
1788552000000,79748.0,79824.3,79623.3,79659.6,839.3884
1788555600000,79659.6,79780.3,79475.0,79585.3,204.2314
1788559200000,79585.3,79721.1,79581.0,79596.4,63.5346
1788562800000,79596.4,79720.8,79551.5,79622.3,144.8853
1788566400000,79622.3,79681.1,79517.6,79538.6,62.7034
1788570000000,79538.6,79673.8,79500.0,79500.0,124.0632
1788573600000,79500.0,79583.1,79435.0,79529.8,79.6765
1788577200000,79529.8,79600.0,79473.4,79545.6,55.9316
1788580800000,79545.6,79554.4,79459.6,79459.6,37.5109
1788584400000,79459.6,79570.0,79407.2,79539.2,124.3941
1788588000000,79539.2,79673.0,79535.4,79602.0,199.3975
1788591600000,79602.0,79722.7,79598.3,79670.9,186.4335
1788595200000,79670.9,79684.6,79525.0,79611.9,98.4016
1788598800000,79611.9,79695.7,79567.9,79592.4,56.0489
1788602400000,79592.4,79631.1,79550.6,79576.3,57.0761
1788606000000,79576.3,79645.1,79564.7,79573.2,69.6
1788609600000,79573.2,79731.6,79569.4,79664.0,97.7258
1788613200000,79664.0,79720.8,79505.8,79571.6,160.2299
1788616800000,79571.6,79715.4,79571.6,79671.9,85.066
1788620400000,79671.9,79768.6,79640.0,79758.9,183.5377
1788624000000,79758.9,80171.6,79683.7,80002.3,536.5073
1788627600000,80002.3,80116.2,79939.0,80028.7,269.4951
1788631200000,80028.7,80049.2,79890.4,79960.6,181.4797
1788634800000,79960.6,79960.7,79671.4,79712.3,226.2852
1788638400000,79712.3,79800.0,79647.0,79701.6,141.4447
1788642000000,79701.6,79899.5,79685.2,79869.2,100.711
1788645600000,79869.2,79899.0,79710.9,79753.5,79.4785
1788649200000,79753.5,79857.9,79676.9,79795.2,62.6822
1788652800000,79795.2,79906.7,79785.8,79834.1,95.4876
1788656400000,79834.1,80030.1,79834.1,79907.8,206.0547
1788660000000,79907.8,80000.0,79840.0,79871.0,115.0556
1788663600000,79871.0,80077.3,79840.0,79993.6,156.6913
1788667200000,79993.6,79994.0,79822.4,79824.6,117.5411
1788670800000,79824.6,80074.0,79758.7,79959.0,140.4324
1788674400000,79959.0,79959.1,79665.0,79737.2,170.4195
1788678000000,79737.2,79850.0,79535.1,79780.0,278.2472
1788681600000,79780.0,79860.9,79720.8,79808.4,139.0813
1788685200000,79808.4,79955.4,79748.0,79848.0,232.1195
1788688800000,79848.0,79984.8,79848.0,79960.4,150.3885
1788692400000,79960.4,79960.4,79852.9,79877.1,185.6741
1788696000000,79877.1,79978.0,79820.4,79882.8,119.752
1788699600000,79882.8,79936.0,79700.0,79795.0,214.814
1788703200000,79795.0,79811.3,79200.0,79504.2,689.7289
1788706800000,79504.2,79692.0,79336.8,79676.0,247.6912
1788710400000,79676.0,79748.7,79564.3,79650.0,159.1895
1788714000000,79650.0,79759.1,79543.9,79704.6,109.6939
1788717600000,79704.6,79933.1,79704.5,79910.6,248.6213
1788721200000,79910.6,79910.9,79762.1,79794.7,148.4458
1788724800000,79794.7,79936.4,79741.9,79875.0,157.0561
1788728400000,79875.0,79996.0,79828.9,79905.2,161.8334
1788732000000,79905.2,80060.0,79603.8,80008.6,281.1661
1788735600000,80008.6,80515.7,79965.1,80299.8,568.0253
1788739200000,80299.8,80422.0,80016.0,80119.4,299.1388
1788742800000,80119.4,80200.9,79791.1,79886.9,338.8241
1788746400000,79886.9,80394.7,79756.1,79837.1,337.7933
1788750000000,79837.1,79951.2,79534.0,79558.6,408.7999
1788753600000,79558.6,79695.1,79503.1,79690.0,302.8867
1788757200000,79690.0,79886.3,79628.9,79713.4,251.0031
1788760800000,79713.4,79787.9,79602.2,79628.9,117.3126
1788764400000,79628.9,79650.0,78960.0,79356.0,861.9271
1788768000000,79356.0,79496.5,79347.8,79395.3,302.2419
1788771600000,79395.3,79514.2,79254.9,79276.6,272.7137
1788775200000,79276.6,79416.8,79276.6,79325.3,117.0028
1788778800000,79325.3,79447.7,79239.0,79377.3,364.2216
1788782400000,79377.3,79595.0,79362.3,79564.1,273.6033
1788786000000,79564.1,79610.2,79271.1,79315.1,577.656
1788789600000,79315.1,79360.1,78920.8,79157.4,849.6714
1788793200000,79157.4,79157.5,78652.1,78787.2,886.1788
1788796800000,78787.2,79000.2,78713.2,78987.8,335.1339
1788800400000,78987.8,79188.4,78970.8,79154.9,229.7119
1788804000000,79154.9,79211.3,79048.3,79160.8,182.6389
1788807600000,79160.8,79372.0,79117.9,79325.8,208.6276
1788811200000,79325.8,79361.7,79132.7,79202.6,136.0919
1788814800000,79202.6,79244.1,79130.0,79130.2,51.5873
1788818400000,79130.2,79179.5,78750.3,78913.5,246.359
1788822000000,78913.5,79178.6,78891.8,79074.5,214.8335
1788825600000,79074.5,79277.6,78932.3,79276.8,149.0431
1788829200000,79276.8,79432.2,79227.6,79405.7,267.5713
1788832800000,79405.7,79453.3,78900.8,78900.8,274.813
1788836400000,78900.8,78975.0,78695.6,78876.4,280.4495
1788840000000,78876.4,78900.0,78645.0,78646.8,223.1958
1788843600000,78646.8,78848.0,78516.6,78548.3,425.8647
1788847200000,78548.3,78600.0,78224.3,78288.2,718.7619
1788850800000,78288.2,78566.5,78157.3,78439.5,739.5445
1788854400000,78439.5,78545.6,78249.9,78392.9,201.6443
1788858000000,78392.9,78768.9,78305.5,78722.8,893.2252
1788861600000,78722.8,78966.6,78528.1,78528.1,421.3643
1788865200000,78528.1,78543.1,78255.8,78393.9,392.374
1788868800000,78393.9,78449.2,78183.1,78419.8,542.3749
1788872400000,78419.8,78514.1,77611.7,77936.4,1901.3598
1788876000000,77936.4,78587.3,77826.1,78526.0,1034.8824
1788879600000,78526.0,78874.4,78416.2,78868.7,765.2938
1788883200000,78868.7,78931.0,78545.7,78701.9,994.9925
1788886800000,78701.9,78854.2,78462.4,78468.5,427.4936
1788890400000,78468.5,78782.7,78242.8,78402.6,500.9109
1788894000000,78402.6,78492.5,78280.2,78408.1,278.5853
1788897600000,78408.1,78587.6,78369.8,78449.4,252.629
1788901200000,78449.4,78586.4,78367.5,78459.1,84.523
1788904800000,78459.1,78616.6,78416.2,78525.7,64.1692
1788908400000,78525.7,78555.5,78370.8,78424.5,88.0237
1788912000000,78424.5,78760.0,78420.4,78743.5,281.5132
1788915600000,78743.5,78852.4,78600.0,78849.6,174.6743
1788919200000,78849.6,78888.0,78647.0,78687.5,269.9039
1788922800000,78687.5,78687.6,78514.2,78596.2,135.8101
1788926400000,78596.2,79186.9,78596.1,79136.1,417.5528
1788930000000,79136.1,79341.9,78802.5,78900.9,443.7284
1788933600000,78900.9,79257.5,78824.3,79124.2,243.0152
1788937200000,79124.2,79355.0,79116.4,79245.2,229.8083
1788940800000,79245.2,79737.7,79230.2,79661.1,542.3715
1788944400000,79661.1,79680.0,78860.0,78916.8,600.7483
1788948000000,78916.8,79150.3,78839.0,78880.9,511.5717
1788951600000,78880.9,79342.6,78707.0,79286.5,877.8645
1788955200000,79286.5,79624.9,79254.0,79569.1,605.0619
1788958800000,79569.1,79650.3,79067.9,79113.6,835.1941
1788962400000,79113.6,79393.3,78842.7,78933.5,1140.6878
1788966000000,78933.5,79360.7,78025.0,78570.4,2563.9901
1788969600000,78570.4,78897.5,78426.8,78768.1,486.8437
1788973200000,78768.1,78897.6,78635.1,78736.9,452.1046
1788976800000,78736.9,78758.1,78381.4,78388.0,253.477
1788980400000,78388.0,78555.8,78112.6,78197.2,511.2487
1788984000000,78197.2,78304.5,77915.7,78281.8,746.302
1788987600000,78281.8,78305.3,77952.7,78109.5,357.7447
1788991200000,78109.5,78162.8,77735.0,77884.7,898.7706
1788994800000,77884.7,78276.7,77879.9,78264.2,211.0395
1788998400000,78264.2,78340.8,78065.8,78134.3,249.8802
1789002000000,78134.3,78475.0,77910.8,78060.0,727.1451
1789005600000,78060.0,78340.0,77948.0,78323.4,620.6184
1789009200000,78323.4,78515.7,78245.0,78294.7,352.6433
1789012800000,78294.7,78410.6,78266.1,78372.0,92.1931
1789016400000,78372.0,78522.7,78244.0,78495.2,208.5411
1789020000000,78495.2,78499.8,78103.3,78390.9,441.0924
1789023600000,78390.9,78393.2,77870.4,78068.9,616.1715
1789027200000,78068.9,78140.0,77996.4,78074.3,200.1569
1789030800000,78074.3,78193.6,77891.4,77964.0,314.7173
1789034400000,77964.0,78020.4,77788.9,77833.0,389.3502
1789038000000,77833.0,78027.0,77681.2,77812.6,451.3306
1789041600000,77812.6,77926.4,76636.0,76859.9,3311.057
1789045200000,76859.9,77211.0,76700.0,77139.3,889.5257
1789048800000,77139.3,77396.0,76923.9,77379.8,782.7003
1789052400000,77379.8,77381.7,77056.4,77220.9,552.3234
1789056000000,77220.9,77281.9,76769.8,77171.4,810.4476
1789059600000,77171.4,77514.9,77067.4,77297.6,420.3924
1789063200000,77297.6,77316.5,76954.4,77222.7,276.8454
1789066800000,77222.7,77274.7,77046.0,77133.3,135.0051
1789070400000,77133.3,77319.5,77078.0,77236.3,178.8831
1789074000000,77236.3,77268.5,77079.9,77118.6,147.3215
1789077600000,77118.6,77185.4,76786.0,76795.0,315.3978
1789081200000,76795.0,76844.4,76437.1,76536.9,712.3613
1789084800000,76536.9,76900.3,76526.5,76880.7,214.7231
1789088400000,76880.7,76978.8,76635.4,76946.7,273.0479
1789092000000,76946.7,76987.2,76733.2,76813.4,165.5581
1789095600000,76813.4,76864.2,76670.0,76859.5,218.7297
1789099200000,76859.5,77161.7,76846.5,77073.1,209.3009
1789102800000,77073.1,77221.2,77029.3,77219.4,190.8647
1789106400000,77219.4,77401.9,77140.0,77265.3,395.5354
1789110000000,77265.3,77374.0,77157.3,77184.5,250.7337
1789113600000,77184.5,77464.8,77103.6,77324.6,302.2836
1789117200000,77324.6,77326.3,76820.6,77002.1,744.9401
1789120800000,77002.1,77131.3,76935.5,76962.3,227.9174
1789124400000,76962.3,77015.5,76722.0,77001.8,325.8248
1789128000000,77001.8,78104.5,76022.6,77990.0,2386.4734
1789131600000,77990.0,79300.0,77224.0,79211.1,2286.6546
1789135200000,79211.1,79868.4,78472.8,78760.6,1745.5896
1789138800000,78760.6,78802.1,77282.8,77689.0,1007.9152
1789142400000,77689.0,78030.0,77353.6,77876.1,703.0224
1789146000000,77876.1,77928.3,77455.0,77494.7,354.3567
1789149600000,77494.7,77508.1,76846.7,77018.9,614.8083
1789153200000,77018.9,77335.9,76965.5,77245.5,297.3767
1789156800000,77245.5,77440.7,77158.9,77298.5,152.1188
1789160400000,77298.5,77393.1,77045.0,77079.4,121.9377
1789164000000,77079.4,77199.6,76936.5,77106.0,194.3641
1789167600000,77106.0,77192.3,77082.0,77185.9,99.6436
1789171200000,77185.9,77288.0,77171.4,77258.1,56.796
1789174800000,77258.1,77340.0,77217.9,77234.4,96.3568
1789178400000,77234.4,77290.0,77176.5,77252.0,107.6511
1789182000000,77252.0,77311.3,77198.0,77240.4,49.8072
1789185600000,77240.4,77283.5,77186.2,77191.2,103.0557
1789189200000,77191.2,77222.0,77133.0,77179.0,107.8488
1789192800000,77179.0,77325.0,77172.3,77262.0,157.021
1789196400000,77262.0,77313.1,77222.1,77236.8,193.6941
1789200000000,77236.8,77335.2,77234.4,77323.1,117.9322
1789203600000,77323.1,77348.0,77290.4,77317.7,116.4601
1789207200000,77317.7,77363.0,77275.6,77295.9,85.2354
1789210800000,77295.9,77326.6,77255.4,77324.7,98.3363
1789214400000,77324.7,77334.3,77251.6,77299.8,69.6165
1789218000000,77299.8,77369.8,77224.8,77333.0,192.0232
1789221600000,77333.0,77473.4,77317.2,77427.2,251.8811
1789225200000,77427.2,77457.0,77336.2,77347.9,170.5098
1789228800000,77347.9,77386.3,77301.5,77326.7,87.0856
1789232400000,77326.7,77367.6,77142.2,77178.0,164.3674
1789236000000,77178.0,77203.3,77088.5,77112.7,112.4386
1789239600000,77112.7,77153.7,77028.0,77089.6,138.8615
1789243200000,77089.6,77186.4,77089.6,77131.6,114.8235
1789246800000,77131.6,77239.0,77116.0,77218.0,54.5141
1789250400000,77218.0,77254.4,77154.3,77196.0,57.8143
1789254000000,77196.0,77259.3,77196.0,77244.7,78.8253
1789257600000,77244.7,77270.2,77134.3,77242.0,73.2686
1789261200000,77242.0,77299.2,77209.7,77285.7,68.9107
1789264800000,77285.7,77285.8,77180.7,77261.2,45.2023
1789268400000,77261.2,77286.0,77156.5,77166.2,85.2408
1789272000000,77166.2,77231.4,77166.2,77181.0,64.8615
1789275600000,77181.0,77288.0,77180.9,77279.5,129.6437
1789279200000,77279.5,77292.4,77017.7,77085.0,215.2589
1789282800000,77085.0,77166.2,77055.7,77087.3,180.2582
1789286400000,77087.3,77140.0,76714.3,76773.2,502.5515
1789290000000,76773.2,76862.2,76536.0,76765.6,445.5927
1789293600000,76765.6,76783.4,76595.7,76637.5,165.1883
1789297200000,76637.5,76769.0,76486.2,76750.9,259.0226
1789300800000,76750.9,76825.0,76657.4,76724.4,157.3779
1789304400000,76724.4,76887.3,76518.6,76813.3,228.1391
1789308000000,76813.3,77221.3,76812.3,77172.9,349.1309
1789311600000,77172.9,77178.0,76982.3,77099.1,273.0741
1789315200000,77099.1,77333.3,77096.6,77253.1,349.6239
1789318800000,77253.1,77386.8,77200.0,77295.2,251.8493
1789322400000,77295.2,77352.6,77248.1,77311.8,96.2792
1789326000000,77311.8,77377.7,77190.6,77251.6,118.6308
1789329600000,77251.6,77344.0,77222.7,77308.4,76.1496
1789333200000,77308.4,77453.4,77271.8,77277.2,102.7542
1789336800000,77277.2,77277.2,76629.9,76682.9,538.6136
1789340400000,76682.9,76839.8,76594.8,76800.2,159.0582
1789344000000,76800.2,77048.2,76350.0,76770.0,432.5558
1789347600000,76770.0,77134.4,76606.5,77084.6,203.2855
1789351200000,77084.6,77687.2,76985.1,77578.6,660.5981
1789354800000,77578.6,77837.8,77464.4,77562.6,274.5908
1789358400000,77562.6,77672.2,77500.0,77645.0,135.6343
1789362000000,77645.0,77656.4,77452.1,77576.5,144.0329
1789365600000,77576.5,77863.8,77336.0,77555.4,391.742
1789369200000,77555.4,77852.9,77460.7,77852.8,200.7702
1789372800000,77852.8,77949.1,77618.7,77705.3,317.8173
1789376400000,77705.3,78339.8,77562.3,78100.0,538.8549
1789380000000,78100.0,78131.9,77860.1,77864.7,310.104
1789383600000,77864.7,77892.6,77651.5,77747.0,372.469
1789387200000,77747.0,78041.4,77575.1,77662.1,399.3011
1789390800000,77662.1,78445.7,77444.7,78141.8,1376.9042
1789394400000,78141.8,78666.0,78127.6,78482.0,869.7279
1789398000000,78482.0,78650.0,78262.5,78540.4,505.8291
1789401600000,78540.4,78876.2,78388.6,78729.1,611.2285
1789405200000,78729.1,79000.0,78675.0,78912.0,358.7274
1789408800000,78912.0,79288.0,78803.9,79186.2,643.4258
1789412400000,79186.2,79199.4,78920.0,78951.5,270.7398
1789416000000,78951.5,79569.5,78940.6,79067.7,551.8654
1789419600000,79067.7,79086.1,78709.4,78726.6,330.2708
1789423200000,78726.6,78819.4,78475.2,78517.7,221.869
1789426800000,78517.7,78536.2,78091.3,78157.1,271.8257
1789430400000,78157.1,78225.4,77907.2,77928.4,255.0642
1789434000000,77928.4,78034.9,77717.0,77882.7,296.9306
1789437600000,77882.7,77985.3,77752.8,77880.2,142.6292
1789441200000,77880.2,77880.2,77625.7,77636.2,235.2751
1789444800000,77636.2,77713.3,77509.9,77543.5,240.3288
1789448400000,77543.5,77635.6,77266.5,77590.6,510.7158
1789452000000,77590.6,77697.6,77150.7,77247.8,576.5643
1789455600000,77247.8,77283.3,76850.0,76891.1,591.3837
1789459200000,76891.1,76973.9,76668.7,76965.1,538.5607
1789462800000,76965.1,77030.9,76834.3,76946.4,241.3361
1789466400000,76946.4,77138.7,76838.9,77019.8,250.4225
1789470000000,77019.8,77189.3,76802.8,76892.5,296.9693
1789473600000,76892.5,77100.0,76820.4,76915.7,433.9554
1789477200000,76915.7,77096.2,76088.2,76585.8,1705.7676
1789480800000,76585.8,76660.4,75565.0,75906.7,2177.5294
1789484400000,75906.7,76567.1,75803.1,76474.4,761.2821
1789488000000,76474.4,76540.2,76234.2,76350.2,357.2609
1789491600000,76350.2,77303.2,76157.8,76930.4,979.5214
1789495200000,76930.4,77167.1,74911.6,75957.0,2661.146
1789498800000,75957.0,76299.5,75778.0,76147.5,498.1541
1789502400000,76147.5,76204.4,75575.0,75900.5,610.4566
1789506000000,75900.5,75928.4,75360.0,75415.2,311.687
1789509600000,75415.2,75714.7,75101.7,75634.3,382.6586
1789513200000,75634.3,75913.3,75528.8,75606.0,269.9481
1789516800000,75606.0,75880.0,75543.4,75733.2,143.1094
1789520400000,75733.2,75932.9,75430.1,75461.1,234.6775
1789524000000,75461.1,76073.2,75445.6,75850.2,276.5516
1789527600000,75850.2,76049.4,75731.4,75788.8,146.7747
1789531200000,75788.8,75991.7,75770.0,75827.1,90.8406
1789534800000,75827.1,75944.0,75637.4,75929.2,221.8194
1789538400000,75929.2,75999.0,75781.4,75998.3,276.7297
1789542000000,75998.3,76067.8,75691.9,75732.3,234.8079
1789545600000,75732.3,75732.3,75311.1,75702.2,512.0991
1789549200000,75702.2,75958.9,75692.1,75955.0,382.6189
1789552800000,75955.0,76008.8,75862.1,75944.7,220.5274
1789556400000,75944.7,76292.5,75840.0,76207.2,377.7246
1789560000000,76207.2,76264.3,75751.7,75932.0,440.2526
1789563600000,75932.0,75932.0,75555.0,75620.4,686.702
1789567200000,75620.4,75799.5,75391.0,75658.7,618.9192
1789570800000,75658.7,75929.2,75514.8,75753.2,497.2111
1789574400000,75753.2,75858.4,75616.2,75731.7,287.4427
1789578000000,75731.7,75897.5,75320.4,75681.8,515.3592
1789581600000,75681.8,76538.8,75025.3,75600.5,2511.367
1789585200000,75600.5,76151.0,75227.3,76045.9,724.214
1789588800000,76045.9,76398.8,75988.8,76144.1,298.9019
1789592400000,76144.1,76187.3,75888.0,75934.5,127.6423
1789596000000,75934.5,75956.2,75613.0,75647.8,151.5289
1789599600000,75647.8,76243.7,75610.0,76171.3,280.0732
1789603200000,76171.3,76470.1,76146.0,76300.0,248.8296
1789606800000,76300.0,76740.6,76181.2,76335.5,526.5559
1789610400000,76335.5,76450.0,76035.0,76345.0,286.9425
1789614000000,76345.0,76499.0,76340.0,76403.1,205.4426
1789617600000,76403.1,76562.4,76150.0,76504.1,292.0615
1789621200000,76504.1,76601.2,76272.5,76293.0,124.1098
1789624800000,76293.0,76561.3,76260.0,76445.1,187.8117
1789628400000,76445.1,76644.5,76386.9,76431.3,234.2103
1789632000000,76431.3,76561.7,76359.0,76541.4,155.1519
1789635600000,76541.4,76744.3,76432.4,76434.4,310.5052
1789639200000,76434.4,76441.2,76230.0,76373.8,315.1974
1789642800000,76373.8,76457.3,76137.2,76451.2,288.8466
1789646400000,76451.2,77134.2,76374.3,76700.0,927.6705
1789650000000,76700.0,76853.5,75980.6,76669.2,1299.1886
1789653600000,76669.2,76995.0,76360.0,76468.1,950.1798
1789657200000,76468.1,76834.5,76236.0,76745.8,862.7859
1789660800000,76745.8,76777.0,76496.6,76709.8,416.4708
1789664400000,76709.8,76912.7,76549.5,76638.1,510.881
1789668000000,76638.1,76755.1,76431.2,76536.1,397.4121
1789671600000,76536.1,76579.2,76522.3,76551.6,5.8936
